:1000000060D50020E1260000E1A80000CD26000018
:10001000CD260000CD260000CD260000CD26000014
:10002000000000000000000000000000B1270000F8
:10003000CD2600000000000075290000CD2600003C
:10004000F5290000F5290000F5290000F529000038
:10005000F5290000F5290000F5290000F529000028
:10006000F5290000F5290000F5290000F529000018
:10007000F5290000F5290000F5290000F529000008
:10008000F5290000F5290000F5290000F5290000F8
:10009000F5290000F5290000F5290000F5290000E8
:1000A000F5290000F5290000F5290000F5290000D8
:1000B000F5290000F5290000F5290000F5290000C8
:1000C000F5290000F5290000F5290000F5290000B8
:1000D000F5290000F5290000F5290000F5290000A8
:1000E000F5290000F5290000F5290000F529000098
:1000F000F5290000F5290000F5290000F529000088
:10010000F5290000F5290000F5290000F529000077
:10011000F5290000F5290000F5290000F529000067
:10012000F5290000F5290000F5290000F529000057
:10013000F5290000F5290000F5290000F529000047
:10014000F5290000F5290000F5290000F529000037
:10015000F5290000F5290000F5290000F529000027
:10016000F5290000F5290000F5290000F529000017
:10017000F5290000F5290000F5290000F529000007
:10018000F5290000F5290000F5290000F5290000F7
:10019000F5290000F5290000F5290000F5290000E7
:1001A000F5290000F5290000F5290000F5290000D7
:1001B000F5290000F5290000F5290000F5290000C7
:1001C000F5290000F5290000F5290000F5290000B7
:1001D000F5290000F5290000F5290000F5290000A7
:1001E000F5290000F5290000F5290000F529000097
:1001F000F5290000F5290000F5290000F529000087
:10020000F5290000F5290000F5290000F529000076
:10021000F5290000F5290000F5290000F529000066
:10022000F5290000F5290000F5290000F529000056
:10023000F5290000F5290000F5290000F529000046
:10024000F5290000F5290000F5290000F529000036
:10025000F5290000F5290000F5290000F529000026
:10026000F5290000F5290000F5290000F529000016
:10027000F5290000F5290000F5290000F529000006
:10028000F5290000F5290000F5290000F5290000F6
:10029000F5290000F5290000F5290000F5290000E6
:1002A000F5290000F5290000F5290000F5290000D6
:1002B000F5290000F5290000F5290000F5290000C6
:1002C000F5290000F5290000F5290000F5290000B6
:1002D000F5290000F5290000F5290000F5290000A6
:1002E000F5290000F5290000F5290000F529000096
:1002F000F5290000F5290000F5290000F529000086
:10030000F5290000F5290000F5290000F529000075
:10031000F5290000F5290000F5290000F529000065
:10032000F5290000F5290000F5290000F529000055
:10033000F5290000F5290000F5290000F529000045
:10034000F5290000F5290000F5290000F529000035
:10035000F5290000F5290000F5290000F529000025
:10036000F5290000F5290000F5290000F529000015
:10037000F5290000F5290000F5290000F529000005
:10038000F5290000F5290000F5290000F5290000F5
:10039000F5290000F5290000F5290000F5290000E5
:1003A000F5290000F5290000F5290000F5290000D5
:1003B000F5290000F5290000F5290000F5290000C5
:1003C000F5290000F5290000F5290000F5290000B5
:1003D000F5290000F5290000F5290000F5290000A5
:1003E000F5290000F5290000F5290000F529000095
:1003F000F5290000F5290000F5290000F529000085
:10040000F5290000F5290000F5290000F529000074
:10041000F5290000F5290000F5290000F529000064
:10042000F5290000F5290000F5290000F529000054
:10043000F5290000F5290000F5290000F529000044
:10044000F5290000F5290000F5290000F529000034
:10045000F5290000F5290000F5290000F529000024
:10046000F5290000F5290000F5290000F529000014
:0C047000F5290000F5290000F529000026
:10047C0053B94AB9002908BF00281CBF4FF0FF31FF
:10048C004FF0FF3000F00CB8ADF1080C6DE904CE64
:10049C0000F022F8DDF804E0DDE9022304B0704737
:1004AC00704700BF10F8012B11F8013B012A28BF3F
:1004BC009A42F7D0D01A7047034611F8012B03F873
:1004CC00012B002AF9D17047034613F8012B002A9F
:1004DC00FBD1181A013870472DE9F0478C468E462F
:1004EC00089E154604461946002B40F0D0807245F4
:1004FC0047D9B2FA82F74FB1C7F120030EFA07FCC5
:10050C00BD40BC4020FA03F343EA0C0C4FEA154EF5
:10051C00A8B2230CBCFBFEF80EFB18CC08FB00F9B0
:10052C0043EA0C43994528D9EB1808F1FF3204D261
:10053C00994502D9A8F102022B44A3EB0903A4B2FA
:10054C00B3FBFEFC0EFB1C330CFB00F044EA034433
:10055C00A04214D92C190CF1FF3304D2A04202D9B9
:10056C00ACF102032C44241A43EA02401EB1FC40B5
:10057C00002334607360BDE8F0874246DDE76346D4
:10058C00F1E7002A79D0B2FA82F3002B3FD019465A
:10059C00C1F1200302FA01F500FA01F42EFA03F27C
:1005AC000EFA01FE20FA03F3AFB243EA0E034FEA50
:1005BC00154EB2FBFEFC0EFB1C201A0C0CFB07F8B4
:1005CC0042EA004290455AD9AA180CF1FF3004D2E5
:1005DC00904502D9ACF102002A44A2EB08029BB26E
:1005EC00B2FBFEFC0EFB1C220CFB07F743EA02439A
:1005FC009F4246D9EB180CF1FF3204D29F4202D92C
:10060C00ACF102022B44DB1B42EA004202E0AEEBEF
:10061C00020301224FEA154EAFB2200CB3FBFEFCD5
:10062C000EFB1C330CFB07F840EA034398452AD910
:10063C00EB180CF1FF3004D2984502D9ACF1020052
:10064C002B44A3EB0803A4B2B3FBFEFC0EFB1C3340
:10065C000CFB07F744EA0344A74216D92C190CF1FA
:10066C00FF3304D2A74202D9ACF102032C44E41BA1
:10067C0043EA00400F46114678E71F2188E76046A1
:10068C00ABE76246BFE76046DBE76346EFE77345DF
:10069C0006D916B9002108466DE7C6E9000EF9E740
:1006AC00B3FA83F787B9734501D3824207D8841A0A
:1006BC006EEB030301209C461EB900215BE7384614
:1006CC00FAE7C6E9004CF8E7C7F1200CBB4000FA8A
:1006DC0007F422FA0CF520FA0CF1BA401D432EFA5D
:1006EC000CF30EFA07FE4FEA154941EA0E011FFA08
:1006FC0085FEB3FBF9F809FB18300B0C08FB0EFA5E
:10070C0043EA00439A4540D9EB1808F1FF3004D274
:10071C009A4502D9A8F102002B44A3EB0A0389B233
:10072C00B3FBF9F809FB183308FB0EFE41EA034151
:10073C008E452CD9691808F1FF3304D28E4502D9A5
:10074C00A8F10203294443EA0040A1EB0E01A0FBEF
:10075C0002984145CE46434602D306D14C4504D2BD
:10076C000138B9EB020E68EB0503002EA5D0B4EBF3
:10077C000E0261EB030101FA0CFC22FA07F3F940BB
:10078C004CEA0303C6E9003197E74046C5E7434608
:10079C00D9E70000002313B515496846CDE90033AD
:1007AC0002F0AEFD1249024620B1124809F04CFE8F
:1007BC0002B010BD104809F047FE104C68460F49B6
:1007CC0002F016FE80B9637873B12378012B04D143
:1007DC000B490C4809F038FEF0E7D4F8042108491D
:1007EC00094809F031FEE9E7684602F07FFEDFE7D1
:1007FC002EF0000033F0000055F00000B806002089
:10080C00B90600206AF000007EF0000030B52D48DB
:10081C00D7B009F019FE01242B4D402123462B4A59
:10082C0004A809F0F5FA14A904A802F0D7FE10B92F
:10083C000134AC42F1D10023122204A901A8CDE964
:10084C0001338DF80C3002F037FC60B1204A21489E
:10085C00136804A90133136009F0F6FD1E4809F072
:10086C00F3FD57B030BD05221C4901A802F004FD70
:10087C00044601A802F022FD01A802F0B7FC052CE9
:10088C0013D1174A04A91368164801331360224682
:10089C0009F0DAFD104809F0D7FD2F22124804A9FF
:1008AC000DF02CF9FFF776FFDBE7094A0F481368C8
:1008BC0004A901331360224609F0C6FD064809F06D
:1008CC00C3FDEFE79EF00000A1860100D9F0000007
:1008DC00C0070020E9F000008CFA0000FCF00000DA
:1008EC00C407002002F10000223000202AF1000091
:1008FC0000B54B48C3B009F0A7FD4A4802F01CFEF6
:10090C00002860D1484A47491368484801331360AE
:10091C0009F09AFD464809F097FD464802F00CFE96
:10092C00002857D1404A43491368404801331360AB
:10093C0009F08AFD3E4809F087FD6946394802F006
:10094C004DFE00284DD0384A364913683A480133D9
:10095C00136009F079FD364809F076FD6946354893
:10096C0002F03CFE002843D02F4A3249136832482B
:10097C000133136009F068FD2D4809F065FD2F481F
:10098C0002F0B4FF00283AD1274A2D4813680133EE
:10099C00136009F059FD264809F056FD274802F06E
:1009AC00DDFE002831D1204A26481368013313603C
:1009BC0009F04AFD1E4809F047FD204802F096FF59
:1009CC0043B05DF804FB204A164913681F480133F5
:1009DC0013609DE71C4A174913681C4801331360C8
:1009EC00A6E7194A0F491368194801331360B0E799
:1009FC00154A10491368164801331360BAE7124AB6
:100A0C001448136801331360C3E70F4A1248136884
:100A1C000133136009F018FD054809F015FDCFE707
:100A2C0052F1000086F10000C407002096F100008E
:100A3C008CFA0000BCF10000CBF10000F0000020AB
:100A4C0007F2000029F20000C0070020A9F1000005
:100A5C00E9F1000018F200003AF200002DE9F04F25
:100A6C0089B0002142F29F400CF0D4FC7B4809F085
:100A7C00EBFC7B4809F0E8FC7A4809F0E5FC7A4885
:100A8C0009F0E2FC764809F0DFFC00240022062184
:100A9C00764801F0E1F9002859D11CB17448610085
:100AAC0009F0D2FC0025734C7348CDE9035509F0CD
:100ABC00CBFC236871480133236009F0C5FC6748FF
:100ACC0009F0C2FC0121694803AA01F0C5F900280C
:100ADC0057D06B4A6B4813680133136009F0B4FCB0
:100AEC005E4809F0B1FC0221604804AA01F0B4F997
:100AFC00002859D0624A644813680133136009F026
:100B0C00A3FC564809F0A0FC604809F09DFC604825
:100B1C0002F024FE024600286CD123685D490133A3
:100B2C005D48236009F090FC4C4809F08DFC04A949
:100B3C00584802F0C5FD0146002800F0D580504A07
:100B4C00564813680133136009F07EFCF0E0002274
:100B5C000721464801F080F944B9514809F074FC6A
:100B6C00504809F071FC504809F06EFC01344F48B4
:100B7C00610009F069FC00214FF224400CF04AFCA2
:100B8C0084E7039951B1236849480133236009F084
:100B9C005BFC324809F058FC0125A4E7384A45486B
:100BAC00136801331360F2E70499B1F5007F1BD190
:100BBC00236841480133236009F046FC274809F0BB
:100BCC0043FC002DA0D0DDE90301A0FB01010023B3
:100BDC003A4A050D45EA0135FFF74AFC2A4601461B
:100BEC00374809F031FC8FE7254A36481368013342
:100BFC001360E1E7224934480B6801330B60254947
:100C0C0009F022FC154809F01FFC304809F01CFCC7
:100C1C001B4D2F4809F018FC2A6821682D4809F053
:100C2C0013FC2B68002B40F087822368002B40F3C9
:100C3C008382294809F008FC094809F005FC274C77
:100C4C00002127480CF0E6FB2378002B00F076827D
:100C5C002146244809F0F8FBF2E700BF8CFA0000AB
:100C6C000EF900004BF2000073F200007BF3000061
:100C7C007EF30000C4070020A7F30000D4F30000AB
:100C8C00C007002007F4000058F40000DBF400005B
:100C9C00F00000202EF00000FDF40000FFF5000035
:100CAC00A7F20000D6F2000029F3000060F3000068
:100CBC0022F400003DF4000072F4000040420F00EA
:100CCC00B2F4000092F4000019F5000035F50000B4
:100CDC000DF9000048F900006EF9000022300020E8
:100CEC00366E0100D0F90000DDE90565A5FB06852F
:100CFC0007980023A0FB06764D4A29464046FFF78D
:100D0C00B7FB01464B4809F09FFB0023484A384685
:100D1C003146FFF7ADFB0146474809F095FB58EA11
:100D2C0005057FD0236845480133236009F08CFB0F
:100D3C00434809F089FBFFF72DFDFFF767FD41489C
:100D4C0009F082FB002352223F4904A8CDE9043369
:100D5C008DF8183002F0B0F9002840F08980236833
:100D6C00394901333948236009F06EFB344809F0E6
:100D7C006BFB3749832204A802F07EFA83280146D4
:100D8C0040F06281236833480133236009F05CFB37
:100D9C002B4809F059FB04A802F028FA0023012281
:100DAC00294904A8CDE904338DF8183002F084F9F0
:100DBC000546002840F04E8123682349013326481C
:100DCC00236009F041FB1E4809F03EFB29464FF415
:100DDC00805222480CF05BFE4FF480521F4904A84D
:100DEC0002F028FA054604A802F000FA832D40F020
:100DFC0038812368294601331948236009F024FB04
:100E0C000F4809F021FB2A46114914480CF047FE03
:100E1C00002840F03181236812480133236009F027
:100E2C0013FB2DE0104A11481368013313607DE762
:100E3C0040420F0069F5000086F50000A3F50000A4
:100E4C008CFA000019F6000086F100004CF6000048
:100E5C00A90C010082F60000B2F60000221000205E
:100E6C00EAF6000022F70000C0070020D1F50000D0
:100E7C00B44AB5491368B5480133136009F0E4FA74
:100E8C00B34809F0E1FA8021B24809F0DDFA0023F9
:100E9C005222B14904A8CDE904338DF8183002F080
:100EAC000BF90546002840F0ED802368AA49013370
:100EBC00AA48236009F0C8FAA54809F0C5FA09F058
:100ECC0014FA80468A460022A549C2EB421303EB72
:100EDC00D2030132B2F5805F01F8013BF5D1A04994
:100EEC0004A802F0C9F9B0F5805F00F0D980954AEA
:100EFC00294613689B480133136009F0A5FA9448FE
:100F0C0009F0A2FA4FF0000904A802F0D7F909F091
:100F1C00ECF9064604A80F4602F068F9B9F1000F87
:100F2C0025D0B6EB080667EB0A07012E77F1000314
:100F3C00C0F2BF804FF47A70A5FB0001800A40EA32
:100F4C00815032463B460021FFF792FAB5F5003F3F
:100F5C0040F0B180236832460133236029463B467A
:100F6C000090814809F070FA794809F06DFA002375
:100F7C000122794904A8CDE904338DF8183002F028
:100F8C009BF80546002840F0A08023687249013385
:100F9C007648236009F058FA6D4809F055FA09F0C3
:100FAC00A4F92E4682468B464FF48052704904A811
:100FBC0002F040F9B0F5805F00F08E80614A314656
:100FCC0013686C480133136009F03EFA604809F06D
:100FDC003BFA4FF0000909F088F9074604A8884647
:100FEC0002F004F9B9F1000F57D0B7EB0A0768EB20
:100FFC000B08012F78F10003C0F289804FF47A704E
:10100C00A6FB0001800A40EA81503A464346002183
:10101C00FFF72EFAB6F5003FDFF8289179D1236857
:10102C003A4601332360314643460090524809F05A
:10103C000BFA474809F008FA002D75D12368802176
:10104C0001334E48236023E03E4A4D481368013378
:10105C0013609BE63B4A3C4913684A4801331360D2
:10106C000CE7384A4848136829460133136009F0E5
:10107C00EBF9374809F0E8F9324A44481368013370
:10108C001360CCE62F4A344913683048013313609F
:10109C0009F0DAF92E4809F0D7F9FFF729FCB7E582
:1010AC0005F58055B5F5003F7FF40DAF4FF0010904
:1010BC002AE700204AE7234A2946136801331360C4
:1010CC00009032463B4632484CE71E4A2249136890
:1010DC002C4801331360DBE700222149C2EB421399
:1010EC0003EBD2030132B2F5805F01F8013BF5D17D
:1010FC001B491F480CF0D3FC06F58056002818BF7E
:10110C0045F00105B6F5003F7FF44EAF63E70020D4
:10111C0080E7D9F800303A460133C9F8003031463F
:10112C00009043461B4882E7D9F8003080210133F8
:10113C001948C9F80030ABE718487BE5184809F0A6
:10114C0083F97DE5C007002086F1000067F60000FA
:10115C008CFA000070F70000BCF100004CF60000A7
:10116C0022200020A8F70000CBF70000B2F6000008
:10117C00221000202BF800004DF80000ABF8000006
:10118C009AF60000CEF6000006F7000049F70000C2
:10119C00FBF700007CF80000DCF800009FF9000071
:1011AC0000FA00002DE9F04F91B0009302F0040317
:1011BC000293C2F3C2030133840705460E46DDF8E1
:1011CC0068A00392059340F09C81041D002849D12E
:1011DC0001F00706341DC6F10806009B00274FF0EE
:1011EC0004085A1E4FF0FF33B9460193BB464346E1
:1011FC0004970DB1009921600598002800F3D68062
:10120C008F480099814203D38E488142C0F0CE8032
:10121C000399601B11F0020C40F0D680B9F10F0F4E
:10122C0000F2CF80002D00F0D68009F140010DEBCB
:10123C00010E0199C0F387000EF8200C0EF8101C5B
:10124C00BCF1000F00F0C38060F07F000EF8200CA2
:10125C00013709F10109C5F108014FF6DA7E0434B2
:10126C0006918CE00729B8D86FF01B0011B0BDE8CF
:10127C00F08F7A285BD84B280FD8472857D82928C5
:10128C002ED8252850D052D8202818BF23280CBF80
:10129C004FF0010B4FF0000B71E04C382E2846D864
:1012AC00DFE800F06D454545454545454545454517
:1012BC004845454545454545455645484856565685
:1012CC006D486A456D4518481845457F7C4845452D
:1012DC0048457C0000204FF0000B4FF0040835E02F
:1012EC0001212A38C0B201FA00F010EA0E0F46D1E3
:1012FC0010F0625C2CD110EA010B40D06046013C2E
:10130C004444B4FBF8F408FB04F425B1A3EB050C3E
:10131C00A444B445A8D8002870D00599013905918A
:10132C005AF8041B009164E70199013901914FF0BF
:10133C00000B24E012F8010C6C2834D1002012F8B8
:10134C00023C83466C2BC8D14FF008084346D6E7C5
:10135C000AF1070A2AF0070A073424F00704FAE80E
:10136C0002BC35B106982044B0423FF67DAFC4E9CB
:10137C0000BC4FF0000B08344FF00808434612F83D
:10138C00010F002853D0BBF1000F7FF472AF25285A
:10139C00F5D14FF0010B019B013301934FF0040881
:1013AC00ECE7584697E700208346A8E7039988079F
:1013BC007FF551AF4FF0010C601BB0F5007FFFF4CF
:1013CC002DAF6FF0150051E74FF0000CF5E70498C6
:1013DC00013004903DE7BCF1000F01D0013638E735
:1013EC000298023600287FF434AF0098CDE906321B
:1013FC00FFF76AF8DDE9063206442AE7042B08D128
:10140C000AF1040015B1DAF80010216082460434A8
:10141C00B5E70AF1070323F0070303F1080A1DB12E
:10142C00D3E90001C4E9000108230834A7E7631BD2
:10143C00B3F5806FC5D23DB9A6F10804E01815E7E5
:10144C000CDC0000F80F0100029A9B0828602B703E
:10145C009DF81030AAB1EB70AF702FB1002208A824
:10146C00C5F1010C91450ED14FF0000AC5F10103F5
:10147C000DF1200801930DF1300BD14512D1601BF9
:10148C00F4E66B70E8E710F8013B190608D50CEB95
:10149C00040EB64503F07F033FF6E6AE04F8013BBD
:1014AC000132DFE71FB198F90020002A17DB029BFD
:1014BC00D3B11AF80B2004F8012B0022019B181948
:1014CC001044B0423FF6D0AE98F80000009904F8F2
:1014DC00010B204603920CF0CDFA039A14440AF146
:1014EC00010A08F10108C8E798F8002055F82230E5
:1014FC000093029B009845F82230FEF7E5FF421C52
:10150C00DCE76FF00D00B1E6014B1860704700BFCF
:10151C001401002080B505460E461746984607F084
:10152C002DFB034601F072FA0446DFF81890424690
:10153C0049F8003039463046A84754F8090001F004
:10154C00FDF900BF080000002DE9F047058B0446AB
:10155C00280717460CD501290CBF45F0100545F09E
:10156C002005258387F31188BFF36F8FBDE8F087C3
:10157C00022905F0070540F09480204608F071FF21
:10158C00052864D801A353F820F000BF71150000A2
:10159C00AF1600005B1600001D1600003716000089
:1015AC004916000001F007035A1F012A1FD8002218
:1015BC0021F00701062BD4F8008089B2C4E900227F
:1015CC0009D1434603E0628B013262831B68002B16
:1015DC00F9D141F002012046218308F042FF4FF07F
:1015EC00000900286DD041F02001218369E0042B13
:1015FC000AD121F0070189B22046218308F031FF7E
:10160C0010B141F0200121834FF00008C14658E091
:10161C002369D3F80090238B23F0070343F00603D0
:10162C004FF00008238346464BE02369D3F804901F
:10163C00238B23F0070343F00403F1E72369D3F86A
:10164C000890238B23F0070343F00503E8E74FF0E2
:10165C000008C146E7E7012243F00803238387F320
:10166C001188BFF36F8F002A3BD1B8F1000F4AD11C
:10167C00B9F1000F02D020462C49C847EFF311876F
:10168C00202383F31288BFF36F8F238B23F008037F
:10169C009BB22383D9063FD523F01002228303F09B
:1016AC0007056669218B002EBFF67CAF0023994697
:1016BC00D4F8008021F00701C4E9003341F00101A6
:1016CC002183238B03F0070AAA4502D0A268002AC3
:1016DC00C1D1B8F1000F02D1B9F1000FDAD000225C
:1016EC00BAE7A1680029C0D00D680029BDD03346E7
:1016FC00524620464F68B8471DB12B6829461D46F7
:10170C00F3E72B46FAE74146334652462046D8F8D3
:10171C00008008F0D2FEA8E79A067FF523AF23F0ED
:10172C002002228303F0070527E700BFF3A4000083
:10173C002DE9F84F814632480F4608F062FF064605
:10174C0000284FD0BDE8F88F237B8BB12368DB6872
:10175C000BB120469847636883F806A023681B6981
:10176C00002B37D1636804222046196808F06AFF01
:10177C00013610345C45E7D3B9F1000FE2D04FF0DD
:10178C00010A002DDED0A94695FAA5F4B4FA84F42A
:10179C000AFA04F3260108EB04146FEA030B25EA9A
:1017AC000305237B63B158F806301B6913BB464411
:1017BC00736804222046196809EA0B0908F042FFF5
:1017CC00002DE1D127B140F2391000210BF022FE9F
:1017DC004D46D6E7204698470028C3D00AFA06F3B0
:1017EC001D43C5E7074C0546A0464FF0010ADFF83C
:1017FC0018B0BFE7204698470028E1D1D7E700BFD3
:10180C00040A002084E8000094E80000014B53F81F
:10181C0020007047D8E8000008B5034608462BB1F5
:10182C00044A136000F048FA002008BD6FF0150060
:10183C00FBE700BF1801002000230C4A10B5137001
:10184C000B4A0C4913600C4A0C481360FFF7E4FF79
:10185C000B4B0C4918468B4200D310BD1A1A5C680E
:10186C001211013222711033F5E700BF5230002003
:10187C00FC09002040420F00000A00200BA60000CB
:10188C0084E8000094E8000070B50B4D297841B94C
:10189C000120FFF74DFF094C094EB44202D301233E
:1018AC002B7070BD63685B791BB1236820469B6805
:1018BC0098471034F1E700BF5230002084E8000054
:1018CC0094E8000010B50446064808F09AFE3CB1B6
:1018DC00054BD3E8EF1F0139C3E8E21F002AF8D10A
:1018EC0010BD00BFFC090020000A002070B50A4B97
:1018FC0005461B689847094C094EA860B44200D3B2
:10190C0070BD63685B7923B12368294620461B6848
:10191C0098471034F2E700BF1801002084E800005B
:10192C0094E80000044A054B9B1AB1EBD30F34BF6B
:10193C0052F8310000207047D4E7000084E8000022
:10194C002DE9F04F87B004AF0546D7E90EBA8846AB
:10195C00144699463E6BBBF1000F1ED0C7F804A08D
:10196C00CDF800A010215B4600207A6BFFF71AFC23
:10197C00B0F5006F014612D340F2FF7303931A4B7C
:10198C0002220293002319491846CDE9003308F0CE
:10199C007BFE0C37BD46BDE8F08F5946584604F027
:1019AC00070205F00704E40044EA821444EA4024E8
:1019BC0044EA065417360E4426F00706ADEB060D26
:1019CC0004ADBBF1000F07D0CDF800A05B467A6BDD
:1019DC0005F11000FFF7E6FB4B4622464146284630
:1019EC0008F039FED5E700BF53FA00000CE8000000
:1019FC00406820B1034BC01A40F3CF0070474FF042
:101A0C00FF307047D4E700000EB403B503AB53F8B6
:101A1C00042B01460448019301F03AFA02B05DF838
:101A2C0004EB03B0704700BFD1A60000CA0605D472
:101A3C008B064CBF02490349FFF7E6BF704700BF56
:101A4C008CFA00008BFA00002DE9F04F87B09DF85E
:101A5C00489004460D469846DDF850A0169F049217
:101A6C00B9F1000F00F0B08007F48073059308F013
:101A7C00E7FD07F0020B0246002874D020467A4995
:101A8C00FFF7C2FF0646BBF1000F08D017F0440F5A
:101A9C006BD12A4620467549FFF7B6FF064407F07E
:101AAC00010353B1724B204653F82920714B7249F4
:101ABC00002A08BF1A46FFF7A7FF07F48073002B14
:101ACC0007F0080318BF4FF00008002B79D06B4BC0
:101ADC00204653F829206A49FFF796FF0546049BD8
:101AEC002BB11A4620466749FFF78EFF0544B8F123
:101AFC00000F05D0424620466349FFF785FF054499
:101B0C0062483544139B1BB12246614908F069FCBD
:101B1C00159B002B00F08D80DDF854803946B8F110
:101B2C00100F204628BF4FF010080026FFF77EFF4D
:101B3C00B5424FDC0026334620461AF8032055499F
:101B4C00FFF762FF0136102E4AD0710703D12046F1
:101B5C005149FFF759FFB0453346EDD820464F4960
:101B6C00FFF752FFEEE706468DE74D4B186800284D
:101B7C0094D04C4B4FF47A7B1B684FF03C0CB5FB6C
:101B8C00F3F5B5FBF0F14FF4616300FB11550BFB62
:101B9C0005F5B1FBF3F2B5FBF0FE03FB121100FBF4
:101BAC001E55B1FBFCF30BFB05F5B5FBF0F50CFB7F
:101BBC00131120460091CDE901E53B49FFF724FFC5
:101BCC006CE707F008058AE7012B4D460CBF2F4840
:101BDC00364897E720463049FFF716FF0136A7E74E
:101BEC00002620463249FFF70FFF33461AF8032030
:101BFC002046A2F120035F2B28BF2E222D49FFF790
:101C0C0003FF0136102E0DD0720703D12046224956
:101C1C00FFF7FAFEB0453346E8D820461E49FFF7D9
:101C2C00F3FEEEE7159BC244B3EB080315937FF468
:101C3C0073AFB9F1000F0AD0FB0704D520460D4A4B
:101C4C000D49FFF7E1FE39462046FFF7EFFE6268CB
:101C5C00A168D2E90023206808F026FD0022636801
:101C6C001A6007B0BDE8F08F93FA000097FA0000F5
:101C7C00E8E800008EFA0000F9F00000FCE8000033
:101C8C00BCFA0000C2FA0000C6FA0000D1A600009F
:101C9C009D2E0000CBFA0000B90B0100B70B010020
:101CAC000C0A0020080A0020A0FA0000EDA6000093
:101CBC00D1FA0000D3FA000000210123064A904219
:101CCC0006D8064A01B901231360054B186070470A
:101CDC00012140085B00F2E740420F00080A002097
:101CEC000C0A00202DE9F34143680DF107011C6833
:101CFC001048656808F053FD30B99DF807100129AC
:101D0C0002D10C4800F030F801232B7525682F68A0
:101D1C00D5E90136D3E9004824B96B681C6002B0E0
:101D2C00BDE8F081214630464246B847241A0644A5
:101D3C00F2E700BF9CDD0000F8B50D460446064FE7
:101D4C004618B44201D12846F8BD14F8011BBB68F3
:101D5C0001485B689847F4E79CDD0000014B036089
:101D6C000020704744E9000070B5C4690D469CB36F
:101D7C001E4A2379565CB34231D01D4A525C9A42BA
:101D8C0030D1A3689847002810DA022D0CD0032D0F
:101D9C000BD110F1860F07D0D4E8EF3F43F00203CC
:101DAC00C4E8E23F002AF6E7267170BD022D2671C9
:101DBC0001D00020F9E7D4E8EF3F23F00403C4E896
:101DCC00E23F002AF7D1D4E8EF3F23F00203C4E846
:101DDC00E23F002AEDD0F6E76FF05700E5E76FF031
:101DEC007700E2E76FF08500DFE700BF310D0100FF
:101DFC002D0D01002DE9F8430646FEF765FB05465F
:101E0C00EFF31188202383F31288BFF36F8F114BEC
:101E1C001C68D3F804909C4208BF002434B988F3A2
:101E2C001188BFF36F8F2046BDE8F883A76838464A
:101E3C00FEF74AFBA84206D12A46394630460BF03B
:101E4C004BFE0028EBD04C4501D02468E6E700247B
:101E5C00E5E700BF24010020F0B585B00E4615461D
:101E6C00FFF7C8FF044658B3C3684BB35F693FB371
:101E7C00062E08D0072E26D02A4631463B4605B002
:101E8C00BDE8F0401847838A3BB92A463146B8472B
:101E9C0050B9A38A0133A38206E04FF6FF72934236
:101EAC0004D00133A382002005B0F0BD154B0122F4
:101EBC0002930023CDE900331846134908F0A7FC20
:101ECC006FF01500F0E745B12A7832B1002282821A
:101EDC0031462A465B699847E5E7A38A012B08D16E
:101EEC002A4607212046B8470028DDD1A38A013BAA
:101EFC00D1E70BB1013BD5E7044A0093CDE90132A0
:101F0C000222D9E72BFB0000F4E700004DFB000098
:101F1C001FB5044608B1806868B9134B02930023BF
:101F2C0001221846CDE90033104908F070FC6FF01F
:101F3C00150004B010BDFFF75DFF08B10C4BEDE7C9
:101F4C00A082EFF31181202383F31288BFF36F8FEC
:101F5C00084B5A68C4E9003214605C6081F3118844
:101F6C00BFF36F8FE5E700BF6BFB0000F4E70000E9
:101F7C0084FB00002401002008B5044808F064FA32
:101F8C00034808F061FA002008BD00BFADFB00005B
:101F9C00E2FB000008B50348034A0021121A08F0BE
:101FAC0081FC08BD980400205C300020074808B56F
:101FBC00074A0849121A08F077FCBDE808400648A1
:101FCC00064A0749121A08F06FBC00BF60000020D7
:101FDC0098040020F80F0100600000206000002031
:101FEC00F80F010070B506460D4686B0002938D0B2
:101FFC0000248B68012205934B68204604930B68E0
:10200C0023490393234BCDE900440293234608F064
:10201C004DFC6B69012205932B6920460493EB68F8
:10202C001B4903931C4B0094CDE90143234608F054
:10203C003DFCEB6901220393184B2046CDE901438B
:10204C0013492346009408F031FCAB690122039339
:10205C00134B2046CDE901430D492346009408F06B
:10206C0025FC012E0DD1EFF30583103B03930D4B93
:10207C0032460293002306491846CDE9003308F096
:10208C0015FC2946304606B0BDE8704006F022B873
:10209C002CE800000FFC00003EFC00006DFC000072
:1020AC007CFC0000AAFC000030BFFFF7FDBF00BFA6
:1020BC002DE9F04105460B4EDFF82C80324606EB3D
:1020CC000807CC1B204609490BF0D4FCA01942464A
:1020DC000021083C0BF0DBFCAC6707F10800BDE805
:1020EC00F08100BF000000000400000094E8000034
:1020FC001FB500243E4B3F49029301222346204644
:10210C00CDE9004408F0EDFB3B4B9B6A99016DD582
:10211C003A4B2046CDE90143012223463549009430
:10212C0008F0DFFB1E20344B9B6ADA010AD5344BD6
:10213C000122029300232F491846CDE9003308F001
:10214C00D0FB1F202C4B9B6ADB020AD52D4B0122A6
:10215C000293002327491846CDE9003308F0C1FB50
:10216C000220254B9B6A1C030AD5274B01220293A4
:10217C00002320491846CDE9003308F0B2FB21209A
:10218C001D4B9B6A59030AD5204B01220293002355
:10219C0018491846CDE9003308F0A3FB2220164B52
:1021AC009B6A9A030AD51A4B012202930023114908
:1021BC001846CDE9003308F094FB23200E4B9B6AA4
:1021CC00DB030AD5134B012202930023094918465D
:1021DC00CDE9003308F085FB2420074A936A6FEAA7
:1021EC0003436FEA1343936204B010BD1D209AE7BA
:1021FC00BDFC00002CE8000000ED00E0D5FC000068
:10220C00E8FC000002FD00002CFD00004AFD00006F
:10221C006FFD000089FD0000F0B50024434B85B034
:10222C000293074623460E4601222046CDE9004480
:10223C003F4908F056FB3F4B9B6ADB0465D53E4B90
:10224C002046CDE90143012223463949009408F088
:10225C0048FB1720374B9B6A1D050AD5374B0122CB
:10226C000293002332491846CDE9003308F039FBBC
:10227C001820304DAB6A9C051FD50024304B012231
:10228C0020460293CDE900442346294908F029FB56
:10229C00AB6BAA6A10040FD503932A4B0122CDE92C
:1022AC000143204623462249009408F01AFB1FB133
:1022BC00AB6A23F40043AB6219201E4B9B6A590591
:1022CC000AD5214B01220293002319491846CDE966
:1022DC00003308F006FB1A20164A936A13F4807335
:1022EC0015D01A4B01220293002311491846CDE94F
:1022FC00003308F0F6FA1B200E4A936A43F47F432E
:10230C0093620023337005B0F0BD1620A2E7926AE9
:10231C009204F1D50E4A1846CDE901320449012246
:10232C00009308F0DEFA1C20E6E700BFB4FD0000C5
:10233C002CE8000000ED00E0CAFD0000DBFD000011
:10234C00EEFD000007FE00001CFE000037FE000042
:10235C004FFE0000F0B50024414B85B002930746B8
:10236C0023460E4601222046CDE900443D4908F0A3
:10237C00B8FA3D4B9B6ADD066FD53C4B2046CDE948
:10238C000143012223463749009408F0AAFA112090
:10239C00354B9B6A1C070AD5354B0122029300234F
:1023AC0030491846CDE9003308F09BFA12202E4D27
:1023BC00AB6A99071FD500242E4B012202932046AD
:1023CC002346CDE90044274908F08BFA6B6BAA6AC7
:1023DC0012060FD50393284B0122CDE90143204669
:1023EC0023462049009408F07CFA1FB1AB6A23F015
:1023FC008003AB6213201C4B9B6ADD070AD51F4B75
:10240C0001220293002317491846CDE9003308F046
:10241C0068FA1420144B9B6A9C060AD5184B0122AF
:10242C00029300230F491846CDE9003308F059FAFE
:10243C0015200D4B9A6AD10658BF9A6A9A6A920671
:10244C0042BF5A6A22F400525A629A6A42F0FF0260
:10245C009A620023337005B0F0BD102098E700BFDE
:10246C007EFE00002CE8000000ED00E094FE000071
:10247C00DBFD0000C7FE0000DFFE0000F5FE0000E3
:10248C004FFE00002DE9F041794B0446D3F804804F
:10249C0090B00023C8F3080683F31188BFF36F8F45
:1024AC0002F07F40B0F17F4F0CD102F00C000828F5
:1024BC0018D1704A1846CDE901326F4901220093B8
:1024CC0008F00FFA00252C460027F31E8DF81F701C
:1024DC00092B00F2B580DFE803F00BA9ADA5B3B36F
:1024EC00B3B3B3B1120746BF0C461D460125EBE74B
:1024FC00624B0122CDE9017300235F491846DFF8D6
:10250C007081009708F0EDF98DF81F70D8F82C60E9
:10251C0016F0020604D05A4BCDE90173009707E080
:10252C00D8F82C30002B0BDA564B0096CDE9016312
:10253C00002301221846504908F0D3F9002239E053
:10254C00D8F82C305B00F9D54F4B0122CDE9016353
:10255C00304633464849009608F0C3F9D8F8143091
:10256C00A26943F48073C8F81430BFF34F8FBFF3E4
:10257C006F8F32F8023CD8F8142022F48072C8F81D
:10258C001420BFF34F8FBFF36F8F03F47F42B2F56C
:10259C005F4F2FD1DBB2022B2CD123680122039386
:1025AC003A4B3046CDE9016333493346009608F087
:1025BC0098F922689DF81F30CBB908AE04F12007BA
:1025CC00334620686168083403C3BC421E46F7D109
:1025DC000F9B002D48D0C3F3080121B96FEA532398
:1025EC006FEA43230F93104608A9FFF7FBFC10B0CA
:1025FC00BDE8F0811E4B9A6AD2B22AB101200DF1CE
:10260C001F01FFF7A7FE0FE09A6A12F47F4F05D067
:10261C0001200DF11F01FFF7FFFD05E09B6AB3F5EB
:10262C00803F8BD3FFF764FD0246C3E700200DF11A
:10263C001F01E6E700200DF11F01ECE7144B6BE7DF
:10264C00144A18F4F87F144B08BF1346103ECDE91A
:10265C000336124B01220293002307491846CDE999
:10266C00003308F03EF969E76FF30803BAE700BFDF
:10267C0000ED00E042FF00002CE800006DFF0000C0
:10268C0084FF0000A5FF0000B3FF0000D2FF000094
:10269C00EEFF000014FF000029FF000012000100F3
:1026AC00064B5A6942F010025A615A6942F4806230
:1026BC005A615A6922F008025A61704700ED00E035
:1026CC00EFF30880EFF3098101B57246FFF7DAFEEC
:1026DC0001BD00BF002080F31488BFF36F8F002072
:1026EC0080F30A8880F30B880F4880F3088804F085
:1026FC006BFE00200D490860BFF34F8F00F02CF8E3
:10270C00202080F311880A484FF40061401880F3B0
:10271C000988EFF314800221084380F31488BFF377
:10272C006F8F00F0A5F8000060D5002094ED00E05C
:10273C0060300020002318460649D1F89020C2F3DF
:10274C000722934200DB7047C1F89830C1F8A00013
:10275C000133F6E700ED00E010B572B6002484F307
:10276C001388FFF7E7FF23464FF0FF300C4A03F1C5
:10277C0020010133102B42F82100F8D100234FF037
:10278C00FF30074A03F160010133102B42F821009E
:10279C00F8D162B6BFF34F8FBFF36F8F10BD00BF80
:1027AC0000E100E01EF0040F0CBFEFF30880EFF324
:1027BC000980816911F8021C0229FFD001B572460B
:1027CC0008F084F801BD00BF00B2002807DB01232C
:1027DC004109034A00F01F00834042F82130704742
:1027EC0000E100E000B200280CDB0122064943099D
:1027FC0000F01F008240203341F82320BFF34F8F9D
:10280C00BFF36F8F704700BF00E100E0054B42093A
:10281C0053F82220012300F01F0003FA00F01040AF
:10282C00704700BF00E100E000B2002801F1010197
:10283C00ACBF00F16040064B4FEA4111C9B2ABBFCF
:10284C0000F5614000F00F0080F800131954704738
:10285C0014ED00E0044B054A23F07F039360BFF3B3
:10286C004F8FBFF36F8F70470000000000ED00E04A
:10287C0008B5FFF7EFFF074AD2F8883023F470034E
:10288C00C2F88830FFF786FBFFF790FB00F09CF84E
:10289C0005F032FD00ED00E042F8203C009B0B49B6
:1028AC0042F81C3C019B21F0010142F8183C029BB0
:1028BC0042F8081C42F8143C4FF0807342F8043C78
:1028CC000023203A0265C367704700BF2115000042
:1028DC0000B50D4B15469860826F0C4B0E461A6076
:1028EC00836E83F30B882C4686F309880020044BF7
:1028FC0098472046002100220023024C204700006C
:10290C0025A9000021150000780C0020340A0020B5
:10291C001022014B1A61704700ED00E0054B5A691B
:10292C009B689A421FBF044A536843F0805353601C
:10293C00704700BF780C002000ED00E0084B9B684E
:10294C0083420BD1EFF3058343B1064B5A6842F037
:10295C0080525A605A6A22F400425A6206F014B944
:10296C00780C002000ED00E014498A684FF030002C
:10297C001044EFF3098C80E8F01F202080F31288BC
:10298C00BFF36F8F0E4F4FF000664A698A603E604E
:10299C00906F0C4C2060D06F0023D36780F31188AC
:1029AC0002F1300090E8F01F8CF3098802F100006E
:1029BC0004B507F0AAFFBDE804407047780C00206E
:1029CC0004ED00E0340A00200023202040F20F1216
:1029DC0010B5044CE1180133934281F80003F9D18E
:1029EC0010BD00BF00E100E008B5EFF30583064A17
:1029FC00103B02EBC30152F8330049688847BDE82D
:102A0C000840FFF78BBF00BF9CDE00000148006848
:102A1C0070470000340A00201FB50121094B0A4AF7
:102A2C000A4800F01DF90023064A0393084B0121C4
:102A3C00019301A8D31A029300F01CF905B05DF8BC
:102A4C0004FB00BF000004200000002044E900004B
:102A5C00980400200A7A0B6810B562F304031C4634
:102A6C00CB68520923F01F0343EA4203044A43F0A4
:102A7C000103C2F89800C2F89C40C2F8A03010BD07
:102A8C0000ED00E01FB50E4B0446D3F89030C3F3B5
:102A9C000723013B98420FD90A4B03900293002362
:102AAC0001221846CDE90033074907F061FF6FF0AA
:102ABC001504204604B010BDFFF7CCFFF9E700BFAA
:102ACC0000ED00E02900010024E800002DE9F04FA2
:102ADC008946144606464FF00008524D89B0C84549
:102AEC002DDAD6F804A0BAF1000F4AD0BAF11F0FB4
:102AFC0017D91AF01F0F14D1D6F800B01BF01F0F06
:102B0C000FD1584607F02BFF07460AEB0B00013894
:102B1C0007F025FF874216D06FF01507424B03973D
:102B2C0002E0424BCDF80C800293002301221846A0
:102B3C00CDE900333E4907F01BFF6FF0150420462A
:102B4C0009B0BDE8F08F17F1160FE7D0BC42E5DDF8
:102B5C00C5F89870D5F89C10C5F89870D5F8A030C9
:102B6C0021F01F0143F01F0BD6E900321A449942A1
:102B7C0002F1FF3A1AD1D34507D13146F8B207F02A
:102B8C0007FF08F101080C36A9E73146C5F8987023
:102B9C00D5F89C30E0B263F30402C5F89C2007F032
:102BAC00F7FE10F1160FC8D0441CEAE7C5F8987070
:102BBC00D5F8A020013B23F01F0302F01F021343A2
:102BCC00D3453146E0B2C5F8A030E8D007F0E0FEBE
:102BDC0010F1160FB1D0C5F89870D5F89C209DF85F
:102BEC0018300BF1FF3B62F304038DF81830D5F865
:102BFC00A0309DF818205B0863F347128DF818205D
:102C0C00D6E900321344049323F01F035B44A3EB77
:102C1C000A03013023F01F0304A9C0B20793FFF786
:102C2C0031FFBEE700ED00E0750001004F00010030
:102C3C0024E800000522044BC3F89420BFF34F8F07
:102C4C00BFF36F8F704700BF00ED00E0BFF35F8FE5
:102C5C000022024BC3F89420704700BF00ED00E047
:102C6C0010B5034C2278FFF731FF207010BD00BF68
:102C7C00543000202DE9F74F294D8A4606464FF077
:102C8C000008AB46274FD0451BDAD6F80490B9F1B3
:102C9C00000F3FD031680846019107F060FE0199A2
:102CAC00044609EB0100013807F059FE84424FF04D
:102CBC0014021D4B08D002FB08F36FF015024BF801
:102CCC00032003B0BDE8F08F14F1160F2C60F8D080
:102CDC001978A142F5DD02FB08B0C7F89840C7F897
:102CEC009840D7F89C4000F10801007B64F3040085
:102CFC000871D7F8A0000C79400860F347140C71E8
:102D0C00D7F89C1021F01F016960D7F8A01021F0B2
:102D1C001F01296108F1010814350C36B3E700BF17
:102D2C00380A002000ED00E054300020F0B5534983
:102D3C00534DD1F890302C68C3F307239C4287B0D5
:102D4C0000F299800020FFF781FF4E4BC1F8C03094
:102D5C00844216D14C4D01A82C70FEF7FFFF0026C3
:102D6C0007464A4CB74213D100202B784349D1F87F
:102D7C009020C2F30722934277DBFFF75BFF002022
:102D8C0046E0696801EB0011FFF764FE0130DFE7F4
:102D9C000199300101EB0613DA682240B2F1807F11
:102DAC0052D00AD8B2F5001F34D0B2F5800F3ED005
:102DBC00B2F5801F12D00136D4E7B2F1006F43D0C8
:102DCC00B2F1805FF7D15A689B680958013B22F039
:102DDC001F00034423F01F03012032E05A689B6854
:102DEC000958013B22F01F0003440120844623F0C4
:102DFC001F0340EA4C10CDE902218DF8100002A906
:102E0C0028780593FFF73EFE00282ADA6FF01500AC
:102E1C0007B0F0BD5A689B680958013B22F01F00AF
:102E2C0003444FF0020C012023F01F03E1E75A6822
:102E3C009B680958013B22F01F000344062023F035
:102E4C001F034FF0000CD4E75A689B680958013BEC
:102E5C0022F01F0003444FF0030C012023F01F034A
:102E6C00C7E72B7801332B70A5E7C1F89830C1F870
:102E7C00A00001337BE74FF0FF30C9E700ED00E025
:102E8C0050E90000AAFF4400543000200000F0FF7D
:102E9C00F0B587B007460E4614460021102268464E
:102EAC001D460AF0F4FD02238DF80230054B2A462C
:102EBC0021466846CDE90476019306F0D3FF07B0AE
:102ECC00F0BD00BFCFA9000008B5024B1B689847A6
:102EDC00002008BD4C0A0020034B044A186093786C
:102EEC0043F00203937070474C0A00202C01002021
:102EFC0008B50649064821F00701C1F1005202F558
:102F0C00802207F02DFA002008BD00BF1317012006
:102F1C00500A002008B5244A244B1A6001F0D6FC54
:102F2C004FF47A612248D0F82436C3F30802C3F375
:102F3C0009434B4382F480721E49883201FB0233F1
:102F4C004FF4FA215B00B3FBF1F201FB12331A4987
:102F5C00B3F57A3F28BF0132C1F80429D0F82036E6
:102F6C004FF47A60C3F30802C3F30943434342F6B8
:102F7C00041082F4807202F2172200FB02334FF429
:102F8C007A701B0AB3FBF0F200FB12330020B3F58E
:102F9C00FA7F4FF0010328BF0132C1F81C27C1F89A
:102FAC000009C1F8003608BD0020A1076403002009
:102FBC0000C0FF00102700800000125048B1054BE4
:102FCC00054A1B68B3FBF2F35843044B43F001036F
:102FDC00184770476403002040420F00C0E800000F
:102FEC00084B0246596811B11968884207D0D86855
:102FFC0030B1996804488A4218BF002070471846BF
:10300C00704700BF5C0A0020640A002002460B4691
:10301C00014805F01BBA00BF6C040020014805F004
:10302C0087BA00BF6C0400202DE9F74F4FF0000960
:10303C00824608460F469046FDF746FA4E468346B2
:10304C004FF0FF314FF0FF30FFF7E0FF194B1C68DA
:10305C009C4208BF00245B685CB9FFF7DFFF36B306
:10306C00CAF80060B8F1000F1DD1002003B0BDE814
:10307C00F08FA569A94512D8AB4510D3012D03D902
:10308C007A5D2F2A00D052B92A463846E16801935E
:10309C000AF022FD002804BFA9462646019B9C424B
:1030AC00DBD02468D8E7B369C8F80030DDE76FF0EF
:1030BC000100DBE72C0200202DE9F0430546174602
:1030CC00894687B021B10B782F2B01D14B787BB976
:1030DC003F4B0122029300233E491846CDE90033B1
:1030EC0007F07AFC6FF01504204607B0BDE8F083BA
:1030FC004468002C66D1224605A8FFF795FF60B105
:10310C00354B2046CDE90143009423460122314939
:10311C0007F062FC6FF00104E6E7DDF8148098F824
:10312C0020309B0702D517F0120F4ED1D8F81C2077
:10313C001368E3B117F040061DD017F002030BD152
:10314C00264A1846CDE9013222490122009307F0A4
:10315C0043FC6FF00C04C7E753695BB9204A18466F
:10316C00CDE901321B490122009307F035FC6FF0C9
:10317C008504B9E70126C5F80480D8F81C303A4616
:10318C00494628461B689847041E0DDA154B0394D4
:10319C0000260293012233463046CDE900660D49E4
:1031AC0007F01AFC6E609FE72F72002E9CD0D8F8A7
:1031BC001C30002128465B699847041E94DA0A4BA0
:1031CC000394E5E76FF00F048EE76FF01D048BE7B7
:1031DC00AB000100FCE70000BF000100D7000100BC
:1031EC0005010100250101003A01010030B54468D8
:1031FC00054685B08CB1E369DB699BB19847041E29
:10320C004FF000030CDA094A1846CDE9013208499F
:10321C0001220394009307F0DFFB204605B030BD7C
:10322C006B60FAE76FF08504F7E700BF5601010009
:10323C00FCE700001FB543689BB1DB695B689BB181
:10324C009847041E0ADA0A4B01220293002309490B
:10325C001846CDE90033039407F0BEFB204604B0BA
:10326C0010BD6FF00804F9E76FF08504F6E700BFB6
:10327C006C010100FCE700001FB543689BB1DB69E2
:10328C009B689BB19847041E0ADA0A4B01220293F1
:10329C00002309491846CDE90033039407F09CFB41
:1032AC00204604B010BD6FF00804F9E76FF08504F8
:1032BC00F6E700BF81010100FCE700001FB5436881
:1032CC009BB1DB699B699BB19847041E0ADA0A4BD8
:1032DC0001220293002309491846CDE900330394D7
:1032EC0007F07AFB204604B010BD6FF00804F9E734
:1032FC006FF08504F6E700BF97010100FCE70000C2
:10330C002DE9F04105460F4686B011B10B782F2BF5
:10331C000FD0314B01220293002330491846CDE9DE
:10332C00003307F059FB6FF01504204606B0BDE8DA
:10333C00F0814368002B49D1D0F80080B8F1000F20
:10334C0044D138462649FDF7ADF8044678B94FF01C
:10335C00FF304FF0FF31FFF759FE224A6C601368C3
:10336C00934208BF00232B60FFF758FEDDE742466F
:10337C00394605A8FFF758FE064668B11A4B0122DC
:10338C00CDE90183404643461449CDF8008007F04F
:10339C0023FB6FF00104C8E7059BDA69126AC2B11E
:1033AC006B60DB69394628461B6A9847041EBCDAF9
:1033BC000E4BC5E900660122CDE901633046334668
:1033CC0006490394009607F007FBAEE76FF00F0475
:1033DC00ABE76FF08504A8E7AC010100FCE7000047
:1033EC00C4FA00002C020020BF000100C50101003E
:1033FC002DE9FF41476806460D46002F2DD0FB698D
:10340C005B6A002B64D04F1C73682946DB6930461D
:10341C005B6A9847041E14DB6B7873B12B78012B15
:10342C000BD138462C49FDF73DF80028ECD0384636
:10343C002A49FDF737F80028E6D0204604B0BDE84D
:10344C00F081274B01220293002326491846CDE92F
:10345C000033039407F0C0FAEFE7036813B94B701D
:10346C000024EAE7DFF880804FF0FF304FF0FF31A7
:10347C00FFF7CCFDD8F80040D8F80430444508BF1D
:10348C00002424B9FFF7CAFD6FF00104D5E73268B8
:10349C00A24219D10123284600F8013BA269E16838
:1034AC00FF2A28BFFF2219440AF0E4FA002385F80A
:1034BC000031C5F80431D8F804309C4218BF276895
:1034CC00FFF7ACFD3760CBE79C42DBD02468D8E734
:1034DC006FF08504B1E700BFE0010100DF010100DE
:1034EC00E2010100FCE700002C02002030B544682A
:1034FC00054685B01CB90460204605B030BDE369B3
:10350C009B6A93B19847041E4FF000030ADA084AED
:10351C001846CDE90132074901220394009307F0C4
:10352C005BFAE9E7C5E90033E6E76FF08504E3E70A
:10353C00FC010100FCE7000030B5044687B020B167
:10354C0003782F2B01D1437873B9204B01220293BE
:10355C0000231F491846CDE9003307F03DFA6FF000
:10356C001504204607B030BD0146002205A8FFF720
:10357C005BFD60B1174B01220293002314491846DE
:10358C00CDE9003307F028FA6FF00104E9E705985C
:10359C0090F8205015F0020512D1C3695B6B93B102
:1035AC0021469847041EDCDA0B4B0122CDE901536E
:1035BC0028462B4606490394009507F00DFAD0E7F0
:1035CC006FF01D04CDE76FF08504CAE7AB00010076
:1035DC00FCE70000BF00010017020100F0B50C462B
:1035EC00064687B010B103782F2B0ED0304B01223A
:1035FC00029300232F491846CDE9003307F0ECF96C
:10360C006FF01504204607B0F0BDFCF75DFF0128F4
:10361C00074608D142F6017323800023A370C4F837
:10362C0004310024EEE7314605AA04A8FFF7FCFCA0
:10363C00054660B1204B0122029300231D49184618
:10364C00CDE9003307F0C8F96FF00104DAE7DDE9E2
:10365C000432BF1A012F10D82046012200F8012B8A
:10366C009A69D968FF2A28BFFF2201310AF002FAB1
:10367C0084F80051C4F80451D3E7DA69176CA7B188
:10368C00224618463146B847831C0446DCD0002835
:10369C00B8DA0A4B0390CDE9015301222B46284698
:1036AC000449009507F098F9ACE76FF08504A9E799
:1036BC0032020100FCE70000BF0001004D020100D6
:1036CC0070B50E46044686B020B103782F2B01D17D
:1036DC00437873B91D4B0122029300231C491846F1
:1036EC00CDE9003307F078F96FF01504204606B0E9
:1036FC0070BD0146002205A8FFF796FC054660B197
:10370C00144B01220293002311491846CDE90033D2
:10371C0007F062F96FF00104E8E70598C3695B6C88
:10372C0083B1214632469847041EDFDA0A4B012248
:10373C00CDE9015328462B4605490394009507F023
:10374C004BF9D3E76FF08504D0E700BF32020100DC
:10375C00FCE70000BF0001004D0201002DE9FF4114
:10376C00044608B1C56865B9564B02930023012283
:10377C001846CDE90033544907F02EF96FF01505C2
:10378C000DE003687BB1514B0122029300234E499B
:10379C001846CDE9003307F01FF96FF00F052846E6
:1037AC0004B0BDE8F0812846FCF78EFE074610B148
:1037BC002B782F2B01D0464BD7E7464E4FF0FF30DE
:1037CC004FF0FF31FFF722FC3568D6F80480B54284
:1037DC0008BF0025B5B9A5682846FFF701FC20B144
:1037EC00D0F80480B8F1000F34D13B4B0122029386
:1037FC00002335491846CDE9003307F0EDF86FF09A
:10380C00010512E0AB69BB4220D122692B699A42B7
:10381C000ED12E4B0122029300231846CDE9003322
:10382C00294907F0D9F86FF00F05FFF7F7FBB6E75A
:10383C003A46E968E0680AF04FF9034630B9274A7E
:10384C002149CDE9010200900122EAE74545C2D0A9
:10385C002D68BFE7D8F82C3063B9214A0395CDE920
:10386C000132184601221849009307F0B5F86FF0A1
:10387C008505DAE7D8F8303053B9E2681846039278
:10388C00184A1149CDE901320093022207F0A4F83D
:10389C002046D8F82C309847051E0BDA124B012223
:1038AC000293002308491846CDE90033039507F02D
:1038BC0093F8BAE77368C4E90678C4E900631C603E
:1038CC007460B2E76E020100FCE700008C0201009C
:1038DC00AA0201002C020020DD020100C00201003E
:1038EC00090301002E0301004F03010030B504460B
:1038FC0085B000283FD04FF0FF304FF0FF31FFF77D
:10390C0085FB236883B91D4A1846CDE901321C4951
:10391C0001220394009307F05FF86FF01505FFF791
:10392C007DFB284605B030BDE3691B6B5BB9154ABE
:10393C001846CDE9013212490122009307F04CF8E8
:10394C006FF08505EBE720469847051E0BDA0E4B0A
:10395C000122029300230A491846CDE9003303954E
:10396C0007F03AF8DBE7D4E9003213605A60002321
:10397C00C4E90033D3E76FF01505D2E76303010008
:10398C00FCE700007D0301009803010038B50446F4
:10399C000D464FF0FF304FF0FF31FFF737FB20465D
:1039AC00FFF71EFB08B143687BB90B4B5A6812B189
:1039BC00DA686AB9012243F83240002403EBC203EF
:1039CC005D60FFF72BFB204638BD6FF07704F8E7FE
:1039DC006FF01B04F5E700BF5C0A00201328DABF68
:1039EC00024B18566FF00400704700BF3A0D0100EF
:1039FC0000200149FFF7CABF78E90000012230B569
:103A0C00C1680446ADF5057D0069114403F052F818
:103A1C000D2818D194F820309A0721D4DB0719D43B
:103A2C00124B0FCB8DE80F00E0684FF40073694622
:103A3C0004AA013003F062F860B90122E168206940
:103A4C00114403F037F828B994F8203043F00803F8
:103A5C0084F820300DF5057DBDE83040FFF7BEBF82
:103A6C006FF01D000DF5057D30BD00BFA0E8000016
:103A7C0038B50446006808F075FE05462168044810
:103A8C0009F000FC2846BDE83840FFF7A7BF00BF8F
:103A9C00E403002073B5002206460D4600231048AF
:103AAC0001A904F0A5FC0446B0B9014630220198E6
:103ABC0009F0EDFF0198691C306008F01CFE05460A
:103ACC0020B10199064809F0DDFB3460284602B0AC
:103ADC00BDE87040FFF782BF6FF00B0002B070BD05
:103AEC00E403002038B50446006808F06CFD21683A
:103AFC000546054809F0C6FB002323602846BDE8AF
:103B0C003840FFF76BBF00BF00040020F7B500235F
:103B1C0006460D4617461248002201A904F068FC1F
:103B2C000446C0B901462822019809F0B0FF01985B
:103B3C00691C306007F0130208F0D6FA054620B174
:103B4C000199074809F09EFB3460284603B0BDE894
:103B5C00F040FFF743BF6FF00B0003B0F0BD00BFA8
:103B6C000004002070B50024C16886B006462246C9
:103B7C00204601318DF8174002F09CFF054680B1BC
:103B8C00164B0390CDE901432046234601221449EC
:103B9C00009407F00FF8284606B0BDE87040FFF718
:103BAC001DBF3369052158780DF1170203F036FB60
:103BBC00044670B10B4B0390CDE9015301222B4607
:103BCC0028460749009506F0F5FF042C03D8064B50
:103BDC00185706B070BD6FF00400FAE7B10301008E
:103BEC00FCE70000C5030100350D01002DE9F04193
:103BFC0005468EB0012007F039F80B260827DFF8B0
:103C0C00E880286807F022F8044678B100230122E6
:103C1C001846CDE900333549CDF8088006F0FFFF92
:103C2C00012C3ED014F1740F1CD13CE04FF4D57331
:103C3C0006937923CDE90B30C823286805A905978D
:103C4C000D9306F0FBFF60BB95F84B20AAB1089BC7
:103C5C00D9B2AA2925D103F47063B3F5807F0ED0B5
:103C6C006FF08504224B0122029300231F49184652
:103C7C00CDE9003306F0D3FF0FE0079BE8E7B5F87A
:103C8C006A3043F00803A5F86A30EAB9284600F018
:103C9C00E1FB041E18BF6FF0850420460EB0BDE892
:103CAC00F081013EADD1134B0322029300230F4947
:103CBC001846CDE9003306F0B2FF286806F0C6FFBF
:103CCC0004460028E9D1E1E73B2201231021CDE98C
:103CDC0005230023CDE90B13C823286805A90D93F0
:103CEC0006F0ACFFECE700BFE30301004CE800007A
:103CFC0027040100F60301002DE9FF410023436076
:103D0C000223037240F20113438190F837300446CA
:103D1C00DA0700F104081ED413F0020F0CBF0326BF
:103D2C0002260127F6B2414620686673677206F0D8
:103D3C006DFF054688B11D4B03931D4B3A4602930C
:103D4C0000231C491846CDE9003306F068FF2846CD
:103D5C0004B0BDE8F0810126E3E7206B06F086FF96
:103D6C00022341462068637206F050FF054608B1F5
:103D7C00114BE1E72674A4F86A000646206B06F0A6
:103D8C0075FF0E4B41462068636006F03FFF054609
:103D9C000028DCD00A4B3A46CDE901633046334665
:103DAC000449009606F03BFFD1E700BF3A0401003E
:103DBC00420401004CE8000063040100801A060074
:103DCC006A040100F0B50D4685B0002863D041F8B7
:103DDC00280B83689B697BB19847044678B12F4BBD
:103DEC000293002301221846CDE900332C4906F03A
:103DFC0016FF204605B0F0BD6FF05704EFE705F154
:103E0C001406304609F089FA04460028F1D14BF229
:103E1C001B720023304604F019FB044608B1214BF9
:103E2C00DEE72846FFF768FF044618B1304606F077
:103E3C00F4FEDEE72846FFF7D9FE0328044619D125
:103E4C000127284685F86870FFF756FF044650B1E5
:103E5C00154B029300233A461846CDE9003310491E
:103E6C0006F0DDFEE2E72846FFF7C0FE044648B147
:103E7C000E4BEEE730B1304606F0CFFE012385F84D
:103E8C006830B6E70223304685F8683005B0BDE8E7
:103E9C00F04006F0C2BE6FF01204AAE784040100E1
:103EAC004CE80000B3040100DE040100F70401003B
:103EBC0070B505460E4C286806F006FF58B90B265F
:103ECC00284606F042FF01280ED1013EF8D1A4F598
:103EDC00F414A4F590647D207D3C09F072F9002C5B
:103EEC00E9DC6FF00F0001E00028F4D170BD00BFD9
:103EFC0080969800372310B58EB0002205931123BD
:103F0C00CDE90B32C82309040691044605A90068C3
:103F1C000D9306F0CBFE0346F8B90B9A012A11D18A
:103F2C0007990F4A0A406AB10E4A0391CDE9010282
:103F3C000D490222009006F0CEFE6FF004031846E5
:103F4C000EB010BD94F84B20002AF8D1079A12F04D
:103F5C00200F08BF6FF08503F1E70123EFE700BFE7
:103F6C000880F9FD210501004CE800002DE9F04125
:103F7C0014461E461A44036E05469A42884694B06F
:103F8C007BD890F86930012B0FD13D4B0222029364
:103F9C0000233C491846CDE9003306F09CFE6FF037
:103FAC008504204614B0BDE8F08100F1140700230D
:103FBC003846354A04F04AFA60B1344B0222029377
:103FCC00002330491846CDE9003306F084FE6FF02B
:103FDC000F04E6E7012E14BF12231123B5F86A2053
:103FEC000890900748BF22460B93B5F864304FF009
:103FFC00110158BF04FB03F20C920322CDE91112FC
:10400C00C822CDE9054342F210731392286805AA21
:10401C000BA90796CDF824800A9306F047FE0446B8
:10402C00C0B11B4B03900293002301221846CDE92B
:10403C000033144906F04FFE164B01220293002365
:10404C0010491846CDE9003306F045FE384606F017
:10405C007AFEA6E72846FFF72BFF04460028F5D08A
:10406C000D4B01220293002306491846CDE900337B
:10407C0006F031FE6FF07304DEE76FF0150490E785
:10408C00500501004CE80000B4C4040073050100A5
:10409C008F050100CF050100AC0501002DE9F04FA3
:1040AC0014461F469A18036E05469A420E46A5B052
:1040BC0000F2B68090F86930012B0FD15A4B0222D6
:1040CC000293002359491846CDE9003306F003FE4C
:1040DC006FF08504204625B0BDE8F08F00F1140880
:1040EC0000234046524A04F0B1F960B1514B022210
:1040FC00029300234D491846CDE9003306F0EBFD41
:10410C006FF00F04E6E7012F14BF19231823B5F83D
:10411C006A201293910748BF2246B5F864304FF0DD
:10412C00110B58BF03FB04F2139203224FF0C80A81
:10413C0042F21079CDE918B2099006AA286812A9A2
:10414C000A96CDE90643CDF868A00897CDF82C90D7
:10415C0006F0ACFD06462846002E4CD0FFF7A8FE14
:10416C000146002859D118220CA809F090FC2846C9
:10417C00B5F85E10FFF7BEFE044670BB1623042292
:10418C00CDE91B300123CDE921B0CDE90D230C90F5
:10419C0005F18C0328680CAA1BA9CDE91039CDF8C0
:1041AC008CA006F083FD0446B8B9219B012B03D1EA
:1041BC00214C1D9B1C4084B9D5F88C3001221BBAB4
:1041CC00CDE903371D4B1949029300231846CDE95D
:1041DC00003306F080FD6FF00404194B01220293AA
:1041EC00002312491846CDE9003306F074FD404611
:1041FC0006F0A9FD6EE7FFF75BFE04460028F6D03B
:10420C00104B0122CDE90163304633460749009635
:10421C0006F061FD6FF07304DFE76FF00F04DCE76D
:10422C006FF0150456E700BF500501004CE8000084
:10423C00B4C40400730501000880F9FDE005010019
:10424C0002060100AC0501002DE9F041036E0546A4
:10425C0093420E4617468EB0C0F08F809B1A8B424D
:10426C00C0F08B8090F86930012B0FD1444B0222A7
:10427C000293002343491846CDE9003306F02BFD89
:10428C006FF0850420460EB0BDE8F08100F11408F3
:10429C00002340463C4A04F0D9F860B13B4B022263
:1042AC000293002337491846CDE9003306F013FD7D
:1042BC006FF00F04E6E70324C823CDE90C43202359
:1042CC00059311230B93B5F86A3000229B0758BF56
:1042DC00B5F86430286858BF734305A9069658BFD3
:1042EC00069306F0E3FC0446002836D121230593FF
:1042FC0011230B93B5F86A30013E980758BFB5F8F7
:10430C0064303E4458BF73434FF00002286805A93F
:10431C00069658BF069306F0C9FC0446E8B9262356
:10432C000593222302460690064605A928680B939E
:10433C0006F0BCFC044680B92846FFF7B9FD0446DC
:10434C0058B1134B0122CDE90163304633460D4978
:10435C00009606F0C0FC6FF07304404606F0F3FCC8
:10436C00002C8FD00B4B01220293002305491846D9
:10437C00CDE9003306F0AFFC84E76FF0150481E75C
:10438C00500501004CE80000B4C4040073050100A2
:10439C00AC0501000F0601002DE9FF4180460E46D9
:1043AC00154600F1140700233846264A04F04EF84F
:1043BC00044668B1244B0222029300232349184679
:1043CC00CDE9003306F087FC204604B0BDE8F0814F
:1043DC00711E072933D8DFE801F0040B320E1032BE
:1043EC00152DD8F860302B60384606F0ACFCEBE7A6
:1043FC00B8F86430F7E70123F5E74046FFF758FDBE
:10440C000446F1E74046FFF753FD48B1104B02223A
:10441C00029300230D491846CDE9003306F05BFCEE
:10442C000123D8F8000088F8093008F1040106F0DF
:10443C0044FCE5E72946404606F0F9FCE0E76FF05E
:10444C008504D1E7B4C40400730501004CE80000F6
:10445C001C0601002DE9F04F04469BB010220021F0
:10446C0007A809F014FB94F84B30002B00F00582E0
:10447C000021204606F0F6FC0546A0BBB4F86A60A5
:10448C0084F8690006F00807C6F3C006B607642076
:10449C0008F097FE2923CDE9113614231793C8236E
:1044AC00CDE9185300212046FFF724FD01280246D0
:1044BC0024D0002840F0E881206811A906F0C4FC43
:1044CC000246002840F0E08194F84B20002F00F0C9
:1044DC00D781139B5AB1D8070BD43146204606F02E
:1044EC00C1FC054630B328461BB0BDE8F08F002B4D
:1044FC001FDB40F23910002108F08CFF0135B5F5B7
:10450C007A7FCFD1704B0122029300236F4918465A
:10451C00CDE9003306F0BFFC6FF073056C4B0293D2
:10452C00002301221846CDE90033684906F0B3FC9C
:10453C00D9E7E364E36C2046590048BFB4F86A201D
:10454C0007A944BF42F00202A4F86A20DA0142BF74
:10455C00B4F86A2042F02002A4F86A209B0342BF00
:10456C00B4F86A3043F04003A4F86A3006F05FFCFC
:10457C0005460028B7D1204606F021FC0546002848
:10458C00B1D1A36A534A934215D80393524B0322D9
:10459C00CDE901034D490346009006F07CFCA36A6B
:1045AC00274647F8043F3946206806F054FC054678
:1045BC0018B14A4BB3E74A4BF2E70146242211A843
:1045CC0009F065FA294618220BA809F060FA204672
:1045DC00B4F85E10FFF78EFC0546002883D1332318
:1045EC00CDE9113011231793C8230126CDE9180307
:1045FC000823CDE90C3642F21073206804F18C09C3
:10460C000BAA11A9CDF83C90109306F01DFC0546A1
:10461C0000287FF468AFD4F88C2002F00F03B3426B
:10462C004ED0022B44D0002B4CD0560548BFB4F8CA
:10463C006A304FEA126144BF43F00403A4F86A30B5
:10464C00D00142BFB4F86A3043F48073A4F86A30E6
:10465C00890742BFB4F86A3043F08003A4F86A308B
:10466C00B4F86A6016F0020640D11822314613A83D
:10467C00D4F800804FF4007A09F009FA1023CDE940
:10468C00113A11231793C8234046324611A91993A6
:10469C0006F0DAFB804638B3124B0122CDE90163F8
:1046AC00304633460949009606F0F5FB45461AE7B5
:1046BC0012F4000F14BF0823042384F86630B4E707
:1046CC000223FAE73346F8E76B0701004CE80000D9
:1046DC00380601003F787D01510601008606010075
:1046EC0040787D01AD060100A4F864A094F8363042
:1046FC009B067FF5F8AE94F86630012B7FF6F3AE8F
:10470C00D4F85080B8F1000F3FF4EDAE94F8583067
:10471C00002113F0020FC3F340022368164684F8FD
:10472C00672013A84FF018020CBF4FF0010B4FF08D
:10473C00020B0593D4F828A009F0A9F91022002146
:10474C000BA809F0A4F90623119311231793C8237E
:10475C0046F0004646F47F0646F47F4646F0F006E7
:10476C001296199301264023CDE90C3642F21073B0
:10477C0005980BAA11A9CDF83C90109306F064FB98
:10478C00814600286CD194F89C3094F8672003F093
:10479C000F039A424BD03D4B0222CDE901033C4919
:1047AC000346009006F077FB94F84830002B3FF45A
:1047BC009AAEB4F86A3058077FF595AE24220021E2
:1047CC0011A809F064F92046B4F85E10FFF792FBCB
:1047DC00064600BB0623119301231793C823CDE98A
:1047EC0018030223024611A92068129306F02CFB31
:1047FC00064680B9179B012B03D1264E139B1E40F6
:10480C004EB9042339462068A37206F024FB0646F1
:10481C0000283FF468AE204B0122029300231C4970
:10482C001846CDE9003306F036FB354623E0394611
:10483C00206884F80BB0D04594BFC4F80480C4F849
:10484C0004A006F008FB81460028ADD0134B32467D
:10485C00029300230E491846CDE9003306F01BFBEA
:10486C000F4B01220293002309491846CDE900336E
:10487C0006F011FB4D460B4B51E66FF0850532E609
:10488C00002A3FF457AE28E6154647E6CE0601004F
:10489C004CE800000880F9FD2D070100EC06010032
:1048AC000C0701005707010000210369426883F8D7
:1048BC00CC105268C3F8D820034AC3E9372003F15F
:1048CC00D000FDF725BB00BFC8E900000122024B58
:1048DC00C3F80424704700BF002008E0084B70B5F3
:1048EC00C31A0D4607499B100446594340220648FB
:1048FC0006F058FB2B4601462046BDE87040184791
:10490C00680B0020B76DDBB6FCDC0000402373B5F0
:10491C000B4C0093041B0B460D460A49A410614333
:10492C000646094A094806F069FB014628B130469B
:10493C002B4602B0BDE87040184702B070BD00BFF6
:10494C00680B0020B76DDBB675B00000FCDC000016
:10495C00F8B500220121054640F20510FDF764FF71
:10496C000F4802F0D1FD0446B8B902F0EDFD2F69F5
:10497C000C49384605F0C4FD031E09DB01263E64D4
:10498C002D69084905F11C0005F0BAFD031E02DA79
:10499C001C462046F8BDEE64FBE76FF00404F8E714
:1049AC00DD4A0000E0E900001FB5002201236C463F
:1049BC00CDE902236B46074ACDE9004406F04DFBD6
:1049CC0028B943F609520023684603F035FE04B0BB
:1049DC0010BD00BF87B0000010B5EFF31184202389
:1049EC0083F31288BFF36F8F074A136823F0020119
:1049FC00DB07116002D4012008F099F984F31188C7
:104A0C00BFF36F8F10BD00BFB80B00200C22104BF2
:104A1C00014602FB0033002030B4D3E90E529863F8
:104A2C00EFF31180202484F31288BFF36F8F1C6C7A
:104A3C0004F0C00444F002041C6480F31188BFF33A
:104A4C006F8F1DB12B4630BC0248184730BC7047E5
:104A5C00680B0020FCDC000010B4EFF31180202266
:104A6C0082F31288BFF36F8F16490B6843F0020470
:104A7C0013F001030C6017D0134BD3F80C3413F460
:104A8C00803311D0EFF3118182F31288BFF36F8F53
:104A9C000E4A136C03F0C00343F00203136481F35A
:104AAC001188BFF36F8F012380F31188BFF36F8FD1
:104ABC001BB1002010BCFFF7A9BF012010BC08F0EF
:104ACC002EB900BFB80B002000E01050680B00207E
:104ADC00022808D0042808D1044B186C10F00700E9
:104AEC0003D1FFF793BF0120FBE77047680B002051
:104AFC002DE9F041012280463549D1E8EF3FC1E86C
:104B0C00E02F0028F9D133B9324933484B60CB60E0
:104B1C008A6005F008FD08F1FF33012B4BD8B8F182
:104B2C00010F06D12D4BD3F8503403F00303012BA6
:104B3C0041D008F0F9FB054650B1EFF31186202364
:104B4C0083F31288BFF36F8F0125244C244F20E090
:104B5C00244B1B78002BF0D00422204B0646C3F8C4
:104B6C000823F2E74DB3304605F0EAFED4F84034A2
:104B7C0013F0FF030DD1D4F8082152B1C4F8083159
:104B8C00D4F8083120220123C4F84034C7F8A021FE
:104B9C002361D4F84C24D4F84C34D203E2D503F07E
:104BAC000303012B02D0B8F1010FDBD155B186F311
:104BBC001188BFF36F8FBDE8F0810021202008F031
:104BCC0029FCD3E70422054BC3F80423F3E700BF09
:104BDC00640B0020540B0020840B002000E01050CC
:104BEC0000E100E05A30002008B5074808F005FB4A
:104BFC0038B10648FEF770F90448FCF785FC002034
:104C0C0008BD6FF01200FBE79CDD00001D4C00009E
:104C1C000A2838B50446074D04D1AB680D21284647
:104C2C005B689847AB6803485B68E1B298472046DD
:104C3C0038BD00BF9CDD000070B546680546B06805
:104C4C00C0B108F05AFA0146A0B9B06802F0D4FE1F
:104C5C000446A8B902460C49B06808F038FA224656
:104C6C000121DB20FDF7E0FD2246012140F20D1071
:104C7C00FDF7DAFD2846BDE87040044905F0A4BDF7
:104C8C006FF0040070BD00BF194E000031B1000080
:104C9C002DE9F04340F206354768D00648BF4FF087
:104CAC00030C3B7C02EA050558BFC2F3401C87B0DD
:104CBC0001F01F06B5F5837F144646EA43168DF8BE
:104CCC0003C045D00DD8062D44D005D8A5B1022D72
:104CDC0012D06FF0150038E0B5F5807FF9D10125C1
:104CEC000AE040F20222954236D0B5F5407F35D02D
:104CFC00B5F5007FEDD10425220331D501237A6867
:104D0C008B405360B86890BB5F2E06F01F034FEAD0
:104D1C00561175D83C4A52F82120C4F3004102EBDD
:104D2C008302D2F8803081F00101C4F3404423F4B3
:104D3C00706344EA410423F00F031C4344EA8C04DF
:104D4C0044EA0524C2F88040002007B0BDE8F08397
:104D5C000925D1E70825CFE70625CDE70525CBE7C3
:104D6C00630341BF01237A688B409360CAE73146E5
:104D7C000DF1020208F0AEF914F4403F80460CD15C
:104D8C003146B86808F0BFF9B8F1000FDCD19DF8D6
:104D9C000210B86802F068FED6E74FF0000901ABCC
:104DAC00CDE90199CDE90439CDF80C903146B868BC
:104DBC0003AA08F0D8F84845C6DB14F4003314D025
:104DCC009DF80330C4F3004484F001048DF80E30D8
:104DDC008DF80C508DF80D404B463146B86803AA3F
:104DEC0002F094FD0028CFDAAEE7CDE904330DF1E3
:104DFC00030303933146B86803AA08F0B4F8F1E74B
:104E0C00203350F82330FFDE04EA00004209022A66
:104E1C00034670B503D0012A18D0CAB170BD0E4E2E
:104E2C00326951680029F9D0012503F01F030C6881
:104E3C009D400029F2D08A682A4002D030464B6847
:104E4C0098473CB1236821461C46F2E7034EE7E73E
:104E5C00034EE5E72346F6E75CDD00003CDD000091
:104E6C001CDD0000F0B544681646A068227C01F0F9
:104E7C001F0587B045EA421500286CD0B6F5001F17
:104E8C0004D1294608F091F9002055E06268607C55
:104E9C00B6F5800F50624FF0000001AA01905060EF
:104EAC0039D1B3F1007F14BF052304238DF80430EE
:104EBC000023CDE904230393E3680DF1030723FAE0
:104ECC0001F111F0010139D1B6F1A07F36D105F015
:104EDC001F035F2D4FEA551003F120033ED8214AE2
:104EEC0052F8202052F82330DB0727D43A462946C3
:104EFC00A06808F0EFF8163018D002972946A06881
:104F0C0003AA08F030F8002816DB01222946A06815
:104F1C0008F0FBF8B8E7B3F1C06F05D0B3F1007F30
:104F2C0014BF01230223C1E70323BFE73946A0685E
:104F3C0002F0A4FD0028E0DA07B0F0BD3A4629469D
:104F4C00A06808F0C7F80028D8D19DF80310A06815
:104F5C0002F08AFDD2E76FF08500EDE751F82330BF
:104F6C00FFDE00BF04EA000030B587B0194D2846BB
:104F7C0008F043F90346E8B92A6817490392174A1F
:104F8C000090CDE90102012206F0D0F86FF0120476
:104F9C00204607B030BD2B6801220393104B0E49FD
:104FAC000293002305941846CDE90033049206F0D1
:104FBC00BDF8EDE72A69A9681368284623F00203B7
:104FCC0013600B68002201219847041EE3DB0024C8
:104FDC00DEE700BF1CDD000004E80000DE07010076
:104FEC00F5070100036803F01F025F2B02604FEA14
:104FFC0053129ABF024B53F822000020704700BF97
:10500C004CEA00002DE9F04F9246074640F2FF189B
:10501C00504E85B000EB8101B94203D1002005B0A0
:10502C00BDE8F08F3B68C3F3C322082AC3F308041E
:10503C0000F28C804848444508BF4FF0FF34B3F170
:10504C00B05F855C4FEA13620ED2152A0ED8DFE8EA
:10505C0002F0101E23260D0D0D0D0D0D0D29330D17
:10506C000D0D0D0D0D0D363C382A31D06FF085002D
:10507C00D5E7CAF80446621C25D003A80394FFF7B1
:10508C00B1FF0122039B02FA03F343603BE0CAF831
:10509C000C464FF000090CE0CAF81046EBE7CAF8D2
:1050AC000846F6E7CAF80046002DF2D14FF0000989
:1050BC000825631C29D106E0CAF80446F4E7631CF2
:1050CC00CAF8404516D10437A6E7CAF84445E0E7CC
:1050DC0003A80394FFF786FF039B4FF0010900EB35
:1050EC008300D0F8803023F0E04343F08043C0F8D5
:1050FC008030DEE703A80394FFF774FF0122039BC3
:10510C0002FA03F383604FF001093B68039418041F
:10511C0003A852BFCB464FF0010B4FF0000901938F
:10512C00FFF760FF039C019B00EB8400D0F88040EC
:10513C00C3F3412C2B0243EA8C0343EA09033440AA
:10514C00234343EA4B03C0F88030BCE76FF01500F3
:10515C0065E700BFF0F0FCFF4E0D01007FB50BAB17
:10516C0005930393054B0122029300231846CDE9C6
:10517C000033FCF7E5FB07B05DF804FB38080100D1
:10518C00F0B5446885B094F82670054607F003071F
:10519C003E1E18BF012605F0F7FFA06A30B9314654
:1051AC00284605B0BDE8F04006F067B808F025F8D1
:1051BC00034670B9A26A1A49126800900392194A00
:1051CC00CDE901020122FFF7C9FF6FF0120005B013
:1051DC00F0BD002F0CBF4FF4B0134FF4D013E28D81
:1051EC00A06A94F82C101A430127D0F810C042F38F
:1051FC00000303F44023DCF80040534023F48012F6
:10520C008F40DB07D0F808E04CBF3C43BC43CCF8E4
:10521C000040DEF8003098470028C0DAD7E700BF1E
:10522C0044E800003808010003460A46F0B4197936
:10523C00DB88006813430125094A06699A433468E0
:10524C0008BF83F440238D4023F48012DB0787686A
:10525C004CBF2C43AC4334603B68F0BC184700BFD8
:10526C000100100010B5094C88B0CDE900430124B1
:10527C00059304ABCDE90342CDE9063402AA06AB93
:10528C00CDF808D006F0D6F808B010BD570D0100C7
:10529C000369024A5B6800201A607047801A060096
:1052AC000B4610B5242244680021184608F0EFFB89
:1052BC00074A426062690260A2698260C27B42F066
:1052CC000102C273012280F82320002010BD00BF10
:1052DC00801A060073B50C4C456806690123716889
:1052EC0028680DF10702FFF7BDFF28B99DF80700EC
:1052FC00FF2803D1013CF1D202B070BD002CFBD1D0
:10530C006FF07300F8E700BF40420F007FB54568AF
:10531C000669286807F071FF38B36868B0B12C1DB6
:10532C0007F06BFF08B320464FF4B011FFF77CFF7A
:10533C00044658B1194B03900293002301221846DE
:10534C00CDE90033164906F0A9F810E0E868D8B1A9
:10535C000C3507F052FF034660B9124A1049CDE9EB
:10536C0001020090012206F099F86FF01204204619
:10537C0004B070BD4FF480312846FFF755FF041E72
:10538C0003DA094B0394D7E704463346012203F8AA
:10539C00082B73600023B360E9E700BF9808010095
:1053AC0054E80000BC080100DE0801002DE9F04FB4
:1053BC0043689FB006930369D1F81CA00546894643
:1053CC0016460021142216A8079308F060FB0C2344
:1053DC00202115930123CDE91B134FF47A731D93F0
:1053EC00002E55D001224946284606F09EF80AF1B7
:1053FC00FF3A0446002840F09480D9F800202B692D
:10540C00183A012A0593D5F804B0D6F81080D6E9DD
:10541C00013700F29A8012930BAB1393022314936F
:10542C000FAB0D93032308AA0F920122022F0E93A8
:10543C0034BFFE23FC23CDE910288DF82030002F3B
:10544C003CD1B368012B17D9FD238DF820300123F3
:10545C0005990E9349683B46DBF800000DAA05F050
:10546C00E9FF0446002850D13A462846716906F0F7
:10547C0024F80446002C48D1D9F80030122B0FD157
:10548C00002442E0BAF1000F0AF1FF3309DD9A461D
:10549C0000224946284606F048F804460028F1D177
:1054AC000024069B1868079B596883685B689847BB
:1054BC00002C18BF20461FB0BDE8F08F4146726823
:1054CC00002005F0FFFC059940BAADF82C00002334
:1054DC004968DBF800000DAA05F0ACFF0446A0B942
:1054EC00059901234968DBF8000009AAFFF7BAFE09
:1054FC00044650B99DF8243003F00F03052B15D04A
:10550C000B2B40F088806FF089040022284615A9E7
:10551C00D9F81C7006F009F808B1002F7EDC002CBD
:10552C00BED0BAF1000F3FF75DAFBAE77368024621
:10553C00984428467169CDF8448005F0BEFF013FC0
:10554C00044600283FF47BAFDFE7B3F5007F02D9B8
:10555C006FF08504D9E7354A0E93CDE9092309AAE2
:10556C000B9201220DAB2846CDE90C28CDE90F3268
:10557C00FFF7B0FE041EC8DBFE2C4CD1013FFFF43C
:10558C0079AF0599DBF8000049680FAB0BAA05F061
:10559C0051FF044650B1264B0122029300232549AA
:1055AC001846CDE9003305F079FFAEE705990323E2
:1055BC00496808AADBF80000FFF754FE4146044690
:1055CC007268002005F07EFCBDF820305BBA9BB2FF
:1055DC0083420AD0184B0122029300231549184626
:1055EC00CDE9003305F05AFF8DE773689844CDF888
:1055FC003480002FC2D02846FFF76CFEFE280446EC
:10560C00BCD00E4B0122029300230A491846CDE967
:10561C00003305F043FF6FF0040476E700222846C0
:10562C0015A905F082FF013F044675E7570D0100EF
:10563C000809010054E800001A09010027090100BB
:10564C002DE9FF41064634690D4662680968136806
:10565C004068994217D04369994204D96FF085008C
:10566C0004B0BDE8F08171B104F10807BA4204F14D
:10567C00240356D1A160194652F8047B9A4241F892
:10568C00047BF9D163602B79022BE7D16A792378FB
:10569C00934264D0022A43684FD1ABB1012104304C
:1056AC0005F0B4FE0746002838D1002140F26540D1
:1056BC0007F0B0FE2F4B0322CDE9017338463B4671
:1056CC002D49009705F0EAFE3269D6F80480566839
:1056DC0033680BB9294B3360B388314643F48043AC
:1056EC00B380D8F800000A234032FFF7BBFD074611
:1056FC00D8F80000836831465B689847B388384314
:10570C0023F48043B38028D01D4B01220293002345
:10571C0019491846CDE9003305F0C0FE6FF00400BE
:10572C009EE73A46616204F1400153F804CB8B4288
:10573C0042F804CBF9D16760A5E773B100210430BE
:10574C0005F064FE03460028E8D10E4A0A49CDE96B
:10575C0001020090032205F0A1FE6B792370AB7956
:10576C00012B7FF47BAF6B7A012B7FF477AF00209A
:10577C0076E700BF3109010054E80000801A0600EA
:10578C003C0901005B09010038B50546446801215C
:10579C00E06805F0D3FF6B6819686369C1F82435BC
:1057AC00E28BA38BA07E1343228C1343628C134396
:1057BC00627E9BB20243207E02431343C1F86C35D8
:1057CC0069680B68D3F8002242F48022C3F80022E7
:1057DC000822C3F800254A6A0121C3F83C2700229D
:1057EC00C3F840271965D3F830110029FBD0C3F852
:1057FC0000252846BDE83840014904F0E5BF00BF4C
:10580C00A3B700002DE9F34104460D46476807F0A5
:10581C008BFD88B12022EFF311831E4682F3128890
:10582C00BFF36F8F61680968D1F83011D1B983F378
:10583C001188BFF36F8FEEE7224B1B78002BE9D05A
:10584C004FF02008642663681B68D3F830313BBBEB
:10585C00012007F02DFA013EF5D10021202007F0A0
:10586C00D9FDEFE77B6A20461D7063680DF10701D7
:10587C007F6A1D6804F093FF9DF807204AB9012345
:10588C00C5F83C77C5F84037C5F83021D5F830213C
:10589C002B6586F31188BFF36F8F02B0BDE8F081E2
:1058AC00EFF311831E4688F31288BFF36F8F626883
:1058BC001268D2F83021002AD4D183F31188BFF3B7
:1058CC006F8FCAE75A30002003460A46F0B41979A4
:1058DC00DB88006813430125094A06699A4334683A
:1058EC0008BF83F440238D4023F48012DB078768C4
:1058FC004CBF2C43AC4334603B68F0BC184700BF32
:10590C000100100070B54568066986B0286807F07C
:10591C0074FC034660B9384ACDE90132374901229B
:10592C00009305F0B3FF6FF01204204606B070BD73
:10593C004FF4B0112846FFF7C7FF041E0BDA304BAB
:10594C0003940293002301221846CDE900332B491E
:10595C0005F09CFFE9E7A86888B105F1080407F099
:10596C004CFC034608B9274AD6E720464FF4B01141
:10597C00FFF7AAFF041E02DA234B0394E1E7286920
:10598C0080B1103507F039FC034608B91F4AC3E74C
:10599C004FF480312846FFF797FF041E02DA1C4BA8
:1059AC000394CEE7B568D6E9023203EBC2039D42FD
:1059BC0001D30024B9E7286807F01FFC034688B917
:1059CC002A790E4904922A686FF01204126800902A
:1059DC000392104ACDE90102012205F057FF0E4B4C
:1059EC000394AEE74FF4B0112846FFF76DFF041E89
:1059FC00F5DB0835D7E700BF9E0901006CE8000015
:105A0C00C1090100E2090100060A0100280A01008F
:105A1C004C0A01006E0A0100920A01002DE9F04FB8
:105A2C0091468A881F4612F001030E46D0F804A056
:105A3C00046995B00FD0A34B0293002301221846A2
:105A4C00CDE90033A04905F021FF6FF085084046F1
:105A5C0015B0BDE8F08FC2F34512202A02D99B4A3B
:105A6C000292EBE7531E48BF931DDB10022BA2657D
:105A7C0003F1010208BF042222660A68BAB1944BF2
:105A8C00B3FBF2F35B10E3652660B288DAF80830FA
:105A9C00120536D56BB98F4A029201221846CDE910
:105AAC000033894905F0F2FE6FF01508CFE70423A7
:105ABC00E9E7B9F1000F08D01FB1874B029300231F
:105ACC00EBE70AF1080B3D4624E0002F00F0A6811D
:105ADC00CB464FF480310AF108050AF10800FFF7B4
:105AEC00F3FEB0F100081ADA7C4B0122029300237A
:105AFC0075491846CDE90033CDF80C8005F0C6FE8B
:105B0C00A5E753B10AF1080BDAF810500DB10AF100
:105B1C00100523B14FF4B011DFE79B46F4E794F87E
:105B2C006080B9F1000F40F08880C4F834900023F5
:105B3C00A36304F134030C9304F138030D9304F1C3
:105B4C004C030E9304F14C02434604F1380104F16A
:105B5C00340005F085FEA064002F77D1E7630023A5
:105B6C00236404F13C030F9304F14003109304F1FC
:105B7C005403119304F15402434604F1400104F11F
:105B8C003C0005F06DFE00231A462065A06B2363D4
:105B9C00824261D100221146276CB94263D19342F3
:105BAC002CBF63646264B6885046C6F340030A9304
:105BBC0006F00403099306F008030793C6F34001AB
:105BCC0006F010030B9305F071FE206848B1037DBD
:105BDC003BB10121083005F069FE2368186907F014
:105BEC00F0FAE36D0693C6F3400383F001030893C8
:105BFC0006F00C031293A26C12B1E36C002B3FD194
:105C0C00236D13B1636D002B34D123686BB11A7DF6
:105C1C005AB1998811F4805507D1186907F0D1FA57
:105C2C0020682946083005F041FE0025256304F163
:105C3C00200002F0CDFCA84609E7D9F800306363D8
:105C4C00002B3FF474AFD9F8043071E73B68E36381
:105C5C00002B84D07B6883E7616B01EBC201496840
:105C6C0001320B4494E7E06B00EBC100406801315A
:105C7C00024492E7D4F84C80B8F1000F00F0C980D0
:105C8C00236E022B17D004DC012B17D04FF0000829
:105C9C0004E0033B012BF9D8D2F80080002D00F072
:105CAC00BB80266D1EB1666D003E18BF0126002319
:105CBC00CDE9043357E0B2F80080EFE792F80080AA
:105CCC00ECE700BFB20A01006CE80000CB0A01004F
:105CDC0040420F00EE0A0100180B0100450B0100B9
:105CEC000B9A12B9013BA3EB090928FA09F707F043
:105CFC000107BBF1000F03D03946584605F0D6FD1D
:105D0C00069807F05EFA129B002B65D1002E65D029
:105D1C00284605F090FD034650460899139305F06C
:105D2C00C5FD069807F04DFA079A139B32B92EB1B0
:105D3C00099A1AB1284605F07EFD034650460A9989
:105D4C00139305F0B3FD139B079A002A08BF1F4657
:105D5C00003F18BF0127049B07FA09F73B43049344
:105D6C00059B013305939DF81490A36D9945B7DB02
:105D7C00226D3AB1636D2BB1236E022B36D02FDC22
:105D8C00012B36D0E36C94F8606083B1013BE36483
:105D9C00002B31D1DDE90D12636B0C980833636372
:105DAC00A36B013BA363334605F05AFDA064636DFE
:105DBC00002B3FF420AF013B63651BBBDDE91012E8
:105DCC00E36B0F980833E363236C013B2364334686
:105DDC0005F046FD20650EE700239DE733469BE763
:105DEC00033B012BCED8049B1360CBE7049B1380A1
:105DFC00C8E7049B1370C5E7A36C002BD7D03344C2
:105E0C00A364D4E7236D002B3FF4F5AE3344236534
:105E1C00F1E6002D7FF447AF2E4648E7BB4652E62D
:105E2C0070B40F4CD4E90015501A63EB0506400909
:105E3C0040EAC6602026E0FB0615C4E900150024E4
:105E4C0000250849C1E90023074BC3E90045EFF3DE
:105E5C00118186F31288BFF36F8F70BC03F070B89A
:105E6C00B8040020A0040020B004002008B50022D3
:105E7C000121E420FCF7D8FC164A0020D2F8183790
:105E8C0023F44033C2F8183701F040FF002820DB20
:105E9C000120114901F0C6FF00281ADB01F010FFA8
:105EAC000E4B20F01F00C3E900010D4B0022C3E98B
:105EBC0000014FF0FF304FF0FF310A4BC3E90001F6
:105ECC00094B0A49187A01F00BFF67220020084B96
:105EDC001A6008BD00200E5060030020B80400209A
:105EEC0098040020A0040020580300202D5E000020
:105EFC00500C002008B501F0E3FE064AD2E900324E
:105F0C00C01A054B61EB0201C3E90001400940EAEC
:105F1C00C16008BDB8040020B0040020F7B5224BC6
:105F2C000146224F187A224BD7E90056D3E90023B9
:105F3C009E4208BF954211D1B1F1806F0ED249013A
:105F4C00012938BF012101224D1946F10006C7E98C
:105F5C00005603B0BDE8F04001F0EABF154BDFF886
:105F6C0058C0D3E90043DCE9002CA41843EB0C0C1B
:105F7C004FF0200E22466346C1FB0E23954276EB72
:105F8C000301C7E900230DD2291B66EB0C04C829B9
:105F9C0074F10004B4BF01210021009101F092FFC3
:105FAC0003B0F0BD0021F8E758030020A80400203E
:105FBC00A0040020B8040020B004002070B50368D1
:105FCC001BB31C4614F8012B1F2A24D93A2AF9D1E9
:105FDC001A78A2F13001092902D8991C8C4217D0E9
:105FEC000F4D15F8012B13F8011BA2F16106192EA8
:105FFC0098BF203AA1F1610698BFD2B2192E9CBF6E
:10600C002039C9B24AB19142EBD04FF0FF3003E0D6
:10601C00302AFAD10460002070BD9C42F9E700BF21
:10602C007BF3000038B5002303714FF0FF3303629C
:10603C00044605F0D8FD00283FD194F83430B4F86C
:10604C003252EB2B03D01833DBB2012B2ED84AF68D
:10605C0055239D4206D108221A4904F1860007F007
:10606C001EFD48B3B4F83F30B3F5007F1ED194F851
:10607C004130DBB15A1E1A4218D1B4F84230ABB1E0
:10608C0094F84430013B012B10D8B4F845306BB177
:10609C00B4F847307F2B06D804F1540005F04AFCC5
:1060AC00B0F5803F02D3B4F84A3043B94AF65520D4
:1060BC00854214BF0320022038BD0420FCE70020D9
:1060CC00FAE700BF9E0B01000023F0B585B00B6012
:1060DC000E461546FFF772FF013000F00681864B25
:1060EC001C68002C00F003813460237805F0FE0559
:1060FC0063B1607801F074F8C30707D40DB147079A
:10610C0002D4002005B0F0BD0A20FBE70023607824
:10611C00237006F0BEFDC60700F1EB800DB1410700
:10612C00F2D400212046FFF77DFF022840F0C58005
:10613C006E466A4604F5FD7304F23A21184605F0E2
:10614C00F9FB10338B4242F8040BF7D1002556F8BB
:10615C00041B002900F0A8802046FFF763FF0128EC
:10616C0000F2A380B4F83F30B3F5007F40F0AA8072
:10617C00B4F84A6026B904F1580005F0DBFB06467A
:10618C0094F84430216A5A1E012AE661E37000F249
:10619C00998094F841506581002D00F093806A1E1F
:1061AC002A4240F08F80B4F845703A07278140F0BE
:1061BC008980B4F8470018B904F1540005F0BAFB13
:1061CC00B4F84220002A7DD006FB03FE02EB171C1C
:1061DC00F444604576D3A0EB0C00A842B0FBF5F379
:1061EC0070D3464883426DD84FF6F57083426BD816
:1061FC0040F6F575AB428CBF0225012502330A44EB
:10620C0001EB0C00032DA3616162A26220635DD1DE
:10621C00B4F85E203A4355D104F1600005F08AFBD6
:10622C009B0003F2FF13B6EB532FE0624AD34FF0FF
:10623C00FF33C4E904338023032D63712CD1B4F8EC
:10624C006430012B28D12046013105F0CCFC18BB61
:10625C00607104F1340005F06DFB294B98421BD1A1
:10626C0004F5067005F066FB03F1FF5303F50053CC
:10627C002033984210D104F50C7005F05BFB214BD8
:10628C00984209D104F5077005F054FB606104F5E0
:10629C00087005F04FFB20611B4A257013880133F1
:1062AC009BB21380E3802CE703200135042D7FF48F
:1062BC004EAF042806D1012024E70428FBD0012886
:1062CC007FF650AF0D201DE7032597E7002FF9D07F
:1062DC00022D02EB0E004FEA43021BBFD21803F053
:1062EC000103134603EB52039BE70B200AE70C2038
:1062FC0008E7032006E700BF540C0020F5FFFF0F52
:10630C0052526141000055AA201000202DE9F8439B
:10631C00FF268046354604240768D8F8181019B9AA
:10632C00002C69D0042453E0384605F05CFC04468C
:10633C0000284DD1D8F81C000378002BF2D0C27A7B
:10634C00E52B02F03F0288F8062047D02E2B45D0D3
:10635C0022F02001082941D00F2A44D159063BD5FF
:10636C0003F0BF05D8F81030467BC8F82C30437BBF
:10637C00B34233D1428B8ABB0D2103784FF6FF79A0
:10638C0023F04003013B4B430121D7F80CC0DFF84D
:10639C0070E01EF8014B045B11B3FF2B1ED8214695
:1063AC002CF81340013301320D2AF2D10278520637
:1063BC0005D521B1FF2B11D800222CF81320013D5B
:1063CC00EDB20021404605F0D3FD04460028A4D0D0
:1063DC000023C8F818300FE0AB42C8D0FF25F0E717
:1063EC004C45E0D0FAE71DB905F0B9FAB04203D03C
:1063FC004FF0FF33C8F82C302046BDE8F88300BFBF
:10640C00D70F01002DE9F04F002187B00446D0F8DA
:10641C0000A005F002FE0546002840F08C804FF0ED
:10642C00FF084FF0FF39C34604F12003C4F82C9049
:10643C0002935046A16905F0D6FB054600287AD197
:10644C00E6693778002F7AD0F27AE52F02F03F0315
:10645C00A37103D010075AD50F2B04D0C4F82C907D
:10646C004FF0FF0B40E094F82B3059063CD47A06E1
:10647C0042D5236907F0BF07E36296F80D80738B52
:10648C00002BEDD10D2301213578DAF80CB005F095
:10649C003F05013D5D432B4B13F8012BB25A0029EC
:1064AC0030D0FF2D0593DBD81046049200F01AFF74
:1064BC006B1C03903BF81500019300F013FF03993C
:1064CC008142CDD1049A019D1146059B1E4A9A42E8
:1064DC00E2D133785B0604D519B13BF81530002BAB
:1064EC00BED1013F5FFA87FB0021204605F040FD3D
:1064FC00054600289DD01EE0BB45B1D1737B4345BA
:10650C00AED1BCE74FF6FF708242DFD0A8E7BBF1FB
:10651C00000F04D1304605F022FA40450BD094F818
:10652C002B5015F0010599D10B223046029907F03A
:10653C00B6FA002892D1284607B0BDE8F08F0425A2
:10654C00F9E700BFD70F0100E40F01002DE9F04F70
:10655C000646036885B001938A4611F8013B2F2B40
:10656C00FAD05C2BF8D00023B3609AF800301F2BC4
:10657C0000F2B68080230021304686F82B3005B01F
:10658C00BDE8F04F05F049BD2F2800F02D815C28A7
:10659C0000F02A817F2806D801469B4807F08FFA25
:1065AC00002840F0E980FF2F00F0E6802BF8174020
:1065BC00013799E033F8022D202A02D02E2A40F020
:1065CC00A680013FA0E0994580F0DD80BA4212D14F
:1065DC000B2B07D1DAE0BA4204D044F00304E4B246
:1065EC0000F2D8804FEA88083A460B234FF008098E
:1065FC005FFA88F8BEE07F2D3ED944F00201CDE968
:10660C0002232846CBB240F2B511009300F038FEBD
:10661C00DDE9022310F0800F054614D07B4900F011
:10662C007F054D5D45B129467948CDE9022307F038
:10663C0046FADDE9022308B300995F2541F0030116
:10664C00C9B2009110E0FF28ECD9591E894504D33A
:10665C0044F003049946E4B28CE006EB0901000A0D
:10666C0081F8200009F1010906EB0901009C81F871
:10667C00205009F101097DE00094D4E7A5F1410116
:10668C0089B2192902D848F00208EDE7A5F1610199
:10669C0089B219299EBF203D48F00108ADB2E3E74D
:1066AC00A10700F1908008F0010344EA0313DCB267
:1066BC0018F0040F18BF44F0080484E0620700F1DE
:1066CC009080B379DB0659D5019B03F13401336912
:1066DC00C3F308031944019B187805F03CFBB06028
:1066EC0000273368D3F80CB01AF8010B48B140F20C
:1066FC00B51100F0E3FD044600283DD01F283FF6FD
:10670C0043AF04240BEB4703002F7FF453AF4FF040
:10671C0000020BEB47032BF817206FB300223BF85A
:10672C0012001146202802F10102F8D009B92E28D6
:10673C0002D144F00304E4B233F8022D2E2A01D026
:10674C00013FF9D14FF020334FF0000973623362EF
:10675C00C6F82730C84608233BF811504A1CCDB167
:10676C00202D04D02E2D7FF42EAFBA4208D044F049
:10677C000304E4B21146EFE7062032E0052030E0D6
:10678C009945FFF425AF0B2B7FF425AF0B2344F079
:10679C000304E4B296F82020E52A04BF052286F80B
:1067AC002020082B04BF4FEA88085FFA88F808F00D
:1067BC000C030C2B04D008F00303032B7FF470AFF5
:1067CC0044F00204E4B2304686F82B40FFF71AFE80
:1067DC0000283FF473AF042803D114F0040F08BF52
:1067EC00052005B0BDE8F08F53461C789A462F2C37
:1067FC0003F10103F9D05C2CF7D01F2C8CBF0024C3
:10680C000124A4007EE700BF770B0100570F0100A5
:10681C00800B01002DE9F04F90F82B30044613F05B
:10682C00A00889B040F0B2800768F96831F81820E8
:10683C004ABB0DF1140A04F1200696E807008AE819
:10684C000700DA0740F1A98040224FF0010B974D69
:10685C0084F82B20B4469AE80700D7F80CE0ACE893
:10686C000300BBF1050F2CF8022B4FEA12428CF8F7
:10687C0000200BD95A46AEF1020030F8021F002955
:10688C0051D192B204E008F10108CFE71FFA8BF264
:10689C00D446072102F00F0E0EF13000392888BFC4
:1068AC000EF13700013991460CF8010D4FEA121226
:1068BC0002D0B9F10F0FEDD87E2001F120026A440D
:1068CC0002F8140C002204F11F008A4206D010F8C2
:1068DC0001CF02F1010EBCF1200F34D11F32224442
:1068EC0004F1270C07298FBF202001F120006844F8
:1068FC0010F8140C98BF013102F8010F9445F1D136
:10690C0020460193FFF77EFD019B8146002840D174
:10691C000BF1010BBBF1640F9CD14FF007094846FA
:10692C0009B0BDE8F08F4FF0100C01F0010E0EEB2A
:10693C00420212F4803F18BF6A40BCF1010C4FEACE
:10694C005101F2D199E77246BFE7804601212046FA
:10695C0005F00EFB8146002835D00428DDD0DEE79B
:10696C0001462022E06907F092F803CEE369186033
:10697C005960B27831889A72198194F82B30E26997
:10698C0003F01803137301233B71C8E74FF006099A
:10699C00C5E70428C3D184F82B309B0742BF0D23D5
:1069AC0008F10C05B5FBF3F54FF00001204658BF7C
:1069BC000125D4F800A048BF013505F02EFB814617
:1069CC000028ACD180465046A16905F00CF900288E
:1069DC0069D1E3691B78E52B01D0002BB5D108F107
:1069EC0001084545B2D1013D55D021692046A1EBA6
:1069FC00451105F012FB8146002890D1304604F079
:106A0C00AEFF4FF6FF7801903846A16905F0EBF820
:106A1C008146002883D1E369019AD7F80CE05A73B8
:106A2C004FF00F024FF00D0CE9B2DA724A1E0CFB5C
:106A3C0002F28446DFF878A018739876D876404531
:106A4C0018BF3EF812001AF8019B0CF1010C03F868
:106A5C00090018BF013203EB090B4FEA102900287B
:106A6C0008BF4046BCF10D0F8BF80190E7D14045B3
:106A7C0002D03EF812200AB941F0400119700123EE
:106A8C00002120463B7105F073FA814600287FF403
:106A9C0046AF013DB8D13846A16905F0A4F881464E
:106AAC0000283FF45DAF4FF0010938E721100100D9
:106ABC00D70F01001FB5CDE9001003A814460391B0
:106ACC00FFF77CFA013014D00B4B1A6812B100217D
:106ADC0019601170019A12B100211A6011802CB149
:106AEC000022684601A9FFF7EFFA0446204604B0DD
:106AFC0010BD0B24FAE700BF540C00202DE9F04F19
:106B0C0091B0099009A80D4693460693FFF756FAE3
:106B1C00013000F0B982AB4B1B680BB100221A702C
:106B2C00002006F0B6F8C20700F1B082430700F16E
:106B3C00AF82A54B002D08BF1D4668680B9018B995
:106B4C0003210BAA00F06AFB0B9A531EB3F5004FFE
:106B5C0001D21A4201D001230B936B78D5F808901F
:106B6C000193013B012B019B88BF0123019309F188
:106B7C00FF33B3F5004F2BD219F00F0F18BF4FF4A2
:106B8C000079EC68B4F1807F25D8631E234218BFCE
:106B9C000024069BB3F5007FC0F07C82BBF1000F94
:106BAC0000F07882002001210CAA2D780C9000F0C6
:106BBC0035FB002840F00C8315F0080305930CD12D
:106BCC000C9B3F2B75D93F3B0C933F23029305E065
:106BDC004FF40079D5E70024DBE70290DDF8308034
:106BEC00B8F17F0F63D9B4F5813F2CBF8024640AC0
:106BFC0015F0020105F001035DD0C3F10303DBB214
:106C0C004FEA491207920B9A032B02F1FF300890BE
:106C1C00C2F1000E7CD1002C53D101246B4B4FEAF6
:106C2C00584033F8022B12B182424CD90022B8FBE7
:106C3C00F4F3980000F20720400A0390A3F57F4379
:106C4C006348F63B834232D800234FF0200A0325D9
:106C5C000493029B01980AEB0306039B032D00FB94
:106C6C000360049B1844089B034403EA0E03A3EB44
:106C7C0000032CD19A441E44029BC3EB041303441F
:106C8C00984514D3049B0198A8EB0307039BA7EB2F
:106C9C000A0700FB1377032DB7FBF4F72AD14FF645
:106CAC00F5739F4200F210820AB9012C08D80E200D
:106CBC008FE2059B8AE7002B00F0EE8102239FE711
:106CCC0064082246B3E76400ABE75B0027E0019F52
:106CDC00DDF804C0B3FBF7F70CFB17371FB1013B12
:106CEC000AF1010A0136019FB3FBF7F3039F1F441E
:106CFC000397C1E7022D40F0E1814FF6F5739F42F7
:106D0C0032D9002A40F0CA816400402C00F2CB81B9
:106D1C00002C40F0CE8101232E484FEA183530F874
:106D2C00022B0AB1AA42D0D9B8FBF3F240F6F570A7
:106D3C0082429BBF02EB42020132023252088CBFEC
:106D4C005200033202F2FF124FEA52220392079AC8
:106D5C0088BF02254FEA5222049298BF0125224691
:106D6C004FF0010A1C4674E740F6F5739F4200F29F
:106D7C00AB81002A9BD16400802CC9D997E741468E
:106D8C000BF1200004F0D8FDD3E10BF1270004F047
:106D9C00D3FD039B0BF12B028BF81630C3F30723A7
:106DAC008BF8173080238BF8243029238BF826306E
:106DBC00094B03F1100153F8040B8B4242F8040BFE
:106DCC00F9D1EFE1540C0020ECEB000072EC000068
:106DDC00FFFFFE0F64EC0000A70B0100032D39D15F
:106DEC00029A01235946063200F00EFA4FF4007253
:106DFC004146584606F04BFE5223412272218BF835
:106E0C0000308BF8013061238BF803208BF80230B3
:106E1C008BF8E4118BF8E5118BF8E6218BF8E73150
:106E2C00791E0BF5F47004F087FD0223029A594683
:106E3C008BF8EC310732012340468BF8FEA18BF81E
:106E4C00FF9100F0E1F90123029A594640461A4499
:106E5C0000F0DAF9069B00211A4658466FF3080237
:106E6C004FEA532906F013FE012D934B18BF6FF018
:106E7C0007034FF0000A0293032D40F0DA80F82349
:106E8C008BF80030FF238BF801308BF802308BF835
:106E9C0003308BF804308BF805308BF806308BF808
:106EAC0007308BF808308BF809308BF80A300F2339
:106EBC008BF80B30039F4F45B84628BFC846594640
:106ECC0043463246002000F09FF90146002840F06E
:106EDC007F814FF40072584606F0D9FDB7EB0807D6
:106EEC004644E8D1019A0AF101039A424FF0010A93
:106EFC00C2D8049B032D08BF23460493049C32463E
:106F0C004C4528BF4C4659462346002000F07CF9DE
:106F1C00002840F05D81049B26441B1B0493EDD19B
:106F2C00032D00F08B800C9BB3F5803F80F08980A3
:106F3C00022D14BF4FF001094FF00409059B002BE3
:106F4C0040F099800C9B01210E93059B0DAA1846CD
:106F5C000F9300F063F9002840F03A8105230824D0
:106F6C004FF63E420D9FB7FBF4F191426CD83F2691
:106F7C004FF400720021584606F089FD0BF5FB73A7
:106F8C000BF5E3720DF1380A0193B74264D9DAF8C4
:106F9C000050642D05D81BBF6421B7FBF1F13D46B1
:106FAC004D4315EB06082CBF01210021474501D3A9
:106FBC0000294FD0B846BD1B3146104604F0BCFC2E
:106FCC002946101D04F0B8FC3F23B6FBF3F1B1FBCE
:106FDC00F4F004FB1015C1EB8111711A02F8075C77
:106FEC00850825F03F050131294302F8061C08F1FC
:106FFC00FF31B1FBF3F502F8050CB5FBF4F004FB23
:10700C001056C5EB8515491B8508013125F03F0548
:10701C00294302F8021C019902F8049C914202F8DF
:10702C00036C02F8010C17D046460AF1040A103220
:10703C00ABE75846029904F07FFC3BE74FF00C0994
:10704C007CE74FF0060979E76400013BE4B28AD192
:10705C00FF248CE7002DAFD1552300228BF8FE3195
:10706C00AA2359468BF8FF311046012300F0CCF8C7
:10707C00002840F0AD8000221146104600F0CEF8FA
:10708C00003818BF0120A4E00B20A2E00320A0E0F0
:10709C000A209EE011209CE013209AE000293FF486
:1070AC0006AE1446C3E500297FF4B7AD802C3FF63D
:1070BC00FEAD234638E600BFF8FFFF0040F6F5733F
:1070CC009F423FF6F4AD01254FF400720021584663
:1070DC0006F0DDFC404B032D1A6808BF4FF0000989
:1070EC00CBF800205A688BF80EA0CBF804201A8934
:1070FC009B7ACAF3072A8BF80A3002238BF80C30E0
:10710C00019B8BF81190B8F5803FC9F30729ABF8B8
:10711C0008208BF80D408BF80FA08BF810308BF8F3
:10712C001290BFF42CAEC8F307238BF813808BF8A6
:10713C001430F8238BF815303F238BF81830FF23CD
:10714C00029908F1B4488BF81A300BF11C0004F0CA
:10715C00F3FB08F50418032D41467FF416AE0BF132
:10716C00430004F0E9FB03990BF1240004F0E4FB69
:10717C0002238BF82C3001238BF8303006238BF84C
:10718C00323080238BF8403029238BF84230134B5C
:10719C000BF1470203F1100153F8040B8B4242F838
:1071AC00040BF9D14FF0550A4FF0AA0919889B78B6
:1071BC0011809370594601230020029A8BF8FEA18E
:1071CC008BF8FF9100F020F8804600283FF406AEC3
:1071DC00012011B0BDE8F08F870B0100930B01006B
:1071EC0008B5034803F022FB003818BF012008BD86
:1071FC007BF3000008B5034803F026FB003818BFEA
:10720C00012008BD7BF3000008B5034803F033FBF5
:10721C00003818BF012008BD7BF30000002313B514
:10722C0014460193052925D8DFE801F0030B0D1B4B
:10723C00241D05211148FAF70FFE003818BF012054
:10724C000CE00121F6E702210C4801AAFAF704FE32
:10725C0090B9019BB3F5803F0ED22380C0B202B02F
:10726C0010BD0421E6E712780AB90721E2E70022F3
:10727C000621DFE70420F1E70120EFE77BF30000B4
:10728C007F2801D880B27047B0F5803F11D240F210
:10729C00B51399420DD10023074A32F8021B8142E3
:1072AC0001D19BB202E00133802BF6D18033D8B2EE
:1072BC0070470020704700BF2EEF00007F280DD9CB
:1072CC0040F2B513994208D1FF2806D8044B00F1BF
:1072DC000040803833F8100070470020704700BF22
:1072EC002EEF0000B0F5803FF0B522D21F4A2049A6
:1072FC0083B2B3F5805F38BF0A46141D34F8042CF2
:10730C002146AAB1934213D334F8025C2E0AEFB291
:10731C0052FA85F5A84223DA082E09D8DFE806F0E0
:10732C00050A10131517191B1D00801A34F810309C
:10733C001846F0BD9A1A02F001029A1A93B2F7E7B6
:10734C00103B9BB2F4E7203BFBE7303BF9E71A3BE1
:10735C00F7E70833F5E7503BF3E7A3F5E353F0E722
:10736C000434002ECAD101EB4702C6E780EC0000C2
:10737C003CED0000064BD3F840231C2A05D1D3F872
:10738C004403431E5842584170470020704700BFC9
:10739C0000C0FF0003689A070CD50368DB070DD506
:1073AC000922074BC3F80C250F22C3F80425012230
:1073BC001A60FEE7034B0360EF3B0360704700BFAE
:1073CC0000801050F000FA5008B50123404A4148A3
:1073DC00C2F80038404AD2F840231C2A04BF3F4A66
:1073EC00C2F80C34FFF7D6FF0830FFF7D3FF083094
:1073FC00FFF7D0FF0830FFF7CDFF00F5F470FFF773
:10740C00C9FF374AD2F88C3043F44063C2F88C3051
:10741C000022D30003F57F0303F54043D3F8001497
:10742C0001310AD0D3F8001439B1D3F80014013269
:10743C00D3F80434402A0B60EBD1254BD3F840240D
:10744C00002A41D0FFF796FF48B1234BD3F83423E1
:10745C00244B9A429EBF1E4B234AC3F84026FFF78B
:10746C0089FF18B1214B224AC3F8AC27FFF782FFE2
:10747C0048B13422164BC3F82426D3F83C2622F408
:10748C000022C3F83C261B4B1549D3F80026D20723
:10749C0044BF6FF00102C3F80026174BD3F8182530
:1074AC0022F00302C3F81825D3F8182542F0030282
:1074BC00C3F81825D1F88C2042F44062C1F88C2016
:1074CC000022C3F8A02508BDC822C3F84024B9E7A0
:1074DC000000125000C50D5000C0FF0000300550D8
:1074EC0000ED00E0001D0A1840E0A91E00A00850A5
:1074FC0078000A0400E0105000B00450014B1B68E7
:10750C00184700BF580C002010B50C4C237993B9C8
:10751C00012323710A4B0028206018BF184600F085
:10752C00F7F850B923680748002B08BF1846BDE888
:10753C00104000F039B86FF0770010BD580C0020E7
:10754C000975000027CD000008B5084B1B6843B136
:10755C0040F20510FBF75AF918B940F20510FBF789
:10756C0033F90122024B1A7008BD00BF580C0020E1
:10757C005930002038B504230A4C42F21075C4F877
:10758C000833012363610023C4F80831D4F80831AF
:10759C00D4F84C34DB0304D5012005F089FB013D04
:1075AC00F6D138BD00E01050064A13793BB90121E1
:1075BC0010601171044A1846C2F8403470476FF0DD
:1075CC0077007047600C002000E0105010B51D4B88
:1075DC001D4CD3F84C14D3F84C2411F4803F19D023
:1075EC0002F00302012A01D08AB90022154BC3F81C
:1075FC0040240022C3F80821D3F8082101221A6183
:10760C0022688AB9D3F80821002AFBD014E0FFF7CE
:10761C00B1FFEAE7D3F84824D107E6D5D3F85024D4
:10762C009207F4D422681AB10422C3F8042310BDC3
:10763C00D3F80821002AFBD00022C3F80821D3F884
:10764C000831F4E700E01050600C0020F8B501257B
:10765C00184C194ED4F80C3303F00C0303B9F8BDD5
:10766C00B3FA83F30027C3F11F039A0002F580726B
:10767C0092B202F1A04202F58712176005FA03F1EB
:10768C00022B1268D8B2C4F8081310D1D4F84C34B9
:10769C00D4F84C349B070AD10423C4F84054C4F8E2
:1076AC0004332561D4F80C3303F00C03D6E73368AC
:1076BC009847F7E700E01050600C0020712238B5B5
:1076CC00104B0021C3F80823012242F210745A60B7
:1076DC00C3F80011D3F800110B490A4DD1F840132F
:1076EC001C2908BFDA60D5F80C3413F4803305D0AC
:1076FC00012005F0DDFA013CF5D138BD034A537188
:10770C00FBE700BF00E0105000C0FF00680C002039
:10771C00054B0246187918B91A6001221A71704784
:10772C006FF07700704700BF680C00200022164BEA
:10773C00C3F81021D3F81011C3F81821D3F818117D
:10774C00C3F81421D3F814111049D1F840131C2993
:10775C0004BF01219960C3F80021D3F80021012254
:10776C001A600B4A126852B9074BD3F80021002A51
:10777C00FBD00022C3F80021D3F8003170477122EE
:10778C00C3F80423704700BF00E0105000C0FF0096
:10779C00680C0020F8B50126194C1A4DD4F80C339E
:1077AC0003F0710303B9F8BDB3FA83F30021C3F1FD
:1077BC001F039A0002F5807292B202F1A04202F508
:1077CC008712116006FA03F7042B1268D8B2C4F8BA
:1077DC00087308D0062B10D02B689847D4F80C33BC
:1077EC0003F07103DEE702236B71C4F81411D4F8B3
:1077FC0014312023C4F80433EEE76971ECE700BFC1
:10780C0000E01050680C0020036803F01F025F2B8F
:10781C0002604FEA53129ABF024B53F82200002029
:10782C00704700BFFCEB0000034A4309D35C00F037
:10783C001F001844C0B27047E40F0100F0B50646B3
:10784C00002487B0114F019117F8012B06AB03EB05
:10785C00D20313F8143C02F00702D34013F00103D7
:10786C0006D10134032CEFD10023184607B0F0BD2C
:10787C00074A03AD07CA85E8070055F824100A6AC1
:10788C0046F824200A62002AEBD0EEE7F40F010040
:10789C00B0E80000F7B504460846FFF7C5FF04EB57
:1078AC004006B38A0D46DB072AD5204605F039FB86
:1078BC002946204605F0A6FA50B1204605F0B8FA44
:1078CC000023276807EB8000C0F81035C0F810358E
:1078DC002946204605F0D5FA002101A8B182019570
:1078EC00FFF792FF019B00EB8300D0F88020064B42
:1078FC00134043F00203C0F88030084603B0F0BDDB
:10790C006FF01500FAE700BFF0F0FCFF2DE9F04333
:10791C00044685B0084615461F46FFF785FF0E4600
:10792C00804625B3204605F078FA18B9204605F0B4
:10793C0069FA18BB04EB4809B9F8143003F01C03BE
:10794C0013B16B78012B19D001238DF80F30002364
:10795C003046CDE900536A1CAB1C0DF10F0105F04C
:10796C00F9F9B9F8143043F00303A9F81430002FD7
:10797C003ED03146204605F050FA20B96FF0150084
:10798C0005B0BDE8F0830022397823684FEA810CFA
:10799C0003EB8103C3F81025C3F8102504EB480250
:1079AC00938A23F4604323F0200393827D78FDB106
:1079BC002468B8786444D4F810750E4B2D043B4001
:1079CC00C4F8103541F6F07305F4403503EA06139C
:1079DC000005D4F810752B4300F4801003433B438F
:1079EC00C4F81035938A43EA413343F02003938261
:1079FC000020C5E70FE0ECFF70B590F87440054629
:107A0C0090F8756044BB46222146143006F03FF8CE
:107A1C002146134A2B6852F836608E4212D100244C
:107A2C0040F20D10C3F84441D3F844210D4A93425F
:107A3C0008BFDB20FAF7C8FE0123204685F8743016
:107A4C002B6670BDCAB2920002F58070442A04BF46
:107A5C001C501A580131E0E76FF07700F1E700BFD6
:107A6C0008EC000000A00D5090F87500024B03EBE1
:107A7C00800005F039B900BF6803002010B5064B33
:107A8C0090F875000C4603EB800005F013F9002804
:107A9C00A4BF2070002010BD680300202DE9F04F1A
:107AAC00804658F804BB90F87540DBF814136A4B09
:107ABC00C9B253F8342007468BB0584641F4003114
:107ACC0005F008FA8203054639D50023CDE90733C2
:107ADC000993614BE60003EBC404636807A81946DD
:107AEC000093FFF7ABFE331D03934FF0000A5B4B83
:107AFC000DF11C090293029A574912F8013B0292AC
:107B0C00039A02EBD3028A5C03F0070322FA03F315
:107B1C00DB071AD40AF1010ABAF1030F09F10409BF
:107B2C00E9D14FF400310022584605F0D3F9009901
:107B3C0007A8FFF783FE0028D7D125F400350124D0
:107B4C00002D73D10BB0BDE8F08F454B534404931B
:107B5C00D9F80060002EDDD096FAA6F6B6FA86F6B5
:107B6C00049B1C7846EA44142046FFF75DFE07EBA5
:107B7C004000818AF208C1F382030593019301232B
:107B8C0019F8020006F0070603FA06F620EA0600CA
:107B9C0009F8020006A80694FFF736FE069A11F0C3
:107BAC00100F02F1200250F82260059BC6F301462B
:107BBC0023D04046019A214605F044F906A80694C4
:107BCC00FFF722FE069BF6B2203350F82330C3F3A6
:107BDC0001439E4207D10021204605F004F93146AD
:107BEC00204605F000F906A80694FFF70DFE0122C9
:107BFC00069B02FA03F30362AAE7022E14BF0221CA
:107C0C0003212046059305F0EEF8059B032B03D0CA
:107C1C00022E07D1012BE6D121464046019A05F0F0
:107C2C0011F9E0E7032EDED1022BF4E795FAA5F368
:107C3C00B3FA83F304FA03F225EA020503F5A27200
:107C4C005BF8222007EB43034046B3F86410C2F301
:107C5C00014205F0F7F873E708EC0000F40F01009F
:107C6C00F40F01000123034A03FA00F09368034365
:107C7C00936070476000002073B504460191EFF3E8
:107C8C001186202383F31288BFF36F8F0B4D019B5A
:107C9C006A6801A81340019305F00CF8002807DB73
:107CAC0001226B68824023EA02036B602070002083
:107CBC0086F31188BFF36F8F02B070BD6000002097
:107CCC004FF0FF326FF0404330B5044CD4E9000163
:107CDC00824273EB0105F9D330BD00BF40270E5033
:107CEC0030B50C25074B1C1894F8544005FB043395
:107CFC00C3E9031218750123034A8340C2F82433E5
:107D0C0030BD00BF6000002000200E50F8B53E4C86
:107D1C002278002A72D13D4BD3F8101521F00201C4
:107D2C00C3F81015D3F8101541F00101C3F8101564
:107D3C000521C3F8A4160421C3F8AC160723672148
:107D4C0001F001000244013BD2B24FEA5101F7D1DC
:107D5C00052A56D119464FF0010C2B4E00256720F1
:107D6C00CFB204E00CFA02F220EA0200013590FADC
:107D7C00A0F25FFA85FEBE45B2FA82F2F2D301316F
:107D8C0032750529224482F8547006F10C06E5D1AF
:107D9C00012100251E489A0801FA02F212F0670F21
:107DAC0018BF1D500433302BF5D1E420FAF70CFD2D
:107DBC00164B1849D3F8102503F5C07322F00202B4
:107DCC00C3F8902340F6FF72C3F8A82100221A6072
:107DDC00A3F5807004338B420260F8D101250B4B64
:107DEC000D4A1D660D4B5D201B68B3FBF2F3584327
:107DFC000B4B2B43984700202570F8BD6FF0770094
:107E0C00FBE76FF08B00F8E76000002000200E50BD
:107E1C0000210E50B0210E5040420F006403002090
:107E2C00D0E8000038B5244B0D46D3F81025940744
:107E3C003CD4D3F8102542F00202C3F81025C0B18F
:107E4C00D3F8482712F0010202BFD3F8481741F0CB
:107E5C000101C3F84817184BD3F84017D3F844174F
:107E6C004800F9D42AB9D3F8482722F00102C3F804
:107E7C004827124B124A1B68B3FBF2F30E4A03EB72
:107E8C004313B3B1D2F84017D2F8441749000BD4BE
:107E9C004FF0FF312846FFF7EFFE044610B9287863
:107EAC00FFF7E0FE204638BD013BEAE76FF07704B0
:107EBC00F8E76FF07304F5E700200E506403002020
:107ECC0040420F0070B51E461546174A9DF810101B
:107EDC00131893F854300C3302EBC30442F83350AC
:107EEC006660C6F313020401A1B104F1A04404F5C9
:107EFC006224C4F82055C4F824250C4C800004449A
:107F0C00236833B1FFF7DCFEA842B14101D2002354
:107F1C00236070BD04F1A04303F56223C3F8205520
:107F2C00C3F82425F5E700BF6000002000210E50A7
:107F3C00F0B50E4D2B1893F8543000010C3355F856
:107F4C00334005EBC3077E68641800F1A04021F0B4
:107F5C00004146F1000641EAC27100F5622045F885
:107F6C0033407E60C0F82815F0BD00BF60000020D3
:107F7C00F7B5284B284CD3F82C6304F188070EB9BD
:107F8C0003B0F0BD96FAA6F00123B0FA80F083405E
:107F9C00DA43224926EA0306231893F85450830047
:107FAC0019440C2303FB0543DB6873B3D7E8EF3F9D
:107FBC0003EA020CC7E8EECFBEF1000FF6D1C340C6
:107FCC00DB0719D5020102F1A04202F56222D2F8B8
:107FDC002435D2F82025D1F800C0BCF1000FCED04A
:107FEC004FF0000CC1F800C00C2101FB05452969BC
:107FFC000091E9688847C2E705F10C0304EBC30C58
:10800C0054F83320DCF80430E5E70A68002AB6D0CF
:10801C000B60B4E700200E506000002000210E50D1
:10802C0010B5184BD3F80443E1040AD5D3F830212A
:10803C003AB10022C3F83021D3F83031124B1B680F
:10804C009847A2040BD50F4BD3F834213AB100203A
:10805C00C3F83401D3F834310C4B1B6898476304D4
:10806C000ED5084BD3F8382152B10022C3F8382171
:10807C00D3F83831054B0120BDE810401B68184778
:10808C0010BD00BF00E01050740C0020700C0020DC
:10809C00044B40EA0120C3F80005D3F80024D207B2
:1080AC00FBD5704700B004501FB50446F9F7ECFB44
:1080BC00064B01220293002305491846CDE90033F3
:1080CC0005F0A6F8204605F0B3F800BFBB0B010085
:1080DC002CE800002DE9F041054686B00E46EFF382
:1080EC001188202383F31288BFF36F8F0024042898
:1080FC0098BF234B234A98BF53F82030976888BF0A
:10810C00214B127C2149CDE90432214B039002937F
:10811C00012223462046CDE9004405F079F86EB1E2
:10812C00F369C3F308034BB11A4B0122CDE90143A8
:10813C00204623461549009405F06AF82FB13846BD
:10814C0005F0F8F808B1037803B91348134B012272
:10815C0002930023CDE90370CDE9003318460B4997
:10816C0005F056F831462846FFF79EFF88F3118834
:10817C00BFF36F8F384606B0BDE8F041FAF7DEBBAF
:10818C0018EC0000780C0020CA0B01002CE8000051
:10819C00E00B0100080C0100D80B0100290C0100B8
:1081AC0038B50A4B53F82040013053F82050A54203
:1081BC0000D838BD606830B1037EDB0701D405F010
:1081CC0004F80834F3E723689847FAE72CEC00002E
:1081DC00012270B5294B86B003201A70FFF7E0FF1F
:1081EC0005F0E7F90420FFF7DBFF254C254D26466B
:1081FC00AE4204F130040FD300F0FCFB204CAC4237
:10820C0026D300F00BFCF8F729FC1F4A938923F0C6
:10821C000103938106B070BD54F80C3C059354F8DF
:10822C00103C049354F8143C039354F8183C0293F8
:10823C0054F81C3C019354F8203C009354E90A2355
:10824C0054E90C0100F01EFA54F8303C5E65CEE7A0
:10825C00D4E90A23B3F1FF3F08BFB2F1FF3F05D0C9
:10826C0052EA0301206803D105F0FDF83034C6E76B
:10827C000649183000F0D4FDF8E700BF5A30002052
:10828C0014E7000014E7000048050020FBD30000B1
:10829C00882370B5134E012203FB0066002386B0C1
:1082AC00CDE904230F220193CDE9023214230E4DA4
:1082BC000E4903FB0055044601EB40314FF40052CC
:1082CC0030460B4B009500F0DDF9337C2C7423F019
:1082DC0004033374074B013403EBC423EE606B606F
:1082EC0006B070BDC0040020780C0020603800205F
:1082FC0001D30000603000207FB50020FFF750FF55
:10830C00294B03F5006282F3088883F30A88002462
:10831C00E023264D85F82230EC772C766C76AC7603
:10832C0085F820406B6A43F4E0236B6285F82340A8
:10833C00FAF7B6F9FAF7ECFA4FF0FF33AB62EB62EF
:10834C00FAF7F4FCFAF768FBF9F776FA184800F03C
:10835C00D7F90120FFF724FF0220164DFFF720FF6D
:10836C0000F086FB144B4FF4FA425D61134B144939
:10837C00059301232846CDE90343CDE90144114B74
:10838C00009400F07FF906462B7C284623F004036A
:10839C002B7405F009F82046FFF77AFF3146284682
:1083AC00084AFAF795FA00BF6030002000ED00E0B3
:1083BC00D005002048050020780C00208B0C010013
:1083CC0060580020DD81000038B5074C074DAC42E9
:1083DC0001D3002038BD204604F032FF08B91C340C
:1083EC00F5E76FF01500F5E7E40300201C0400200E
:1083FC0073B50C46EFF31181202585F31288BFF37A
:10840C006F8FC5685DB125602B68C36083690133CC
:10841C008361002081F31188BFF36F8F11E052EA62
:10842C00030603D16FF00B002560F3E7CDE90023C1
:10843C000246083000F050FA18B9034B9B685B6990
:10844C00236002B070BD00BF780C00202DE9F34111
:10845C00044617461E46EFF31188202383F3128837
:10846C00BFF36F8F304BC2689B6872B180689842C3
:10847C0017D057EA060216D188F31188BFF36F8F15
:10848C006FF00F0002B0BDE8F08193F90E100132CD
:10849C002161C4E9023288F31188BFF36F8F002089
:1084AC00F0E72169F3E793F90E1090F90E30994239
:1084BC0030DA9942A8BF194604F027FF0546224638
:1084CC004146CDE90076194800F006FA0028E6D0BE
:1084DC00EFF31186202383F31288BFF36F8FA0680C
:1084EC00D0B1236821699C420AD04BB193F90E306C
:1084FC009942A8BF19466FF07F039942B8BF19463D
:10850C0004F003FF40B13146084804F080FF6FF0DF
:10851C000A00B7E70025D2E7002DF4D186F31188C5
:10852C00BFF36F8FF3E700BF780C00205B300020A7
:10853C00F8B583680546002B40D0234A92689342D5
:10854C003FD1C368012B03D9013BC3600020F8BDA8
:10855C00EFF31187202383F31288BFF36F8F016928
:10856C00806804F0D2FE2C68A54207D10023C5E92F
:10857C00023387F31188BFF36F8FE7E7002CF5D038
:10858C00D4E90032002613605A60237CC4E90066EB
:10859C0023F002032374A66004F1180004F0CEFF4C
:1085AC00AC6094F90E3020462B61C4F8806004F066
:1085BC00FBFE3946054804F02AFFC7E76FF01500AB
:1085CC00C5E74FF0FF30C2E7780C00205B3000208D
:1085DC0070B5EFF31186202383F31288BFF36F8FEE
:1085EC000468A0421BD0D4B1D4E90032002513603A
:1085FC005A60237CC4E9005523F002032374A56060
:10860C0004F1180004F09AFF2046C4F8805004F0DE
:10861C00CBFE3146BDE87040064804F0F8BED0E908
:10862C0002329A4218BF0133836086F31188BFF37C
:10863C006F8F70BD5B30002013B5EFF311812024D8
:10864C0084F31288BFF36F8F846844B1013C84605B
:10865C0081F31188BFF36F8F002002B010BD52EA76
:10866C00030406D181F31188BFF36F8F6FF00F00F5
:10867C00F3E7CDE900230246014800F02DF9ECE7C1
:10868C005B3000202DE9F043984685B000F158038B
:10869C00C0E91633109B002683810423073222F095
:1086AC00070503740F9B01EB05090F4683734946BD
:1086BC00C0E906668660C6730446F9F7F9FC0E9BA2
:1086CC00073020F007002067C4E91A7502930D9B50
:1086DC00A9EB000901930C9B4A460093394643468B
:1086EC002046FAF7D9F8054B66659B6803B15B6FBA
:1086FC004846636705B0BDE8F08300BF780C0020E6
:10870C00012310B50374838100230446C0E91A3396
:10871C0000F08AFC014B9C6010BD00BF780C00205F
:10872C006FF00A01094A9368C3F880100849D867AA
:10873C004B6843F080534B60002383F31188BFF3E5
:10874C006F8F9368D3F88000704700BF780C0020BF
:10875C0000ED00E070B590F91020037C002A2FDBAF
:10876C00D9062DD11A4C63F07F032246037452F8BC
:10877C00183FE169934207D1C0E900210860E0612C
:10878C000FE09942F8D01B68002BF5D093F90E60DE
:10879C0090F90E50AE42F4DD5968C0E90031086022
:1087AC005860A569954200D005B9E568A3681A7CA4
:1087BC00D20606D1DA897F2A03D9AA690AB963617C
:1087CC0070BDAB4202D0284600F0ACFA6561F7E709
:1087DC00780C002038B590F910200146002A037C53
:1087EC0004DA03F07F03037404F0A6FD0D4D2A4652
:1087FC0052F8184FAB68944200D004B9EC688B4225
:10880C0007D01A7CD20604D1DA897F2A01D9A26951
:10881C002AB1A34202D0204600F084FA23466B61B1
:10882C0038BD00BF780C0020B3F1FF3F08BFB2F198
:10883C00FF3F03D00249183000F0F2BA704700BF76
:10884C00FBD30000034648B9EFF3058232B9064A60
:10885C0051699268914201D0FFF762BF83F311888E
:10886C00BFF36F8F704700BF780C002038B5184CE1
:10887C00A168E0690B68814214BF1A46002249685E
:10888C000B605960A368E1692AB9124AC3E9002157
:10889C000B60E3610AE092F90E5093F90E008542E9
:1088AC0012DD5168C3E900210B605360A569094BC7
:1088BC009D4200D005B9E568A3689D4202D02846C8
:1088CC0000F030FA656138BD8A42DED01268DBE711
:1088DC00780C0020900C0020F8B5DDE906670D4BF4
:1088EC000C46986811460C4A1060EFF31182202256
:1088FC0082F31288BFF36F8F9D68284604F02EFD1B
:10890C00284632463B46FFF78FFF2046BDE8F8402D
:10891C00FFF706BF780C0020980C0020F8B5044631
:10892C00EFF31187202383F31288BFF36F8F037C3F
:10893C0049B203F01F02002A0CBF0126002635D1D4
:10894C0003F07F032A4D037404F0F6FC2A46037CE3
:10895C00817363F07F03037452F8183FE869934204
:10896C0007D1C4E900200460EC610DE09842F8D016
:10897C001B68002BF5D093F90EC08C45F6DD5968B9
:10898C00C4E900310C605C60AC69944200D004B95D
:10899C00EC68AB689C4202D0204600F0C3F96C61D5
:1089AC0087F31188BFF36F8F3046F8BD9B071CD53A
:1089BC00856804F0C1FC81732B689D4209D16B68FA
:1089CC00C4E900531C606C60EAE76A689A42F6D00E
:1089DC001B68002BF3D093F90E208A42F5DD5A6800
:1089EC00C4E9003214605C60DAE78173D8E700BF39
:1089FC00780C0020EFF31181202383F31288BFF34E
:108A0C006F8F054B9A68D37B013BD37381F311882D
:108A1C00BFF36F8F704700BF780C002070B5EFF379
:108A2C001186202383F31288BFF36F8F0F4DAB6831
:108A3C00DA7B0132DA732A4652F8184F944200D08E
:108A4C0004B9EC681A7CD20604D1DA897F2A01D9E0
:108A5C00A2692AB19C4202D0204600F063F9234659
:108A6C006B613046BDE87040FFF7ECBE780C00201F
:108A7C00024B03F11802C3E906227047780C002060
:108A8C0070B5EFF31186202383F31288BFF36F8F39
:108A9C001A4CA168E0690B68814214BF1A46002287
:108AAC0049680B605960A368E1692AB9144AC3E9A3
:108ABC0000210B60E3610AE092F90E5093F90E006D
:108ACC00854216DD5168C3E900210B605360A5692E
:108ADC000B4B9D4200D005B9E568A3689D4202D0BE
:108AEC00284600F01FF965613046BDE87040FFF77D
:108AFC0017BE8A42DAD01268D7E700BF780C002084
:108B0C00900C0020F8B550EA010306460C4603D140
:108B1C00FFF7B6FF0020F8BDEFF31187202383F396
:108B2C001288BFF36F8F124D124BA8681860FFF7B5
:108B3C0051FEA868234632460F49183000F070F9F0
:108B4C00AA680446137C384643F004031374FFF7F9
:108B5C00E7FDAB68D3E90A23B3F1004F08BF002A45
:108B6C00D8D104F020FD201A20EAE070D3E700BF32
:108B7C00780C0020980C0020FBD30000014B986867
:108B8C00704700BF780C00202DE9F8430446878914
:108B9C00EFF31186202383F31288BFF36F8F037CCE
:108BAC00190705D586F31188BFF36F8FBDE8F883DD
:108BBC00D90943F008026FD10274A36813B120469F
:108BCC0004F0C2FB04F1180004F0B8FCA56D04F12C
:108BDC005808A84511D04FF0000975B1284604F08B
:108BEC00B3FB05F1180004F0A9FC2846C5F88090E9
:108BFC00FFF7B0FDA56DA845EFD1DFF8BC80D8F824
:108C0C0008309C4250D1EFF30589B9F1000918BF27
:108C1C004FF00109D8F81850284A954200D00DB9E8
:108C2C00D8F80C50AB4202D0284600F07BF8204616
:108C3C00C8F8145001F06DFEB9F1000F02D02048B5
:108C4C00FFF75EFDD8F808309C4230D1EFF3058376
:108C5C006BBBA289D20711D586F31188BFF36F8F36
:108C6C0083F31188BFF36F8F0423184602DFEFF3F1
:108C7C001186202383F31288BFF36F8F3046FFF7E2
:108C8C004FFDFB0792D5002383F31188BFF36F8F41
:108C9C000423184602DF89E703F07F0343F008033F
:108CAC00037404F049FB88E74FF00009B2E786F340
:108CBC001188BFF36F8FE4E7780C0020900C002034
:108CCC00D0050020027C034612F01F0210D10A4985
:108CDC0088420DD00949086868B1D9897F2909D81B
:108CEC0093F90E20064B1B689A42B8BF00207047C0
:108CFC000020704710467047C0040020700300200D
:108D0C009C0C00200122044BC01A044BC010584389
:108D1C00034B1A54704700BF58060020ABAAAAAAEE
:108D2C005B30002070B50C4B0C4D1E7CFFF7CAFF5E
:108D3C00182303FB06550446284604F0FFFB0022CB
:108D4C00074B9A553CB1621E2846BDE87040054958
:108D5C00D31700F065B870BD780C002058060020C1
:108D6C005B300020118D000038B5EFF31185202306
:108D7C0083F31288BFF36F8F0F4B104A9C681068F7
:108D8C00A04206D1FFF7CEFF85F31188BFF36F8F9A
:108D9C0038BD00211B7C1160094AD35C002BF3D039
:108DAC002046FFF78FFF0028EED0237CDB0601D195
:108DBC00FFF75CFD2046E5E7780C0020980C0020BE
:108DCC005B300020024B1868984208BF00207047A7
:108DDC0074030020034B1B680BB9FDF78BB8002004
:108DEC00704700BFA00C002030B570B10B4B5B6816
:108DFC0098420AD0036843B1D3E90421D0E9044571
:108E0C00121941EB0501C3E90421D0E900321360CA
:108E1C005A600023C0E9003330BD00BF740300204A
:108E2C00B3F1FF3F08BFB2F1FF3F2DE9F84F044605
:108E3C00994615461F467AD08160EFF3118820239E
:108E4C0083F31288BFF36F8FB9F1000FDFF8E4A042
:108E5C0020DBFFF7BFFFDAE90027013549F10009F4
:108E6C002D1849EBE07306464FF00109C4E9045391
:108E7C00AD1843EB0707FFF7A5FF0346DFF8B8E093
:108E8C00DEF804A0EBB9C4E900EACAF80040CEF859
:108E9C00044028E06FF00103DAE900125B1A4FF08E
:108EAC00FF3161EB02025B1B62EB0902012B72F1D9
:108EBC000001BCBF012300224FF00009C0E90432BD
:108ECC00D9E7D3E9041CD4E904208A4270EB0C0BDB
:108EDC0024DA891A5A686CEB0000C3E90410C4E95F
:108EEC00003214605C60FFF76DFF84420ED1134BAF
:108EFC001B685BB9B9F1000F02D1FFF76BFF064697
:108F0C00304604F004FB0021FDF708F888F31188C3
:108F1C00BFF36F8F28463946BDE8F88F521A60EBC5
:108F2C000C005345C4E90420ADD01B68AAE700250A
:108F3C002F46EFE77006002074030020A00C0020E1
:108F4C002DE9F047DFF8A8900246C9F800000D465D
:108F5C00FFF738FF00260027DFF898804FEAE27E03
:108F6C00D8E9001350B1D0E9044CA2427EEB0C0AB4
:108F7C001ADAA41A6CEB0E06C0E904460024521847
:108F8C0043EB0E032046C8E90023C9F8004004F067
:108F9C00BEFA2146FCF7C2FF85F31188BFF36F8F31
:108FAC00BDE8F047FFF7E0BE611843EBE473C0E99E
:108FBC000467C8E90013FFF717FF01224FF00043C5
:108FCC00C0E9042385F31188BFF36F8F836898473A
:108FDC00EFF31185202383F31288BFF36F8FD9F839
:108FEC000020121BC9F80020FFF7ECFEB6E700BF0B
:108FFC00A00C00207006002010B5EFF31184202384
:10900C0083F31288BFF36F8FFFF7E4FE0346054A24
:10901C00D2E90001181841EBE37184F31188BFF316
:10902C006F8F10BD70060020014B4367704700BF67
:10903C001C04002038B5064C064DAC4201D3002070
:10904C0038BD2046D4E9011204F0B4FA1434F4E724
:10905C001C0400203004002038B50C4C0C4804F0E3
:10906C00E0FA65780A4804F0E2FA0A4804F0D9FA02
:10907C00022D08D12478E31F5C425C41054804F0C2
:10908C00D6FA204638BD0024F8E700BFA40C002017
:10909C007C0300209403002010B51B4C1B4804F0EB
:1090AC00C0FA2378590744BF03F0FB0323709A07D7
:1090BC0005D500F0B1F8237823F002032370134890
:1090CC0004F0B5FA124804F0ACFA637813B1114805
:1090DC0004F0A5FA002304210E48637000F0B6F8E2
:1090EC000B4804F0A4FA094804F09BFA2378DB0738
:1090FC0005D504F091FA237823F00103237003487B
:10910C00BDE8104004F093BAA40C00209403002096
:10911C007C030020A80C002070B5FFF79DFF10B158
:10912C000024204670BD344804F07BFA044620B17C
:10913C006FF08F04FFF7B0FFF3E7304D2B789E07ED
:10914C0006D400F061F804462B7843F002032B7030
:10915C00294804F06CFA10B1002CE9D0EAE7002C95
:10916C00E8D1254804F05DFA04460028E0D12B78BC
:10917C00D80706D404F04EFA04462B7843F00103CA
:10918C002B701D4804F053FA0028E5D1002CD1D1E6
:10919C00194804F046FA0028CAD117482E7804F072
:1091AC0046FA0028C4D1164804F03BFA04460028BD
:1091BC00BED16B783BB9F10705D5124804F02DFAF6
:1091CC00022304466B700E4804F031FA0028C3D118
:1091DC00002CAFD1084804F024FA0028A8D12B7831
:1091EC0005485A075CBF43F004032B7004F01FFAC8
:1091FC00002895D09CE700BF94030020A40C00200D
:10920C007C030020A80C00200122024B002083F8D4
:10921C00C0227047AC0C00202DE9F0410A4C00250F
:10922C0026464FF0010803272046C4F820802777F4
:10923C00013504F0D2F9102D04F12C04F4D10023E3
:10924C0086F8C032BDE8F081AC0C002010B50A469F
:10925C00044619B1024B00211B68984710BD00BF92
:10926C0044EC000010B50C4C206804F05CFB0B4A7D
:10927C001368591C11604BB9094A4820D2F80034C4
:10928C0043F00703C2F80034F9F79EFA2068BDE8F2
:10929C00104004F04EBB00BFB0030020700F002044
:1092AC000080045038B5164D286804F03CFB154B73
:1092BC001C68013C1C60ECB94820F9F793FA0722B2
:1092CC00114BC3F80823D3F8002422F00702C3F88B
:1092DC000024C3F80041D3F80021C3F80441D3F8AB
:1092EC0004214FF48072C3F80841D3F80831074BBE
:1092FC00C3F888212868BDE8384004F01ABB00BFC9
:10930C00B0030020700F00200080045000E100E04A
:10931C0070B5104D104E2B68B34219D0FFF7A2FF59
:10932C0000F08CFA00F0C8FA38B104F082F9044667
:10933C00FFF7B8FF3CB92E6005E000F0D1F9044608
:10934C0018B1FFF7AFFF204670BD04F02DFAEEE721
:10935C000024F8E7AC030020117365000022074BD2
:10936C00C3F81021C3F80C21C3F80021C3F8042161
:10937C00C3F80821C3F81421704700BF00500450F3
:10938C0008B5FFF7EBFF01230360104B0A6832B9F5
:10939C00D3F80C211AB9D3F80821002AF6D00B689F
:1093AC007BB90B4B99420ED0A3F58473D3F80831DB
:1093BC00002B14BF6FF002004FF0FF30FFF7CEFF11
:1093CC0008BD0020FAE74FF0FF30F7E700500450DB
:1093DC000851045038B505460C4691B100210120C6
:1093EC0003F0ECFE08480949C0F80055C0F80445E4
:1093FC00FFF7C6FF00210446084603F0DFFE2046B7
:10940C0038BD6FF00104FAE70050045000510450CD
:10941C00034B0449C3F800050348FFF7B1BF00BF75
:10942C0000500450045104500450045010B504462C
:10943C000021012003F0C2FE064B0749C3F800458A
:10944C000648FFF79DFF00210446084603F0B6FED0
:10945C00204610BD005004500851045008500450D0
:10946C0038B50C4659B1074D0749C5F800050748F2
:10947C00FFF786FF10B9D5F80835236038BD6FF0BB
:10948C000100FBE700500450105104500C500450E4
:10949C002DE9F04F89B01C4607460D46164604F0E0
:1094AC0060F90346002840F0F8807A690090C2F316
:1094BC00013161F305138DF8003013F0300308D13E
:1094CC00B868800710D06FF08608404609B0BDE838
:1094DC00F08F102B08D1BDF8023023F4F87343F44D
:1094EC00A873ADF8023053E0D2B2F82A2ED1002284
:1094FC004FF0010B904610469446D7F808E0DFF881
:10950C00D09159F804AB1EEA0A0F08D00BFA0CF2F2
:10951C0042EA080202F07F08012240EA0A000CF13C
:10952C00010CBCF1070FECD12AB19DF8032068F3B4
:10953C0047028DF803203EEA000007D17A88FF2A03
:10954C000FD006D8802A35D0C02A35D06FF08508C8
:10955C00BBE7B2F5807F31D0B2F5C07FF6D10622E1
:10956C0000E003229DF8020062F306108DF8020061
:10957C0013B91EF0030FA6D13B79022B2BD01FD8A9
:10958C00012BA0D1BDF8022063F3C812ADF8022064
:10959C00012938D0032923D0002994D13B88B3F575
:1095AC00105FD3D1182C03D0202C01D0102C8AD1D1
:1095BC00484F2CE00122D5E70222D3E70422D1E761
:1095CC00032B02D0FF2B7FF47EAF0222BDF80230BA
:1095DC0062F3C81385E7BDF8023043F4C07380E72B
:1095EC00202C05D006D8102C02D0182C7FF46BAF91
:1095FC00394F0CE024F02003412B01D0302CF5E73F
:10960C000136013CF4E7302C7FF45DAF334F4FF063
:10961C0000080F344FEA141905EB080004F07FF82A
:10962C00002852D008F10108C145F5D11F2C2ED1CC
:10963C001C22002101A804F02AFA4FF0000B4FF075
:10964C00FF3A07EB0B124FEA0B130692BBF1000F1C
:10965C0026D1009A0792BDF802203344C2F3C112FE
:10966C0005920DF1040C03F1100E6246186859684E
:10967C00083303C273459446F7D101A905EB0B00DF
:10968C00FFF7A8FE804670B104F06BF805E0494680
:10969C00284604F04EF80028CAD06FF0920814E760
:1096AC00CDF81CA0D7E71C2101A80BF1010B04F08D
:1096BC0062F9D945C5D11F2C3FF407AFBA20FFF78B
:1096CC00B5FE00283FF401AFE7E76FF08A08FCE62F
:1096DC0048EC000040008151000000201084045030
:1096EC0010B590B01C22002101A804F0D0F9F8208C
:1096FC0004F015F800B3202200200DEB020100F05D
:10970C008DF90446F0B94FF48071104A104B01A842
:10971C00CDE901230F4BCDE903130F4BF821069331
:10972C0020230DEB0302FFF7B3FE202104460DEBC3
:10973C00010004F020F905E0F92003F0F0FF002807
:10974C00D9D10446204610B010BD00BF0024000142
:10975C00014B4E800010C004F800FF7F10B504468A
:10976C00FFF780FD104B186804F0DDF80CB10123F5
:10977C002370BFF35F8F4FF0A3430020D861BFF37A
:10978C005F8FBFF35F8F4FF0FF321A63BFF35F8FB2
:10979C00BFF35F8F3422DA61BFF35F8F0122034B7B
:1097AC00C3F8042310BD00BFB40300200080045094
:1097BC0010B5044608B1037843B1FFF773FD044BB1
:1097CC00186804F0B6F80CB10023237010BD00BF6C
:1097DC00B403002038B5164CD4F80051C5B1BFF312
:1097EC005F8F4FF0A343996ABFF35F8FBFF35F8F17
:1097FC004FF0FF321A63BFF35F8F0023C4F80031C0
:10980C00D4F800310B4B1868BDE8384004F0A4B80C
:10981C00D4F8083153B100F069F803F0DCFFC4F858
:10982C000851D4F808310121034BECE738BD00BFD7
:10983C0000800450BC030020B803002008B5074B7F
:10984C00186804F078F8064B186804F074F8BDE852
:10985C000840002248201146F8F7E6BFBC03002060
:10986C00B803002038B5094B1C7864B1084B4FF095
:10987C00FF311D68284604F060F84FF0FF310446B4
:10988C00284604F067F8204638BD00BF5A30002047
:10989C00BC03002010B5064CE36C3BB9214651F8D3
:1098AC004C3B986903F09BFF0123E364014810BD16
:1098BC00740F0020C00F002010B50A4B0A4C236017
:1098CC0003F5C04363602461FFF7E4FF236D0020C0
:1098DC00B3F5007FCCBF4FF480634FF40073A360EB
:1098EC0010BD00BF00208051740F0020004870474D
:1098FC00740F002000212DE9F043064695B0084670
:10990C00FFF72CFF0DF12705044625F01F0520B1AC
:10991C0015B0BDE8F04303F08CBE4FF01009DFF832
:10992C008080012210211F4803F0EFFE1D4A2B19E5
:10993C00009320211023CDF80490A2F1200000F018
:10994C000DF9074650B10020FFF732FF384603F0FF
:10995C0070FE0746384615B0BDE8F083D8E90C32E6
:10996C001034013342F10002302CC8E90C32D8D14A
:10997C00FFF71EFF26B122463146284603F0B8FEFB
:10998C002E46074C0FCE0FC496E80F00203584E806
:10999C000F0095E80F00103484E80F00DAE700BFE1
:1099AC007806002098060020F0B5194D194FAB6BC6
:1099BC008DB0BB4229D0184E306803F0B4FF402361
:1099CC0000221946284603F0CBFF3021684603F0ED
:1099DC002CFF044678B96846FFF78CFF044690B913
:1099EC00302302461946684603F0BAFF01220023D1
:1099FC00C5E90C23AF63306803F09BFF204603F0EE
:109A0C0018FE0DB0F0BD0E24F5E70020F9E700BFFD
:109A1C0078060020B4A5B4A5C00300202DE9F04FB2
:109A2C0099B00DF1570902F10F0A04468846154604
:109A3C0029F01F094FEA1A1A32B1002900F085806B
:109A4C00B2F5803F00F28180414F424E386803F0FE
:109A5C006AFFD6E90C32134308D12046FFF7A4FF66
:109A6C00044618B1386803F064FF5AE0D6E90C23B9
:109A7C001AEB020243F10003B3F5803F14D33021FB
:109A8C0002A803F0D2FEF8B902A8FFF733FF044690
:109A9C000028E7D130230246194602A803F060FFE4
:109AAC0000220023C6E90C2300210846FFF756FECE
:109ABC00044660B910249DB92846FFF779FE284664
:109ACC00FFF718FF0446CDE76FF09204CAE7386839
:109ADC0003F02FFF204619B0BDE8F04F03F0A9BDED
:109AEC00102D4FF001024FF010011B48AB4628BF60
:109AFC004FF0100B03F009FE174A10232021CDE97B
:109B0C000094A2F1200000F029F8824668B10020F0
:109B1C00FFF74EFE386803F00CFF504603F089FD4A
:109B2C000446204619B0BDE8F08F5A4640464946D7
:109B3C0003F0A0FFD6E90C32013342F10002C6E972
:109B4C000C32A5EB0B05D844B5E76FF08604E8E7BB
:109B5C00C0030020780600209806002037B54FF48B
:109B6C0080740194214C41F00051A16140F6110127
:109B7C0043F00053A3622123E16104F120016161F0
:109B8C0001212262E362069A194B01AD1A60079A11
:109B9C00256042F000521125C3E901122022DFF8A2
:109BAC0054C02061C4E902C504F11005656061620E
:109BBC00DA60BFF35F8F4FF0A3421460BFF35F8F87
:109BCC00BFF35F8F1361BFF35F8FBFF35F8F03230F
:109BDC005363BFF35F8FBFF35F8F9363BFF35F8FED
:109BEC0003F070FE431CFBD003B030BDF00F00201F
:109BFC00E00F002004000020BFF35F8F094A1368B8
:109C0C00BFF35F8F43F48071BFF35F8F1160BFF3BD
:109C1C005F8F23F48073BFF35F8F1360BFF35F8F8D
:109C2C00704700BF0010805108B5FFF7E5FFBFF388
:109C3C005F8F064A1368BFF35F8F43F00103BFF3D6
:109C4C005F8F1360BFF35F8F08BD00BF00108051A2
:109C5C0070B50026C0E9006605460C46FFF702FB0E
:109C6C0001232B70FFF7C8FFBFF35F8F204BDB681E
:109C7C00BFF35F8F9B08013BACB3226842B19A42A1
:109C8C0005D9FFF70FFB6FF03F002E7070BD134628
:109C9C00D4E90115E068002908BF4FF400710028D1
:109CAC0008BFF1202469BFF35F8F114A9360BFF3A3
:109CBC005F8FBFF35F8F1564BFF35F8FBFF35F8F51
:109CCC005064BFF35F8FBFF35F8F5163BFF35F8F40
:109CDC0044F4802444F00104BFF35F8F1460BFF39D
:109CEC005F8F0020D2E74FF40071F1202546DAE7B0
:109CFC000010805170B503780D461446002B52D0DD
:109D0C00BFF35F8F2C4A136BBFF35F8F03F00E0111
:109D1C000A294BD013F00C0F02D14FF0FF3070BD5D
:109D2C004368D3B9BFF35F8F5368BFF35F8F032BC7
:109D3C00F3D9224B2249BFF35F8FD2F88060BFF377
:109D4C005F8FBFF35F8F43F8046BBFF35F8F8B4262
:109D5C00F1D1FFF769FF01234360BFF35F8F164B0F
:109D6C009A68BFF35F8F0132B4EB021F21D8BFF3A7
:109D7C005F8F5A68BFF35F8FB4EB820FCDD884B17D
:109D8C00BFF35F8FD3F88020BFF35F8F291D05F8D9
:109D9C00012BA9424FEA122204F1FF34EFD0002C20
:109DAC00F5D10020BBE76FF02000B8E76FF0510051
:109DBC00B5E76FF03F00B2E70010805110108051F2
:109DCC002010805173B50446EFF31186202383F3E2
:109DDC001288BFF36F8F8368594003EA02050A406B
:109DEC0053400022009309496B46019203F05BFB40
:109DFC00DDE9003223EA020304F10C003146A360D2
:109E0C0003F005FB284602B070BD00BF21DA00004C
:109E1C000CB430B58BB004460D462022002102A8AC
:109E2C0003F035FE0223002D06948DF80A300C4BFE
:109E3C00039312DB01D06B1E1C440FAA0E9902A8CF
:109E4C000794019200F00EF815B1069B00221A70CF
:109E5C000BB0BDE8304002B070470024EDE700BF06
:109E6C00F3DB00002DE9F04F43688BB0804692463F
:109E7C00009383789C0740F1F9800025087800282E
:109E8C0000F0F68025280AD04B1C01930135414681
:109E9C00009B98470028C0F2E3800199EEE74E78CA
:109EAC008B1C252E0193F1D000270A22B9463C4683
:109EBC001F2C22D8A6F12003102B20D8DFE803F0AA
:109ECC00141F1F1A1F1F1F0B1F1F1F121F171F1FCF
:109EDC00090044F00104019B13F8016B0193002E5F
:109EEC00E6D13AE044F0020444F00404F3E744F011
:109EFC000804F0E744F01004EDE77F2C24D8A6F119
:109F0C003003092B08D860064EBF02FB073744F01C
:109F1C00200402FB0939DEE72A2E0DD161065AF81E
:109F2C00043B53D4002BA7BF44F020049946C3F143
:109F3C00000944F02804CEE72E2E05D1630600F16B
:109F4C00978044F04004C6E76C2E2ED028D8682E9B
:109F5C0032D06A2E37D04C2E35D0002F46F020034D
:109F6C00B8BF24F04004A3F16502BCBF0027A4B223
:109F7C00022A01D9612B2BD10AF1070A07279D4E22
:109F8C002AF0070A0AF1080A210760D506EB070B2D
:109F9C0034465C455DD1AE1BA9EB0709A21959E10A
:109FAC00742E98D07A2E96D0D7E7260648BF44F464
:109FBC00007444F080048EE7E00548BF44F400745C
:109FCC0044F4807487E744F4207484E71F4682E7E6
:109FDC00A6F16302122A00F2D880DFE812F0130017
:109FEC004D00D600D600D600D6004D00D600D600C7
:109FFC00D600D600D600E800D100D600D6001A0054
:10A00C00D600A0005AF8043B012704AE8DF810309E
:10A01C00BAE75AF8046B784B002E08BF1E4614F0B2
:10A02C00400F304614BF39464FF0FF3103F079FD35
:10A03C000746A9E741462020009B984700280FDBE4
:10A04C00013CA742F6D34D44A1462D1B9EE74C463E
:10A05C00F7E7414614F8010B009B9847002898DA63
:10A06C0098F8023043F0040388F802304FF0FF35C3
:10A07C0028460BB0BDE8F08F220630D5A3052AD5B3
:10A08C000AF1070A2AF007039A4659685AF8080B8E
:10A09C0024F0100B00291FFA8BFB2FDA40424BF4F3
:10A0AC00806B61EB410104AC0A23224603F045FDB1
:10A0BC001BF0400FA0EB040200F08E802BF001048B
:10A0CC009742A4B240F38F80002E40F08E802BF08C
:10A0DC001104A4B21DE05AF8040BC117D8E7E0052F
:10A0EC005AF8041B01D40846F7E7A20547BF48B24B
:10A0FC0041F3C01108B241F3C031C9E750EA010382
:10A10C00D1D16306CFD5002FCDD124F011043A461E
:10A11C00A4B23B4640F206410C4262D124E024F04A
:10A12C0010040A23A4B214F0800243D014F400717A
:10A13C0017BF0AF1070A5AF8040B2AF007029246D5
:10A14C001CBF51685AF8080B50EA01023ED124F0AA
:10A15C00160B62061FFA8BFB3CD5002F3AD124F06C
:10A16C0017043A463B46A4B221075AD4E10705D559
:10A17C00994572DDA9EB03039F184B469B464AE0B9
:10A18C0044F0100410237826CDE7782B04D1C6F1C7
:10A19C00780343F01003C6E741462520009B9847FF
:10A1AC000028FFF65DAF02354146304670E60823C5
:10A1BC000026B8E714F480715AF8040BC4D014F4D8
:10A1CC0000711ABFC0B2114680B2BDE724F006047C
:10A1DC001FFA84FB04AC68E713465C46E10699D58C
:10A1EC002EB90133C0E71346F8E73B46F6E70233D6
:10A1FC00BAE700BFA10C01009A0C0100CDE90232B4
:10A20C0041462020009B98470028FFF629AF0BF110
:10A21C00010BDDE90232D945F0DCEB1A03EB0B053F
:10A22C005B46E10627D541463020CDE90232009B42
:10A23C0098470028FFF614AFDDE902327EB90135EC
:10A24C002F44791B8A4229DB144604AE94BB2A4462
:10A25C00A9EB03091546914440E017468EE70235F9
:10A26C0041463046CDE90232009B98470028DDE993
:10A27C000232E5DAF4E640F206410C42E0D014F08A
:10A28C00020F05F10105414614BF2B20202014F4C8
:10A29C00806FCDE9023218BF2D20E5E7CDE90232FF
:10A2AC004146009B3020013598470028DDE90232F9
:10A2BC00C7DAD5E6013C4146CDE90232305D009B60
:10A2CC0098470028DDE90232C0DAC9E64146202071
:10A2DC00009B013598470028FFF6C2AEA9EB050399
:10A2EC00002BF3DCD9E500BF704738B503F05FF9FC
:10A2FC004FF47A74A0FB040547F61222002304FBEA
:10A30C000151F6F7B5F838BD00EBC10040884008A4
:10A31C007047F8B50346FFF7F7FFB0FA80F0C0F1CD
:10A32C001F0003EB800CDCF81060CA00171D0C46F4
:10A33C0006328DB256B9012101FA00F0D9680143F9
:10A34C00D960CCF81040DD539D52F8BDF1000431BA
:10A35C00585AD85303EBC0009E52C5805D52F4E7A7
:10A36C00043A2DE9F843CC1D114424F0070421F0E4
:10A37C000706A6EB04084FEAD807B7FA87F24FF0A6
:10A38C000009C2F12405AD000735C2F12002ED0829
:10A39C0004604946A760C4F80C90920004F11000C8
:10A3AC0003F075FBAAB2530043F0010363807B1BDF
:10A3BC009BB204EBC5015800A4F80090488024F827
:10A3CC003520A6F8029024F8083004EBC7035A880D
:10A3DC00294642F001025A802046BDE8F843FFF7B7
:10A3EC0098BF2DE9F04706460D46174698462BB305
:10A3FC004FF0000A98F8004093F80190DB78A40025
:10A40C0004EB430498F802301C444444CA4509D375
:10A41C0039463046AC46D8F8042008F10803BDE8AC
:10A42C00F047604714F8013B0AF1010A204648F84E
:10A43C002340F6F749F801300444E7E76FF01500C4
:10A44C00BDE8F087002070470FB407B504A951F898
:10A45C00040B019100F0E5F803B05DF804EB04B0D7
:10A46C007047038B13F0070306D10368002B18BF4A
:10A47C00032008BF00207047022B05D1408BB0FA97
:10A48C0080F0400980007047012B04D10368002B39
:10A49C0018BF0520EDE70020704710B50C4600B141
:10A4AC0011B96FF0150010BD081D00F087F80028D9
:10A4BC00F9D1A368032BF6D9F3E72DE9F0410D464A
:10A4CC0007461946281D90461E4600F088F804469B
:10A4DC0038B13346424629463846A446BDE8F041D9
:10A4EC006047BDE8F08110B4EFF31182202484F3AF
:10A4FC001288BFF36F8F416110BC0121F7F724B8AC
:10A50C0038B50C46054658B151B10B6843B14B6890
:10A51C0033B11C22002103F0BAFA00202C6138BDA3
:10A52C006FF01500FBE7F8B504460E46FFF7B5FFD4
:10A53C00051E3BDBEFF31182202383F31288BFF35C
:10A54C006F8F4FF6FF71638B278B8B4207F00707DA
:10A55C002ED0062F2FD8DFE807F0182E082E18045F
:10A56C0018006FF08505002303E001336383022597
:10A57C00012382F31188BFF36F8FBBB100233A46DE
:10A58C0031462046FFF799FF10E0002333606368E3
:10A59C0023B9C4E9006627B13D46E4E71E60666056
:10A5AC00F9E702212046F6F7CFFF3D462846F8BDD5
:10A5BC006FF00A05D7E76FF00405D4E7034658B1EE
:10A5CC00426802F00302012A03D0032A04D1026874
:10A5DC0012B10020986070476FF015007047426808
:10A5EC00034602F00302032A4FF00002816014BFFD
:10A5FC00104600685A60704770470020704701F0A1
:10A60C0086B90346D3E8EF0F421CC3E8E12F0029BB
:10A61C00F8D17047002108B50846F7F789F80020F3
:10A62C0008BD1FB50023CDE902011A46194618468C
:10A63C00CDE90033F7F784F905B05DF804FB7047FA
:10A64C00002070474368DA7101224368196043683F
:10A65C005A71FFF7F4BF70B50E46154619460446FD
:10A66C0018B9BDE87040F7F72DB933B1C2F34A23DE
:10A67C001030120D184403F0FDF9C4E900562046C1
:10A68C00BDE87040F7F732B97FB50BAB0593039378
:10A69C000A9B0222029300231846CDE90033F7F7F8
:10A6AC004FF907B05DF804FBF8B506460D461446A5
:10A6BC001F4604B9F8BD214628463A46B047241A2D
:10A6CC000544F6E707B5D1E900328DF80700012102
:10A6DC0052680DF107009847002003B05DF804FBA9
:10A6EC000A2838B504460D4602D10D20FFF7EAFFC3
:10A6FC0029462046FFF7E6FF002038BD2DE9F04340
:10A70C00054689B008460E8891F800900C46D1F8A1
:10A71C0008801746F7F76CF9011EC6F38216C9F3C9
:10A72C00C2091FDB4846F7F7FDF80346214651F8EE
:10A73C00102B6088C2F34A22002A01EB020408BFE6
:10A74C0000210022C0F30B10CDE90507CDE903145D
:10A75C0028464146CDE900220296F7F775F909B073
:10A76C00BDE8F0830023E1E7436800201B685B68C9
:10A77C001961704743681B681A68526853607047C8
:10A78C0070B543680C461D686B681869F7F73EF89E
:10A79C00214603460F222868BDE870401847C3695C
:10A7AC001BB11B7900200B7070476FF0570070477E
:10A7BC00C3693BB1DB682BB1DB691879B0FA80F067
:10A7CC00400970470120704770B5C56904460E46B4
:10A7DC000DB103232B712046FFF7EAFFA8B103212B
:10A7EC002046B047002802DA10F1860F0ED1012165
:10A7FC0025B920463346BDE87040184720462971DC
:10A80C00B047002802DB00232B71002070BD7FB500
:10A81C000BAB059303930A9B029300231846CDE9D7
:10A82C000033F7F78DF807B05DF804FB10B5F7F7B8
:10A83C00E1FA30B1C36823B15B6813B1BDE81040D5
:10A84C0018476FF0150010BD2DE9F0410D46164666
:10A85C001F46F7F7CFFA50B1C36843B19C6834B1C7
:10A86C003B4632462946A446BDE8F04160476FF0AE
:10A87C001500BDE8F0812DE9F0410D4616461F4646
:10A88C00F7F7B8FA50B1C36843B1DC6834B13B4652
:10A89C0032462946A446BDE8F04160476FF01500EA
:10A8AC00BDE8F08103F0F3B803F0E4B87FB50BAB6F
:10A8BC00059303930A9B0122029300231846CDE9CA
:10A8CC000033F7F73DF807B05DF804FB014600686C
:10A8DC00F7F788BB08B5F7F7E7FBBDE80840F8F7D2
:10A8EC001DB87FB50BAB059303930A9B0122029312
:10A8FC0000231846CDE90033F7F722F807B05DF8CE
:10A90C0004FB00210120F7F76DBB836E83F30B88EA
:10A91C0070476FF08500704761B662B680F311889E
:10A92C00BFF36F8F704772B6002383F31188BFF3A8
:10A93C006F8FBFF34F8F30BF62B6BFF36F8F70470F
:10A94C0072B6002383F31188BFF36F8FBFF34F8F61
:10A95C0020BF80F31188BFF36F8F62B6704740E859
:10A96C0000F313F4803FD8B208BF6FF015007047A6
:10A97C007FB50BAB059303930A9B01220293002333
:10A98C001846CDE90033F6F7DBFF07B05DF804FBA2
:10A99C0030B50C684B6885B00A894D890094013B31
:10A9AC0024F01F04234402F01F0242EA451223F054
:10A9BC001F0369468DF808200393F8F763F805B078
:10A9CC0030BD08B5D1E904319847002008BD08B561
:10A9DC00F8F77AFA002008BD7FB50BAB059303930B
:10A9EC000A9B029300231846CDE90033F6F7A8FF23
:10A9FC0007B05DF804FB036858697047084670B5EA
:10AA0C00C6B069460130154601F0E8FE044668B947
:10AA1C0028469DF808300DF11601C3F3001300F819
:10AA2C00013BF5F749FD009BC5F80431204646B0C3
:10AA3C00BDE87040F8F7D2BF08B5481C01F0F1FF33
:10AA4C00BDE80840F8F7CABF08B5481C01F08DFFF7
:10AA5C00BDE80840F8F7C2BF30B5541CC7B00D466E
:10AA6C002046694601F0BAFE40B9204601F07DFF50
:10AA7C0020B147B0BDE83040F8F7B0BF2146681CA4
:10AA8C0002F067F8F5E770B5C6B00C460068694689
:10AA9C0001F071FE054670B90DF11601601CF5F759
:10AAAC000BFD63783BB19DF80830C3F300132370A2
:10AABC00009BC4F80431284646B0BDE87040F8F756
:10AACC008DBF08B5006801F047FDBDE80840F8F7F8
:10AADC0085BF012A08B505D0022A12D02AB16FF021
:10AAEC00150008BD03685B6919440029F7DB006891
:10AAFC00C3688B42F3D301F075FDBDE80840F8F74D
:10AB0C006DBF0368DB68EFE7F7B5044600680E46D7
:10AB1C00C76801F067FD20B103B0BDE8F040F8F75D
:10AB2C005DBFB7423D46206802DD01F0E0FEF3E771
:10AB3C003946466901F056FD0028EDD18DF8030029
:10AB4C00B54201DB0020E7E70122206801AB0DF1E3
:10AB5C00030101F044FC0028DED10135F0E773B5A8
:10AB6C00037A04469B060D46164609D432462946FE
:10AB7C00206801AB01F033FC40B9019802B070BD04
:10AB8C000068C16801F02EFD0028EFD002B0BDE8CE
:10AB9C007040F8F723BF07B5006801AB01F083FBE9
:10ABAC0020B103B05DF804EBF8F718BF019803B0BF
:10ABBC005DF804FB7FB50BAB059303930A9B012255
:10ABCC00029300231846CDE90033F6F7B9FE07B01F
:10ABDC005DF804FB002313B5C068144601A96A464E
:10ABEC000130019301F024FE68B9019B009AE360E7
:10ABFC004FF40073236053895B0263609369023BDB
:10AC0C00A36002B010BD6FF00400FAE783689B6884
:10AC1C0003B118476FF057007047FDF789BC7FB53B
:10AC2C000BAB059303930A9B029300231846CDE9C3
:10AC3C000033F6F785FE07B05DF804FB83685B68AC
:10AC4C000BB1002218476FF05700704700231022F9
:10AC5C0000B58BB0CDE90133CDE90723C82301A999
:10AC6C000993FFF7EBFF0BB05DF804FB10B547F64B
:10AC7C00122C20EAE074002140F2E7304FF47A7293
:10AC8C000023E4FB0C01F5F7F3FBBDE8104002F0E8
:10AC9C00C1BB08B530B18368DB6823B19847431E4C
:10ACAC005842584108BD6FF05700F8E783685B685D
:10ACBC0003B118476FF05700704783689B6803B166
:10ACCC0018476FF05700704783685B6903B11847EA
:10ACDC006FF0570070477FB50BAB059303930A9B3E
:10ACEC00029300231846CDE90033F6F729FE07B08E
:10ACFC005DF804FBF0B5102691B004460F461546DE
:10AD0C000021324601A802F0C2FE00230122CDE947
:10AD1C000D630893C823039204F18C02CDE905233B
:10AD2C0054F8880B01AA07A90F9307970296FFF70F
:10AD3C00BDFFAB1954F8042F12BA43F8042D9D42F1
:10AD4C00F8D111B0F0BDFDF7F3BB00230D2210B507
:10AD5C008AB0CDE9012390F84B3004461BB9B0F80A
:10AD6C005E301B04029331230022CDE90732C82345
:10AD7C00206801A90993FFF799FFC0B994F84B20FB
:10AD8C00039B62B113F4407F13D113F4604F13D1C2
:10AD9C0013F4E05F18BF6FF004000AB010BD03F4A9
:10ADAC00F853B3F5106F18BF6FF00F00F5E70120E3
:10ADBC00F3E76FF00C00F0E76FF01500EDE71FB54F
:10ADCC0090F84B3004467BB300236A46092101936B
:10ADDC00FFF790FFDDE90232920F019904D0012AAE
:10ADEC001AD0002004B010BD40F6FC72C3F303402F
:10ADFC0002EA830343EA9173C1F3C2310133023196
:10AE0C00092803FA01F301D083405B0A23664FF44F
:10AE1C000073A4F86430E4E71B0403F47C1343EAE6
:10AE2C00114301339B02F1E76FF08500DAE708B5B7
:10AE3C0090F84B300A4623B10A21FFF75BFF002044
:10AE4C0008BD6FF08500FBE783685B6803B11847AA
:10AE5C006FF05700704783689B6803B118476FF019
:10AE6C00570070473A2310B58AB0CDE90131402321
:10AE7C0000220793C823044601A90068CDE90823E2
:10AE8C00FFF7E2FF28B9049B002B08BF6FF0850089
:10AE9C00E3640AB010BD7FB50BAB059303930A9B1B
:10AEAC00029300231846CDE90033F6F749FD07B0AD
:10AEBC005DF804FBF9F770BAF9F758B8F9F7EEB882
:10AECC00F9F7C2B90A448A4200D1704711F8013B24
:10AEDC0040BA80B25840C0F303134340180380B209
:10AEEC004340580100F4FF505840ECE70A449142AB
:10AEFC0000D1704711F8013B5840C30983EA101385
:10AF0C00584040B2030183EA4003D8B2EFE703692B
:10AF1C001869FFF7D5BF00690069FFF7CFBF00695B
:10AF2C000069FFF7C9BF10B503691C695B68186835
:10AF3C00FFF7AFFE28B194F8CC00023818BF0120FF
:10AF4C0010BD0220FCE738B503695D681C692868F0
:10AF5C00FFF79FFE50B121462868F8F733FF18B170
:10AF6C00012384F8CC3038BD0223FAE70220FAE73B
:10AF7C00062910B406D000690729006905D010BC59
:10AF8C00FFF798BF10BCFFF7DEBF002280F8CC2083
:10AF9C00F5E70C220369C9B202FB0133186C00F00F
:10AFAC000700704770B50346C9B20069EFF311860C
:10AFBC00202484F31288BFF36F8F0C2505FB01044A
:10AFCC00246C14F0C00401D0A24211D1012205FB63
:10AFDC0001000264002086F31188BFF36F8F30B933
:10AFEC000C225B6802FB01335B689847002070BD44
:10AFFC004FF0FF30EFE78022FFF7D4BFF8B5069F84
:10B00C0005460469C9B2EFF3118C202080F3128835
:10B01C00BFF36F8F0C2606FB0146306C00F0070E59
:10B02C00BEF1010F10D1376400268CF31188BFF3E9
:10B03C006F8F3EB90C2041430C44C4E90E236B685E
:10B04C005B5898473046F8BD00F0C00087420CBFF3
:10B05C006FF077064FF0FF36E7E713B580240094C6
:10B06C00FFF7CCFF02B010BD10B41C240069CBB2AA
:10B07C0004FB0300002110BC10471046FDF7A8BAD2
:10B08C0001F064BEFCF7A2BA436800205B68DB6881
:10B09C000B607047436802EA01005B6821EA020119
:10B0AC005860002099607047436800205B685960C5
:10B0BC007047436800205B689960704743685B6821
:10B0CC001A6821EA0200114058600020996070470C
:10B0DC0030B50369586800B30024884219D1086858
:10B0EC008CB99C685860A14200D19860002008601F
:10B0FC002AB15A680A609A68596002B999600020AE
:10B10C000FE02846E9E720609868814208BF9C6000
:10B11C00ECE705680446002DF3D1002AE9D16FF065
:10B12C00150030BD00207047FCF7B8BC7FB50BABE9
:10B13C00059303930A9B0122029300231846CDE941
:10B14C000033F6F7FDFB07B05DF804FB30B5436840
:10B15C001360057A446804EBC504A34202D36FF074
:10B16C00010030BD5C7908338C42F1D10020F8E746
:10B17C0048B11F302CBF01210021400940EAC160B9
:10B18C00490902F047B9704710B50469204602F02E
:10B19C00C4F80023636110BDF8B5876806467C6867
:10B1AC009CB1436893F82630DB071DD405694FF03A
:10B1BC00FF334FF0FF322846FDF748F96B69002B3F
:10B1CC0005DC00242846FDF7B3F92046F8BD013B09
:10B1DC006B61002BF5D17B6830469847041EBEBFCF
:10B1EC006B6901336B61EDE70024EEE7F0B4D0E955
:10B1FC0001631B693BB177688F4208DB3568954268
:10B20C0005DCF0BC18476FF05700F0BC70476FF0CE
:10B21C001500FAE7F0B4D0E901631B6A3BB137695A
:10B22C008F4208DBF568954205DCF0BC18476FF0DF
:10B23C005700F0BC70476FF01500FAE770B4D0E916
:10B24C000162956A03460C46A5B196F8242012B902
:10B25C002B4670BC1847306A024410F8011BA142FF
:10B26C0002D121461846F3E79042F6D16FF08500E3
:10B27C0070BC70476FF05700FAE72DE9F3410E46AA
:10B28C00D0E9014794F825108046FF2905690FD1B4
:10B29C0094F8261001F00C01082914D0D8F80830C5
:10B2AC0000391B6B18BF01214BB96FF0570003E03D
:10B2BC00FFF7C4FF0028EBDA02B0BDE8F08140468E
:10B2CC0098470028F8DBA268B2F1004F05D0114670
:10B2DC004046FFF78BFF0028EEDB6269B2F1004FAE
:10B2EC0005D011464046FFF795FF0028E4DB2368A4
:10B2FC00B3F1004F14D0D8F808305B69002BD4D0D0
:10B30C00404601A998470028D6DB2268019B9A4247
:10B31C001CDD11464046FFF769FF002805DACBE734
:10B32C006FF0004362689A42E5D19EB994F82630DA
:10B33C009B0716D040463B6898470028BCDBA069A9
:10B34C00FFF716FF6B6901336B610AE06268934289
:10B35C00EBDDDEE76B6901336B6194F82630DA06BE
:10B36C0001D40020A8E74046FFF716FFA4E701230D
:10B37C0003FA01F103691B68194218BF82F001023C
:10B38C0012B18368DB68184783681B69FBE708B553
:10B39C004368986A38B1012293F82C10FFF7E7FF45
:10B3AC0000EAE07008BD6FF08500FBE743681B689E
:10B3BC00B3F1004F14BF00206FF00100B0FA80F021
:10B3CC00400970470346084631B95B681B68B3F106
:10B3DC00004F01D0136070476FF015007047436841
:10B3EC001B68B3F1004F1ABF00200B606FF0010017
:10B3FC0070474368986A20B1002293F82C10FFF72D
:10B40C00B6BF6FF0850070470020704703460A46B0
:10B41C0019790123006803FA01F103691B681942C9
:10B42C0018BF82F0010212B18368DB681847836889
:10B43C001B69FBE710B484682468A44610BC604701
:10B44C0007B5016940680123496800680DF10702DE
:10B45C00F9F708FF38B99DF80700FF3818BF01202D
:10B46C0003B05DF804FB6FF00400F9E737B54368EF
:10B47C00D86888B11C7C0569836801A95B6898470A
:10B48C0040B92B68019858400123A340184000385C
:10B49C0018BF012003B030BD0120FBE77FB50BAB1B
:10B4AC00059303930A9B029300231846CDE90033BE
:10B4BC00F6F746FA07B05DF804FB2DE9F7430D46A5
:10B4CC004668114607694FF47A7047F6122200233A
:10B4DC00A1FB0001F4F7CCFF47F6122E0446002125
:10B4EC0040F2E7304FF47A720023E4FB0E01F4F7DC
:10B4FC00BFFF80468946002D04DC6FF0730003B05B
:10B50C00BDE8F0830123796830680DF10702F9F783
:10B51C00A9FE0028F3D19DF80730FF2BEFD0404651
:10B52C00494601F077FF2D1BE5E701232DE9F04F8C
:10B53C00002A85B003930D460CBF1523092304691B
:10B54C0046681522FF21804604F1400001930090CB
:10B55C00CDF808D002F09BFA2B68002003F03F03D3
:10B56C0043F0400384F841306B681A0C190E84F8D0
:10B57C004320C3F3072284F8421084F8442084F853
:10B58C00453004F141010522FFF7B0FC40F0010009
:10B59C0084F8460002AB61681A463068FFF74AFF30
:10B5AC00044678BBD8F81060019F06F1400BD8F820
:10B5BC0004905F4406F148029742134626D993F94A
:10B5CC00001001320029F7DB13F8012BAA606AB1D5
:10B5DC0012F0600F40F08580500700F18580110754
:10B5EC0000F1858012F0120F40F08480A96901F0FF
:10B5FC00F002302A66D02CD8102A03D0202A50D042
:10B60C006FF08504204605B0BDE8F08FDCD12F6AC1
:10B61C00002F06DC96F84030FF2B0FD16FF073042F
:10B62C00F0E701235A467168D9F80000F9F71AFEC1
:10B63C00002862DB96F84030FF2B03D05B4606F106
:10B64C004107C1E740F23910002101F0E3FE0A3F47
:10B65C00DEE7602A36D022D801F0E0014029CFD1B4
:10B66C004FF00408002206F1410A1202BB42EA60C4
:10B67C000AD101235A467168D9F800005746F9F7E8
:10B68C00F1FD002839D15B4613F8012BE96808F16C
:10B69C00FF380A4318F0FF08EA60E6D1B2E7702AD7
:10B6AC00DDE7BB421A4604D212780133002AF8D0E7
:10B6BC00A8E7A7D14FF47A7240F6B8314046FFF7AD
:10B6CC00FCFE9FE7BB4208D101235A467168D9F8AA
:10B6DC000000F9F7C7FD80B95B461B781B02AB6015
:10B6EC0090E76FF00D048DE76FF015048AE76FF0AB
:10B6FC00890487E76FF0040484E7044682E7436813
:10B70C001B68D3F83031704743681B68D3F880044A
:10B71C00C3F88004704742681368D3F84C0150B1E9
:10B72C000020926A12780A70C3F84C01D3F84C21AD
:10B73C0001229A6270474FF0FF30704713B501AA8F
:10B74C000446FFF703FD002805DB019B22681979ED
:10B75C001868F9F757FC02B010BD10B5044600226A
:10B76C000121C720F7F760F8C720F7F72DF820461E
:10B77C00BDE81040FAF708B810B5044600220121C4
:10B78C00C620F7F751F8C620F7F71EF82046BDE89B
:10B79C001040F9F7F9BF0129F8B50C4616D14668E7
:10B7AC000021F0683568FFF7C9FF0823C5F800359C
:10B7BC00337A4BB9B26AC5F80427C5F80847C5F8FF
:10B7CC004C31D5F84C31AC620020F8BD81BB4668D9
:10B7DC003468D4F85031B3B10123E362D4F8243186
:10B7EC00002BFBD00023C4F85031D4F85021C4F8FE
:10B7FC002431D4F82421C4F84C31D4F84C21C4F8A9
:10B80C001431D4F814314FF47A7543681F68D7F8A3
:10B81C00303123B9012001F04BFA013DF7D100235F
:10B82C00C4F80035F0680121BDE8F840FFF786BF89
:10B83C006FF08500C9E7034637B500681C790569C8
:10B84C00836801A95B68984740B92B6801985840F8
:10B85C000123A3401840003818BF012003B030BDAD
:10B86C0030B50446086808B9106008E020684568DF
:10B87C009D4205D3B5FBF3F515602368186830BD00
:10B88C0008302060086801380860EBE77FB50BAB27
:10B89C00059303930A9B0122029300231846CDE9DA
:10B8AC000033F6F74DF807B05DF804FB03460A4683
:10B8BC0019790123006803FA01F103691B68194225
:10B8CC0018BF82F0010212B18368DB6818478368E5
:10B8DC001B69FBE710B5046923684BB11A7D3AB1BB
:10B8EC00186901F06EFC206800210830FFF7DEFFBC
:10B8FC00A36923B9636004F11000FCF769FE002012
:10B90C0010BD08B50220F9F7F3F8002008BD08B502
:10B91C00FCF7D6F908BD08B5FDF7FEFB48B10023CE
:10B92C0083F31188BFF36F8F0423184602DF6FF087
:10B93C00040008BD006870470B0A017043700B0CC3
:10B94C00090E8370C170704783690239023B8B42C8
:10B95C0083BF4389006B01FB030000207047034643
:10B96C0000F10B010020C20142EA500213F8010B56
:10B97C0050FA82F28B42D0B2F5D1704738B50D46F1
:10B98C00044618B9092000232B6038BD0368002B2E
:10B99C00F8D01A78002AF5D08188DA889142F1D152
:10B9AC005878FBF71DFC10F00100EBD12368EBE796
:10B9BC0038B503790446C3B100F13405026A01239A
:10B9CC0029464078FBF720FC88B9D4E90721A36A03
:10B9DC002071CB1A934208D2E378022B05D10A448A
:10B9EC00012329466078FBF70FFC002038BD0120AD
:10B9FC00FCE72DE9F0470027D0F800908F7583699C
:10BA0C0006460C46002B00F08180C36A01335CD1E2
:10BA1C0000231A46F069815C013220290DD00529DA
:10BA2C0008BFE521092A05D10B2B9FBF2E25E01855
:10BA3C0045720133E018417201330B2AEAD100211F
:10BA4C00E2185172A27D002A50D1002B44D008205C
:10BA5C0004F108035A78591C002A59D11B1B083BC6
:10BA6C003DE0B8F1000F05D100F520539BB2B3F5C2
:10BA7C00006F13D340F2B51140EA0840FBF700FC0D
:10BA8C00FF28C5F1FF0A18D9BAF1010F20D96319A3
:10BA9C00020A9A75D875022300201D44804602378D
:10BAAC00D9F80C30D85B0028DBD1B8F1000F18BFE7
:10BABC00002500232544AB75AAE748B1BAF1000F65
:10BACC0008D0631998750123E6E7B8463D46E7E7C9
:10BADC000025EAE75546E8E73F23A375012300223A
:10BAEC0023449A75F3691B7B03B96372F369DB7AA0
:10BAFC0003F03F032372F0691C30FFF71BFF20603B
:10BB0C00F369DB8AE380F3691B8BA380BDE8F087C4
:10BB1C002E2A13460AD0413A192A04D8F269127B0C
:10BB2C00104200D020334B730B4693E71020FAE7FA
:10BB3C00F8B50446FFF73CFF0546002846D1677967
:10BB4C00012F3BD123786071032B37D104F13406DC
:10BB5C0001464FF40072304601F099FF5223412206
:10BB6C00722184F8343084F83530612384F837201E
:10BB7C0084F8363084F81B3284F8181284F81912C1
:10BB8C0084F81A22616904F50770FFF7D5FE216964
:10BB9C0004F50870FFF7D0FE552384F83232AA233F
:10BBAC00626A84F8333201323B463146607884F85D
:10BBBC00305284F831522262FBF726FB0022607867
:10BBCC001146FBF72BFB003818BF0120F8BDC2F360
:10BBDC0007238A76CB760378032B01BF120C0A75E8
:10BBEC00120A4A75704738B5036A04468B420D46F3
:10BBFC000FD0FFF7DDFE58B901232A46607804F117
:10BC0C003401FBF7F7FA10B101204FF0FF35256234
:10BC1C0038BD0020FCE701292DE9F84305460C4608
:10BC2C0016466ED983698B426BD90378022B3FD0B1
:10BC3C00032B4FD0012B64D101EB5107816A01EB2F
:10BC4C005721FFF7D0FF10B10120BDE8F88314F0A5
:10BC5C00010405F1340807F10109C7F3080718BFFF
:10BC6C0018F80720F3B21EBF02F00F0242EA0313CA
:10BC7C00DBB208F807300123A96A28462B7101EBC7
:10BC8C005921FFF7B0FF0028DED1C9F308023CB1FF
:10BC9C00C6F3071608F80260012300202B71D4E7C5
:10BCAC0018F80230C6F3032623F00F031E43F1E706
:10BCBC00816A01EB1421FFF796FF0028C4D16400C0
:10BCCC0005F1340304F4FF741E551A19C6F3072644
:10BCDC005670E1E7816A01EBD411FFF784FF00286D
:10BCEC00B2D1A40005F1340304F4FE7423441846C5
:10BCFC00FFF720FE0146184666F31B01FFF71CFEFA
:10BD0C00CAE70220A1E7F8B505460E46FFF750FE3C
:10BD1C000446A0B931462846FFF716FE05F1340754
:10BD2C00064628624FF400722146384601F0AFFEF9
:10BD3C006B899C4205D36B891C1B18BF01242046C0
:10BD4C00F8BD0123394668783219FBF75DFA0028F3
:10BD5C00F1D10134ECE703284B8B04BF8A8A43EA08
:10BD6C000243184670470129F8B506460C464ED9D1
:10BD7C00836999424BD20378022B29D0032B34D000
:10BD8C00012B44D101EB5105816A01EB5521FFF7E1
:10BD9C002AFF10B14FF0FF30F8BDB16A6F1CC5F32C
:10BDAC0008053544304601EB572195F83450FFF720
:10BDBC001AFF0028EED1C7F30807374497F8343040
:10BDCC0045EA0320E3074CBF0009C0F30B00E3E78F
:10BDDC00816A01EB1421FFF706FF0028DAD1640019
:10BDEC0004F4FF743444A08ED6E7816A01EBD411BD
:10BDFC00FFF7F9FE0028CDD1A40006F1340004F4BD
:10BE0C00FE742044FFF796FD20F07040C4E701203B
:10BE1C00C2E7F8B50C46012C0646114605682BD92D
:10BE2C00AB69A34228D92AB14FF0FF322846FFF75D
:10BE3C00F2FE38B921463068FFF795FF27460446D5
:10BE4C0008B90020F8BD012816D0431C16D00022DA
:10BE5C0039462846FFF7DFFE0028F3D1D5E9053235
:10BE6C00911E8B4205D201336B616B7943F0010358
:10BE7C006B71A242DED8E4E70220E3E70120E1E7A0
:10BE8C002DE9F84381460F46056849B92E69C6B1BC
:10BE9C00AB69B34298BF01266B69A3B9002406E0D5
:10BEAC002846FFF760FF0128044603D801242046EA
:10BEBC00BDE8F883421C58D0AB698342F7D83E46A4
:10BECC00EAE70126E8E7BE4216D1AB69741C9C4236
:10BEDC0028BF0224D9F800002146FFF744FF0128AF
:10BEEC00E4D0431C41D0F0B1D5F81080B8F1010F6B
:10BEFC0002D9AB69984500D3B0464446AB690134CE
:10BF0C00A34203D8B8F1010FC8D002242146D9F8B6
:10BF1C000000FFF728FF40B10128C7D0013024D022
:10BF2C004445EBD1BAE7002CE6D04FF0FF32214666
:10BF3C002846FFF770FEB0B977B96B692C61002BFE
:10BF4C00B5D0AA69023A9342B1D8013B6B616B79C7
:10BF5C0043F001036B71AAE7224639462846FFF7E6
:10BF6C005AFE0028E9D00128A0D14FF0FF349EE7FB
:10BF7C002DE9F843076904462037B7F5001F24BFA5
:10BF8C000023836183698946066873B1C7F3080887
:10BF9C00B8F1000F39D141690133836141B933895B
:10BFAC00B3EB571F31D80023A3610420BDE8F883FD
:10BFBC007389013B13EA572327D13046FFF7D3FE91
:10BFCC000128054601D80220F0E7421C01D10120CE
:10BFDC00ECE7B369834212D8B9F1000FE3D02046E5
:10BFEC006169FFF74DFF0546A8B10128EBD0431C52
:10BFFC00EDD001463046FFF786FE0028E7D12946F2
:10C00C0030466561FFF7A0FCA06134364644002041
:10C01C002761E661CAE70720C8E7B1F5001FF8B54C
:10C02C0006460C4601D30220F8BDCA06FBD1826835
:10C03C0005680161BAB92B78022B01D9EB6A9BB95F
:10C04C002B89B3EB541FEED9E86AC6E9052000280A
:10C05C00E9D000EB54203435C4F308042544B06116
:10C06C00F5610020E0E713461A466F897F02BC4257
:10C07C00114603D22846FFF767FCE6E73068FFF766
:10C08C0072FE431C024606D00128CCD9AB69834210
:10C09C00C9D9E41BEBE70120C6E72DE9F041C16AE1
:10C0AC0004464B1C0568066918D1E5274FF00108BA
:10C0BC002846A169FFF797FDA0B9E3691F7085F8C1
:10C0CC0004802369B3420DD201462046FFF750FF8E
:10C0DC000028EDD0042808BF022003E0FFF79DFFE5
:10C0EC000028E2D0BDE8F0812DE9F04FADF5117DCF
:10C0FC00914604460DF1040A0191002800F0D1800C
:10C10C0002F03F0803AD424629465046F9F7DCFFE2
:10C11C000746002840F0BD80039D04AE10AB25609F
:10C12C0030460199EB603560FAF710FA20B996F9B0
:10C13C002B30002BB8BF062019F01C0F00F08E809E
:10C14C0000284BD0042840F0A4803046FAF762FB5C
:10C15C00002840F09E8048F008084FF0000B5A224F
:10C16C002121F3695A7483F80EB083F80FB0197457
:10C17C00F3695A7683F816B083F817B01976F1691B
:10C18C002878FFF7E8FD2023CB7281465A462846D3
:10C19C00F169FFF71CFDF36983F81CB083F81DB03F
:10C1AC0083F81EB083F81FB001232B71B9F1000F77
:10C1BC0011D05A4649463046D5F820A0FFF729FE43
:10C1CC00002866D151462846FFF70DFD09F1FF33D3
:10C1DC002B6100285DD148F0400809E019F0040FEC
:10C1EC0056D1B37913F0110F41D119F0080FB4D116
:10C1FC002B6AF169236261622878FFF7ACFDA060BD
:10C20C00034601F11C00FFF795FBE060EA8818F08B
:10C21C00200FA2804FF00002064684F81080627452
:10C22C00E261626115D0A0B16061B5F80A804FEA95
:10C23C004828B0451DD30020A36150BBC6F30802AB
:10C24C003AB119462846FFF77FFB40B300EB562066
:10C25C00E06138460DF5117DBDE8F08FC8B9B379B2
:10C26C00D8061AD419F0020FC2D0D907C0D50720AE
:10C27C000FE019462068FFF776FD01280346A6EB70
:10C28C00080603D9421CD4D10120D5E70220D3E7FC
:10C29C000820002307462360DBE70420F9E702208F
:10C2AC00F7E70927D5E72DE9F04F9A46002385B02B
:10C2BC008946CAF8003003A904461546FFF75EFB11
:10C2CC00002840F0868094F81180B8F1000F1FD13F
:10C2DC0094F810B01BF0010300937DD0E6686369FD
:10C2EC00F61AAE4228BF2E4696B16269039FC2F37E
:10C2FC000803002B55D17B89013B13EA522B18D133
:10C30C0052B9A06801280CD84FF0020884F81180AB
:10C31C00404605B0BDE8F08FA1692068FFF723FD0A
:10C32C00F0E7431C04D10123DDF800806374EFE7D0
:10C33C00A0613846A169FFF707FB0028E4D0B6F5E9
:10C34C00007F0BEB00022BD379890BEB5620884234
:10C35C004FEA562588BFA1EB0B052B46494678784A
:10C36C000192FAF747FF0028DDD13B7963B1386AB7
:10C37C00019A801AA84207D24FF4007207F13401D7
:10C38C0009EB402001F076FB6D02DAF80030761BE9
:10C39C002B44CAF800306369A9442B446361A3E7BA
:10C3AC00E26165693846C5F30805C5F50075B54207
:10C3BC00E16928BF3546FFF716FC0028B3D1616947
:10C3CC003437C1F308012A464846394401F052FB80
:10C3DC00DBE74FF009089BE74FF0070898E72DE9DA
:10C3EC00F04F9A46002385B08946CAF8003003A95D
:10C3FC0004469046FFF7C2FA002840F0A980677CFB
:10C40C001FBB237C9A0740F1A580636913EB080FCF
:10C41C0001D36FEA0308B8F1000F12D06369039ED1
:10C42C00C3F30802002A77D17589013D15EA53251B
:10C43C001ED173B9A16871B92046FFF721FD0146E1
:10C44C0048B9237C43F040032374384605B0BDE85B
:10C45C00F08FA169F0E7012902D102276774F4E794
:10C46C004B1C01D10127F9E7A368A16103B9A160B5
:10C47C00326AE3699A4204D13046FFF799FA0028F0
:10C48C00F0D13046A169FFF75FFA0028E5D0B8F586
:10C49C00007F05EB000B32D3718905EB58208842E5
:10C4AC004FEA58235A4688BF4B1B70784946019374
:10C4BC00FAF7AAFE05460028D4D1316A019BA1EBFC
:10C4CC000B01994209D24FF4007209EB412106F19C
:10C4DC00340001F0CFFA019B35715D02DAF80030BF
:10C4EC00A8EB05082B44CAF800306369A9441D4425
:10C4FC00E3686561AB422CBFE360E5608BE7616983
:10C50C00E368994206D33046FFF752FA0028A9D1C6
:10C51C00C6F820B0C4F81CB065693046C5F30805F0
:10C52C00C5F500754545E16928BF4546FFF75BFB3E
:10C53C00002897D1636906F13400C3F3080318444B
:10C54C002A46494601F096FA4FF001033371C5E7CC
:10C55C0009277AE7072778E7F7B501A90646FFF719
:10C56C000DFA70BB347C14F0400427D0019F316A63
:10C57C003846FFF738FB044600BB756AEB7A294650
:10C58C0043F02003EB72B2683068FFF720FBF168D0
:10C59C0005F11C00FFF7D0F921232B765A236B767B
:10C5AC000123AC75EC75AC74EC7438463B71FFF739
:10C5BC00BFFA0446337C23F040033374204603B0A7
:10C5CC00F0BD0924FAE713B50446FFF7C5FF28B9F7
:10C5DC00204601A9FFF7D2F910B9206002B010BDB6
:10C5EC000920FBE72DE9F7430D4601A90446FFF7A7
:10C5FC00C5F900287DD1667C002E51D1E368AB4291
:10C60C0004D2227C12F0020F08BF1D46002263697F
:10C61C0062619DB90020E2686369934282BF227C0B
:10C62C00E36042F04002C3F3080388BF2274002B7E
:10C63C0036D0E369834233D0E06131E0DDF8048029
:10C64C00B8F80A707F027BB1013B6A1EB2FBF7F2AD
:10C65C00B3FBF7F18A4207D37A421340A1696361B5
:10C66C00ED1A0029D6D002E0A16889B1A161BD42C2
:10C67C00636920D863692B446361C5F30803002BFD
:10C68C00C8D04046FFF760F940B100EB5520C2E737
:10C69C002046FFF7F5FB0128014605D102266674FA
:10C6AC00304603B0BDE8F083481C01D10126F6E703
:10C6BC00A160A161D5E73B446361237CA5EB07092D
:10C6CC009A0706D52046FFF7DBFB054628B901463D
:10C6DC00D0E72068FFF747FB05466B1CE6D0012D21
:10C6EC00DCD9D8F81830AB42D8D92946A5614D46CB
:10C6FC00BDE70926D4E770B5ADF5047D044601AE5F
:10C70C00019168B303AD002229463046F9F7DCFCF1
:10C71C00D8B9039D04AB256020460199EB60F9F76D
:10C72C0015FFB8B994F92B30002B07DBA379DB0686
:10C73C0014D52878E169FFF70EFBA060EB88002187
:10C74C002046A380FFF769FC08B1002323600DF598
:10C75C00047D70BD042808BF0520F6E70520F4E72A
:10C76C000920F4E713B501A90446FFF707F900B94E
:10C77C00206002B010BD70B5ADF5027D01AE0C4667
:10C78C0031460546FFF7FAF8F0B93CB92146284680
:10C79C000DF5027DBDE87040FFF73FBC336802AA7F
:10C7AC00DA60A0752846F9F7B1FD10F0FB0612D13E
:10C7BC0021462846FFF71DF931462846FFF7D8FBDE
:10C7CC00042806D1304601E0092024B90DF5027D7C
:10C7DC0070BD0028FAD00023A375F7E7F0B5ADF5CE
:10C7EC000F7D01AF02AE01900D4600223146384656
:10C7FC00F9F76AFC0446B0B9029B0EAA30460199BF
:10C80C00DA60F9F7A3FE044668B99DF93330002BC2
:10C81C0008DB1DB129463046FFF7EBF820460DF535
:10C82C000F7DF0BD0624002DF8D00023AB75F5E785
:10C83C002DE9F04F85B001908846164603A90022D9
:10C84C0001A8F9F741FC054648B9039C3460D4E9CA
:10C85C000539A9F10202934205D8C8F800302846E0
:10C86C0005B0BDE8F08F2378012B17D102270646BF
:10C87C0039462046FFF777FA431C34D0012834D0D0
:10C88C0000B90136A3690137BB42F1D8C8F8006082
:10C89C006379666143F001036371E0E7074606467E
:10C8AC00A16A04F1340A37B9204601F1010BFFF7F4
:10C8BC009AF9C0B959462378022B0AD1E3199B8EF9
:10C8CC0003B901360237B9F10109C7F30807EAD1F8
:10C8DC00DCE70AEB0700FFF72DF830F0704308BFD8
:10C8EC0001360437EFE70125B9E70225B7E773B541
:10C8FC0001A90446FFF742F8002832D1657CB5B98E
:10C90C00237C9A072FD56669E3689E420FD28EB9B5
:10C91C002A462046A168FFF77CFA0546A6606369A3
:10C92C00E360237C43F04003237405B1657428460F
:10C93C0002B070BDA1692068FFF715FA431C0146CF
:10C94C000BD001280BD0019B9B698342E7D9204671
:10C95C00A269FFF75EFA0546E1E70125DFE702254C
:10C96C00DDE70925E3E70725E1E72DE9F041ADF522
:10C97C001C7D01AF03AD0190022229463846F9F720
:10C98C00A3FB0446A8B9039E04AD1CAB2846019931
:10C99C00F3602E60F9F7DAFD044650B995F82B30A8
:10C9AC0013F0A00F3BD195F8068018F0010F05D0BD
:10C9BC00072420460DF51C7DBDE8F081E96930782F
:10C9CC00FFF7C9F918F0100F07460BD12846FFF7EF
:10C9DC0064FB04460028ECD1C7B93046FFF7A8F831
:10C9EC000446E6E70DF140082146129040461096A9
:10C9FC00FFF713FB04460028DBD14046F9F786FC11
:10CA0C0004460028D4D00428D3D1DFE702463946A7
:10CA1C002846FFF7FEF904460028CAD1DDE70624B4
:10CA2C00C7E72DE9F041ADF5147D01AD03AF0190E1
:10CA3C00022239462846F9F747FB0446804688B956
:10CA4C003B6808AE14AA30460199DA603360F9F7F6
:10CA5C007DFD044658B996F82B3013F0A00F0CBF8F
:10CA6C000824062420460DF5147DBDE8F081042829
:10CA7C00F8D13B68414604A80493FFF701FA054638
:10CA8C00002862D0012862D0431C06D10124002268
:10CA9C00294604A8FFF7BDF9E4E701463868FFF71B
:10CAAC0032F903460028F1D14FF020323868C0F833
:10CABC003520C0F83920A0F83D2080F84A302E22CD
:10CACC0080F84B30212380F8342080F84C30102231
:10CADC005A2380F83F2080F84D302A4600F134016B
:10CAEC00FFF775F800F154031A4651F8044B9942BC
:10CAFC0042F8044BF9D12E234FF0010880F8553041
:10CB0C00B268FFF764F880F804803046F9F782FECB
:10CB1C0004460028BBD121215A22F3699873D8739B
:10CB2C005A741974F3699875D8755A7619763868E9
:10CB3C002A46F169FFF74BF81022F369DA7280F894
:10CB4C000480FEF7F5FF04468CE707249FE70224D8
:10CB5C009DE72DE9F043ADF5257D019001AE6846CA
:10CB6C0003AC0091F9F72AFA022221463046E94635
:10CB7C00F9F7AAFA002840F08480039C24ABE36008
:10CB8C0000230CAD284601992C60AB60F9F7DEFC54
:10CB9C00002876D195F82B3013F0A00F75D1EE69E3
:10CBAC00D5F80880334604AF06F1200C3A461868D5
:10CBBC005968083303C263451746F7D1F77A18AEA4
:10CBCC00B446AE46BEE80F00ACE80F00BEE80F005E
:10CBDC00ACE80F009EE80F008CE80F003046D9F847
:10CBEC000010F9F7B3FC40B9B368434503D132697F
:10CBFC002B699A4203D0082043E0042841D13046E7
:10CC0C00F9F708FE00283CD1F1690DF11D0301F183
:10CC1C000D020DF12D0053F804CB834242F804CBE6
:10CC2C00F9D1188810809B789370FA0658BF47F09A
:10CC3C002007CF7201272771CB7ADB061AD5B36890
:10CC4C00434517D02078FFF786F801462046FEF7BB
:10CC5C007BFE0146D8B12046FEF7C5FF88B994F893
:10CC6C0055302E2B06D12046B26804F15401FEF744
:10CC7C00AEFF27712846FFF710FA10B92046FEF7D1
:10CC8C0057FF0DF5257DBDE8F0830620F9E702205E
:10CC9C00F7E7012307B505210DF107028DF80730E1
:10CCAC00FAF7BCFA03B05DF804FB03460020184702
:10CCBC0000F087BA024610B5116891B1B1FA81F350
:10CCCC00C3F11F000123834021EA0303D2E8EF4F95
:10CCDC008C4204D1C2E8EC3FBCF1000FF6D1EBD191
:10CCEC0010BD6FF00B00FBE710B50368CB40DB0702
:10CCFC0010D401238B40026843EA0201D0E8EF4FC5
:10CD0C00944204D1C0E8EC1FBCF1000FF6D1F2D173
:10CD1C00002010BD6FF01500FBE7FAF7EFBB10B168
:10CD2C00012802D07047FAF751BCFAF7FFBC18B1D2
:10CD3C00012803D100F00CB800F008B8704708B512
:10CD4C00FAF728FDBDE80840FAF780BCFAF712BCE8
:10CD5C00FAF7B4BCF7B51646DDE90847019001A80F
:10CD6C001D46FAF751FD019BB6F1000C18BF4FF0B0
:10CD7C00010C00EB83000B1E18BF0123002D43EAAE
:10CD8C004C030CBF4FF0000C4FF00C0C002C43EA82
:10CD9C000C030CBF4FF0000C4FF4706C002F43EAE7
:10CDAC000C030CBF4FF0000C4FF4403CD0F880202B
:10CDBC0043EA0C0322EA030301B109780EB1367879
:10CDCC00760019430DB12D78AD0031430CB12478A8
:10CDDC00240229430FB13F783F040C433C43C0F875
:10CDEC00804003B0F0BD1FB50DF10F03019300237C
:10CDFC008DF80F101A4619460093FFF7ABFF05B0DC
:10CE0C005DF804FB10B504460846FAF70DFD04EB7B
:10CE1C004004207DC0F3401010BD10B504460846F8
:10CE2C00FAF702FD04EB4004207DC0F3400010BD76
:10CE3C0010B504460846FAF7F7FC04EB4004A08A48
:10CE4C00400B10BD70B5044608461646FAF7ECFCCC
:10CE5C00083034F810300D46DA0509D5C3F34323F6
:10CE6C0004EBC3023146284654F8333052689847D5
:10CE7C00A3682BB131462846E268BDE870401847DC
:10CE8C0070BD10B504460846FAF7CEFC04EB400022
:10CE9C00838ADA051DD5C3F3432123F4F853838227
:10CEAC0004F1120204F1580032F8023F13F4807FAF
:10CEBC0003D0C3F3432399420BD08242F4D1002216
:10CECC0004EBC1035A6004F16000BDE81040FFF7A9
:10CEDC000BBF10BDF0B50446002001270546844663
:10CEEC0095420AD1D4F8443133B10023C4F844310B
:10CEFC00D4F8443140F40030F0BDEBB29B0003F5A4
:10CF0C0080769B0807FA03F3194208D054F806E020
:10CF1C00BEF1000F03D044F806C0A65918430135E2
:10CF2C00DEE738B504460D46FFF76CFFA8B1204686
:10CF3C00FFF773FF88B92046FFF77AFF01232268B9
:10CF4C008340C2F81833236803EB8000D0F8103507
:10CF5C0023F00303C0F8103538BD2846BDE838402F
:10CF6C000021FFF740BF2DE9F0431746044685B07A
:10CF7C000846FAF759FCD7F800800E460546B8F17A
:10CF8C00000F1ED02046FFF748FF18B12046FFF7D0
:10CF9C0039FF20BB00230DF10F02CDE900338DF8D2
:10CFAC000E308DF80F30304643460DF10E01FFF771
:10CFBC00D1FE04EB4502938A23F0020343F00103F4
:10CFCC0093827B689BB33146204693F80080D3F85C
:10CFDC000490FFF722FF28B1B9F1000F1FD06FF0BA
:10CFEC00150027E004EB4500838A23F4604323F00B
:10CFFC0020038382B9F1000F11D0B8F1030FEED8E2
:10D00C007B6821685B6893F800C04FEA8C03194475
:10D01C00B8F1000F11D1C1F81085C1F8108504EBDF
:10D02C004502938A23F01C0343EA88039382BB686E
:10D03C004BBB002005B0BDE8F083D1F8102522F0E1
:10D04C000302C1F8102522681344D3F8102522F4EA
:10D05C00473222F47C72C3F8102541F6F072D3F8F3
:10D06C00101502EA061242EA08420A43C3F81025D8
:10D07C0004EB4C03A3F86460838A43EA4C3343F01B
:10D08C0020038382CBE73146D3E900782046FFF7B3
:10D09C00F8FE002FCDD063689F4206D004F16000EB
:10D0AC00FFF708FE002804DAC4E7A3689845F5D119
:10D0BC00002004EBC003C3E9017804EB4505AB8AFF
:10D0CC00C0B243EA402343F48073AB82B1E7C0E9BA
:10D0DC000312704770B504461546FFF793FE48B12E
:10D0EC000846FAF7A1FB04EB40040020A38A5B0B73
:10D0FC002B7070BD6FF01500FBE790F874000038D2
:10D10C0018BF01207047FAF7C5BB2DE9F34104465F
:10D11C001746FFF777FE0D462668F0B12046FFF75D
:10D12C007CFE8046C8B92046FFF782FE820002F5DD
:10D13C00807346F80380F35823681344D3F8102502
:10D14C0042F00102C3F8102527B101232268834065
:10D15C00C2F8143302B0BDE8F081D6F81433284677
:10D16C009B035CBF4FF40033C6F81433FAF75CFB37
:10D17C0004EB4004A38AC3F38203042B11D0052BC8
:10D18C0011D001A80195FAF73FFB019BC168D9406A
:10D19C0001F001010231284602B0BDE8F041FFF771
:10D1AC0022BE0321F7E70221F5E7FFF7BABE08B567
:10D1BC00FAF736FFBDE80840FFF7C1BDC9B2FAF770
:10D1CC0067BF08B1F5F7FABE704710B5436904465E
:10D1DC003BB90020E2684042537843F0010353709E
:10D1EC0010BD98470028F4D00028B8BF4042FF2853
:10D1FC00A8BFFF20E3681870ECE740B1C36858780B
:10D20C0010F001001EBF1878B0FA80F0400970478A
:10D21C007FB50BAB059303930A9B0122029300236A
:10D22C001846CDE90033F4F78BFB07B05DF804FB2F
:10D23C00EFF31183202383F31288BFF36F8FFEE784
:10D24C0010B542696AB1836842EA0301890708D1C3
:10D25C000169A2FB011424B95B182CBF0121002128
:10D26C0002D36FF0150005E0C1609B1A02698A4277
:10D27C0001D8002010BDC26801311A604269C36038
:10D28C009B1AF3E72DE9F04105460F46EFF31188A1
:10D29C00202383F31288BFF36F8FC668FEB904682E
:10D2AC00A0421CD0DCB1D4E9003213605A60237C5C
:10D2BC00C4E9006623F002032374A66004F118008D
:10D2CC0000F03CF92046C4F88060676100F06CF80F
:10D2DC00414605F10800BDE8F04100F098B83E6009
:10D2EC00AB69EF60013BAB6188F31188BFF36F8FC3
:10D2FC00BDE8F081202408B5EFF3118384F3128884
:10D30C00BFF36F8FFDF70FFBF6E790F90E308B42F2
:10D31C0001D0FBF703BB0020704703460020C3E994
:10D32C000033C3E902007047EFF30580003818BFE3
:10D33C000120704700207047D0E9003213605A601A
:10D34C000023C0E90033704708B5FFF7F5FF037CF5
:10D35C0023F0020303740023836008BD38B5044630
:10D36C000D46FBF737FA237C43F002032374D5B147
:10D37C00A5602B689D4209D16B68C4E900531C6001
:10D38C006C6010E06A689A42F6D01B68002BF3D0F0
:10D39C0093F90E1094F90E209142F3DD5A68C4E90A
:10D3AC00003214605C6038BD10B5EFF3118420239B
:10D3BC0083F31288BFF36F8FFBF7CCF984F31188DA
:10D3CC00BFF36F8F10BD08B5037C014613F0280F17
:10D3DC000CD183680BB1FFF7B7FF0B7C084623F029
:10D3EC0004030B74BDE80840FBF7B4B908BD10B5D5
:10D3FC00EFF31184202383F31288BFF36F8F183857
:10D40C00FFF7E1FF84F31188BFF36F8F10BD08465F
:10D41C00FBF718BA70B506460D46FBF773FBB5F172
:10D42C00FF3F08BFB6F1FF3F04460CD047F6112072
:10D43C0000214FF47A7547F612220023E4FB050114
:10D44C00F3F716F870BD4FF0FF30FBE708B5C317C4
:10D45C001F3043F10003400940EAC360C117FBF7DA
:10D46C0051FB400108BD38B50446EFF3118520236C
:10D47C0083F31288BFF36F8F037C5B070ED51830D4
:10D48C0000F05CF8237C204623F004032374FBF7A4
:10D49C0061F92846BDE83840FBF7D4B985F311880B
:10D4AC00BFF36F8F38BD2DE9F04706460F46914606
:10D4BC009A46EFF31188202383F31288BFF36F8F02
:10D4CC000068864206D028B1736898420CBF0025CC
:10D4DC00056868B90024B9F1000F02D05146204606
:10D4EC00C84788F31188BFF36F8F2046BDE8F087DB
:10D4FC005146B84704460028EDD135B17368AB42AC
:10D50C0000D02C6828462546E3E72C46FAE708B5F8
:10D51C000246FBF757FC70B1D0E904319B1A61EB62
:10D52C00E272B3F1004F72F1000104DA002AACBFD1
:10D53C001846002008BD6FF00040FBE7024638B5E6
:10D54C00EFF31185202383F31288BFF36F8F0368E9
:10D55C00D3B1FBF737FC04461046FBF745FC002221
:10D56C004FF000438442C0E9042305D0002085F32A
:10D57C001188BFF36F8F38BDFBF72CFCFFF7C7FF8B
:10D58C000021F8F7CBFCF1E7D0E90413B3F1004F1D
:10D59C0008BF012904D100204FF00041C2E9040169
:10D5AC006FF01500E3E708B5FBF726FD08BDFBF7A8
:10D5BC0023BD704710B400F10C04C0E9034410BC47
:10D5CC00FCF7CEBE10B5836A04461BB10121243092
:10D5DC00FBF73CFE0020A06210BD38B50446FFF7F7
:10D5EC00F1FF237F012B0FD0023B012B0FD8236AB5
:10D5FC00012B14BF6FF0960500252C22002120462C
:10D60C0000F045FA284638BD236A002BF1E76FF08D
:10D61C009605F2E7FBF77CBE7047002070470020B0
:10D62C0070474FF0FF324FF0FF33FAF70FBFFAF7A6
:10D63C007FBF0A2842DCC31C1FDA10F1400F45D013
:10D64C0010F13F0F2BDA10F1410F42D010F1550FB2
:10D65C0042D010F1490F14BF6FF086006FF08400B8
:10D66C00704709282DD8DFE800F0052C2C2F172C3B
:10D67C00372C2C3A6FF09800704703300D2820D8C7
:10D68C00DFE800F00A331F221F1F1F1F1F1F071F79
:10D69C001F076FF0940070476FF08500704710F112
:10D6AC00210F1FD00DDB10F1200F1ED010F1100F29
:10D6BC0014BF6FF086006FF094007047643809282F
:10D6CC00CFD96FF086007047002070476FF0840050
:10D6DC0070476FF0890070476FF0930070476FF0E0
:10D6EC008C0070476FF0880070476FF092007047A5
:10D6FC0010B501380A44914200D110BD10F8013F19
:10D70C0011F8014B63400370F5E70144814200D1ED
:10D71C00704711F8013D1A440A70120AF6E707B572
:10D72C0001A9FBF79DFE003818BF012003B05DF87E
:10D73C0004FB30B589B0054618220C4601A800211F
:10D74C0000F0A5F9012344EA052401A9BA200794A5
:10D75C000593FBF73FFE002818BF6FF0920009B04D
:10D76C0030BDF7B5BA2001A9FBF77AFE044610B11B
:10D77C00002003B0F0BD019D2F0AEDB2AC4205D1E3
:10D78C00BA20FBF753FE0028F2D008E0E619304629
:10D79C00FBF74CFE30B13046FFF7C1FF10B96FF00C
:10D7AC009200E6E70134E9E708B5F820FFF7B7FF88
:10D7BC0018B9F920FFF7B3FF10B16FF0920008BD54
:10D7CC00F820FBF725FE0028F7D1F920FBF720FE07
:10D7DC000028F4D0F1E7022203689A607047C0F386
:10D7EC000B03482B4B6028BF482310F4003F8B6081
:10D7FC0008BF0023CB6010F4803308BFC1E90133AC
:10D80C0000F47003B3F5700F14BF00238B6800286D
:10D81C004FF0010C4FF008028B60B8BF0023C1E938
:10D82C0005C2B8BFC1E905337047F7B506460D46CA
:10D83C00202D2F46A8BF202700216846FCF708FAA8
:10D84C00044670B93A4631466846FCF753FA10F173
:10D85C00520F044608D0431CF4D0684600F059F827
:10D86C0034B1204603B0F0BD684600F052F8E3E74F
:10D87C00EC1B3E44F5D02546DAE738B5BFF35F8F95
:10D88C004FF0A344E569BFF35F8FBFF35F8F1023A5
:10D89C006363BFF35F8F012000F060F8BFF35F8F0D
:10D8AC0000236363BFF35F8FBFF35F8FE36BBFF343
:10D8BC005F8F5B06F8D425B1BFF35F8FE561BFF3D3
:10D8CC005F8F38BD08B5FBF7CDFF30B9BFF35F8F65
:10D8DC004FF0A343986ABFF35F8FBFF35F8F4FF096
:10D8EC00A342D36BBFF35F8F10F0240F03F023031D
:10D8FC0004D0FFF7C2FF6FF01F0008BD4FF0FF30E0
:10D90C00002BFAD1BFF35F8F1063BFF35F8F184604
:10D91C00F3E710B5037804461BB1FBF7C3FC0023F7
:10D92C002370002010BD4FF0FF324FF0FF33FAF799
:10D93C008DBDFAF7FDBD00F08DB807B54FF0FF3384
:10D94C004FF0FF32CDE90023002200F090F803B035
:10D95C005DF804FB00F087B800F081B8FFF776BDE6
:10D96C0010B58B4294BFC4184418A04200D110BD0E
:10D97C0000F8012BF9E700231A4682B001908B4284
:10D98C0001D102B070470198C2540133F7E72DE979
:10D99C00F3470446DDE90A9815460E4659B302F0E2
:10D9AC00010AFBF7EBF80746EFF31181202383F311
:10D9BC001288BFF36F8FA80744BF0023A360A3682E
:10D9CC0003EA0600BAF1000F0CD086420CD16A07AC
:10D9DC0044BF8343A36081F31188BFF36F8F02B000
:10D9EC00BDE8F0870028F2D159EA080305D181F38C
:10D9FC001188BFF36F8F0020F1E7C7E91865224645
:10DA0C00CDE9009804F10C00FAF766FF0028F2D17A
:10DA1C00386EE4E710B50B680446D0E9180212F032
:10DA2C00010F03EA000301D0984211D183B12366A0
:10DA3C00520748BF4A6804F1180044BF1A434A60B1
:10DA4C00FFF77CFD00232046C4F88030FFF7BBFCB9
:10DA5C00002010BD0023C0E90000836070474FF028
:10DA6C00FF32FCF7AFB90A460021FCF7ABB9520004
:10DA7C00FFF78DBF0A44431E914200D1704710B589
:10DA8C0011F8014B914203F8014FF9D110BD02443A
:10DA9C000346934200D1704703F8011BF9E70139A3
:10DAAC00024410B5904201D1002005E0037811F832
:10DABC00014FA34201D0181B10BD0130F2E7C9B2CF
:10DACC000346184613F8012B12B18A42F9D170475C
:10DADC00002918BF0020704710B56AB101398418AD
:10DAEC0010F8012B11F8013F9A4203D1A04201D04A
:10DAFC00002AF5D1D01A10BD1046FCE701390346B7
:10DB0C0010B532B111F8014F013A03F8014B002C5A
:10DB1C00F7D11A440021934200D110BD03F8011B28
:10DB2C00F9E70246014410B58A42134603D01C782B
:10DB3C000132002CF8D1181A10BDF0B5C3F137071B
:10DB4C00044603F01F031046FFB2082BE6B232D096
:10DB5C00102B3DD06508A40845EAC17544EA8174D0
:10DB6C008A082D1942EB5102290941EA02716D18FC
:10DB7C0042EB1212290A41EA02616D1842EB1222A1
:10DB8C00290C41EA02416D1842EB1242AD1842F1E8
:10DB9C000002EC0844EA4274D10804EB8402A6EBC0
:10DBAC004205EDB2092D0CD90134A5F10A0541F15C
:10DBBC000001EDB212E0E40806F0070544EA4174F6
:10DBCC00C908303554EA010200F8015BBDD1F0BD43
:10DBDC00240906F00F0544EA01740909092D84BFD4
:10DBEC00ED19EDB2EDE7D1E9043293421EBF5A1C98
:08DBFC000A6118707047000077
:08DC0400E028FF7F0100000091
:10DC0C00212F000000000000795E000000000000E1
:10DC1C0000000000DCDC000000000000FCDC000068
:10DC2C00D5830000000000004190000000000000BF
:10DC3C00000000001CDD0000000000005CDD0000A6
:10DC4C00000000003CDD0000000000009CDD000036
:10DC5C00000000007CDD0000F54B0000000000001F
:10DC6C000FB900000000000021A600000000000019
:10DC7C00FD2E000000000000754F000000000000A9
:10DC8C00000000001CDE000000000000FCDD0000B5
:10DC9C0000000000DCDD000000000000BCDD000026
:10DCAC00000000003CDE000023B900000000000072
:10DCBC00000000005CDE0000000000007CDE0000C4
:10DCCC00FD39000000000000851F0000000000006E
:10DCDC0087080100000000005CE70000D60300206C
:10DCEC000000000015B4000000000000000000005F
:10DCFC0095070100ECE9000040E70000C603002096
:10DD0C00680B00205D4900000000000000000000CE
:10DD1C00BC07010010EA000014E70000C803002053
:10DD2C00BC0B0020454C0000000000003402002019
:10DD3C00C807010024EA000014E70000CA03002011
:10DD4C00C80B0020454C00000000000044020020DD
:10DD5C00D307010038EA000014E70000CC030020D0
:10DD6C00D40B0020454C00000000000054020020A1
:10DD7C007809010034EB0000C8E70000DA0300204A
:10DD8C00400C002067B7000000000000BC0200201F
:10DD9C00830901008CEB0000C8E70000DC030020C5
:10DDAC00480C002085B7000000000000CC020020C9
:10DDBC005008010058EA000064E70000CE03002080
:10DDCC00E00B00208D51000000000000000000005E
:10DDDC005908010088EA000064E70000D003002025
:10DDEC00F80B00208D510000000000000000000026
:10DDFC0062080100B8EA000064E70000D2030020CA
:10DE0C00100C00208D5100000000000000000000EC
:10DE1C006B080100E8EA000064E70000D40300206E
:10DE2C00280C00208D5100000000000000000000B4
:10DE3C00650B01004003002038E70000DE030020E2
:10DE4C00DC0200201159000000000000000000005E
:10DE5C006809010018EB0000A4E70000D8030020BB
:10DE6C0064020020195300000000000000000000B4
:10DE7C0086070100C0E9000000000000C403002078
:10DE8C006C0A0020B54800000000000000000000F3
:10DE9C00000000000FA90000000000000FA9000006
:10DEAC00000000000FA90000000000000FA90000F6
:10DEBC00000000000FA90000000000000FA90000E6
:10DECC00000000000FA90000000000000FA90000D6
:10DEDC00000000000FA90000000000000FA90000C6
:10DEEC00000000000FA90000000000000FA90000B6
:10DEFC00000000000FA90000000000000FA90000A6
:10DF0C00000000000FA90000000000000FA9000095
:10DF1C00000000000FA90000000000000FA9000085
:10DF2C00000000000FA90000000000000FA9000075
:10DF3C00000000000FA90000000000000FA9000065
:10DF4C00000000000FA90000000000000FA9000055
:10DF5C00000000000FA90000000000000FA9000045
:10DF6C00000000000FA90000000000000FA9000035
:10DF7C00000000000FA90000000000000FA9000025
:10DF8C00000000000FA90000000000000FA9000015
:10DF9C00000000000FA90000000000000FA9000005
:10DFAC00000000000FA90000000000000FA90000F5
:10DFBC00000000000FA90000000000000FA90000E5
:10DFCC00000000000FA90000000000000FA90000D5
:10DFDC00000000000FA90000000000000FA90000C5
:10DFEC00000000000FA90000000000000FA90000B5
:10DFFC00000000000FA90000000000000FA90000A5
:10E00C00000000000FA90000000000000FA9000094
:10E01C00000000000FA90000000000000FA9000084
:10E02C00000000000FA90000000000000FA9000074
:10E03C00000000000FA90000000000000FA9000064
:10E04C00000000000FA90000000000000FA9000054
:10E05C00000000000FA90000000000000FA9000044
:10E06C00000000000FA90000000000000FA9000034
:10E07C00000000000FA90000000000000FA9000024
:10E08C00000000000FA90000000000000FA9000014
:10E09C00000000000FA90000000000000FA9000004
:10E0AC00000000000FA90000000000000FA90000F4
:10E0BC00000000000FA90000000000000FA90000E4
:10E0CC00000000000FA90000000000000FA90000D4
:10E0DC0000000000E1970000000000000FA9000004
:10E0EC00000000000FA90000000000000FA90000B4
:10E0FC00000000000FA90000000000000FA90000A4
:10E10C00000000000FA90000000000000FA9000093
:10E11C00000000000FA90000000000000FA9000083
:10E12C00000000000FA90000000000000FA9000073
:10E13C00000000000FA90000000000000FA9000063
:10E14C00000000000FA90000000000000FA9000053
:10E15C00000000000FA90000000000000FA9000043
:10E16C00000000000FA90000000000000FA9000033
:10E17C00000000000FA90000000000000FA9000023
:10E18C00000000000FA90000000000000FA9000013
:10E19C00000000000FA90000000000000FA9000003
:10E1AC00000000000FA90000000000000FA90000F3
:10E1BC00000000000FA90000000000000FA90000E3
:10E1CC00000000000FA90000000000000FA90000D3
:10E1DC00000000000FA90000000000000FA90000C3
:10E1EC00000000000FA90000000000000FA90000B3
:10E1FC00000000000FA90000000000000FA90000A3
:10E20C00000000000FA90000000000000FA9000092
:10E21C00000000000FA90000000000000FA9000082
:10E22C00000000000FA90000000000000FA9000072
:10E23C00000000000FA90000000000000FA9000062
:10E24C00000000000FA90000000000000FA9000052
:10E25C00000000000FA90000000000000FA9000042
:10E26C00000000000FA90000000000000FA9000032
:10E27C00000000000FA90000000000000FA9000022
:10E28C00000000000FA90000000000000FA9000012
:10E29C00000000000FA90000000000000FA9000002
:10E2AC00000000000FA90000000000000FA90000F2
:10E2BC00000000000FA90000000000000FA90000E2
:10E2CC00000000000FA90000000000000FA90000D2
:10E2DC00000000000FA90000000000000FA90000C2
:10E2EC00000000000FA90000000000000FA90000B2
:10E2FC00000000000FA90000000000000FA90000A2
:10E30C00000000000FA90000000000000FA9000091
:10E31C00000000000FA90000000000000FA9000081
:10E32C00000000000FA90000000000000FA9000071
:10E33C00000000000FA90000000000000FA9000061
:10E34C00000000000FA90000000000000FA9000051
:10E35C00000000000FA90000000000000FA9000041
:10E36C00000000000FA90000000000000FA9000031
:10E37C00000000000FA90000000000000FA9000021
:10E38C00000000000FA90000000000000FA9000011
:10E39C00000000000FA90000000000000FA9000001
:10E3AC00000000000FA90000000000000FA90000F1
:10E3BC00000000000FA90000000000000FA90000E1
:10E3CC00000000000FA90000000000000FA90000D1
:10E3DC00000000000FA90000000000000FA90000C1
:10E3EC00000000000FA90000000000000FA90000B1
:10E3FC00000000000FA90000000000000FA90000A1
:10E40C00000000000FA90000000000000FA9000090
:10E41C00000000000FA90000000000000FA9000080
:10E42C00000000000FA90000000000000FA9000070
:10E43C00000000000FA90000000000000FA9000060
:10E44C00000000000FA90000000000000FA9000050
:10E45C00000000000FA90000000000000FA9000040
:10E46C00000000000FA90000000000000FA9000030
:10E47C00000000000FA90000000000000FA9000020
:10E48C00000000000FA90000000000000FA9000010
:10E49C00000000000FA90000000000000FA9000000
:10E4AC00000000000FA90000000000000FA90000F0
:10E4BC00000000000FA90000000000000FA90000E0
:10E4CC009CDD00000BB700007CDD00000BB70000EA
:10E4DC00000000000FA90000000000000FA90000C0
:10E4EC00000000000FA90000000000000FA90000B0
:10E4FC00000000000FA90000000000000FA90000A0
:10E50C00000000000FA90000000000000FA900008F
:10E51C00000000000FA90000000000000FA900007F
:10E52C00000000000FA90000000000000FA900006F
:10E53C00000000000FA90000000000000FA900005F
:10E54C00000000000FA90000000000000FA900004F
:10E55C00000000000FA90000000000000FA900003F
:10E56C00000000000FA90000B401002035B100002C
:10E57C00000000000FA90000000000000FA900001F
:10E58C00000000000FA90000000000000FA900000F
:10E59C00000000000FA90000000000000FA90000FF
:10E5AC00000000000FA90000000000000FA90000EF
:10E5BC007D7F0000B7CC0000000000000FA9000018
:10E5CC00000000000FA90000000000000FA90000CF
:10E5DC00000000000FA90000000000000FA90000BF
:10E5EC00000000000FA90000000000000FA90000AF
:10E5FC00000000000FA90000000000000FA900009F
:10E60C00000000000FA90000000000000FA900008E
:10E61C00000000000FA90000000000000FA900007E
:10E62C00000000000FA90000000000000FA900006E
:10E63C00000000000FA90000000000000FA900005E
:10E64C00000000000FA90000000000000FA900004E
:10E65C00000000000FA90000000000000FA900003E
:10E66C00000000000FA90000000000000FA900002E
:10E67C00000000000FA90000000000000FA900001E
:10E68C00000000000FA90000000000000FA900000E
:10E69C00000000000FA90000000000000FA90000FE
:10E6AC00000000000FA90000000000000FA90000EE
:10E6BC00000000000FA90000BBD10000B7CC000087
:10E6CC00000000000FA90000000000000FA90000CE
:10E6DC00000000000FA90000000000000FA90000BE
:10E6EC00000000000FA90000000000000FA90000AE
:10E6FC00000000000FA900003C01002035B1000013
:08E70C00000000000FA900004D
:10E714009D4C000095B00000A1B00000B5B0000011
:10E72400BFB00000C9B00000714E0000DDB00000B1
:04E7340000000000E1
:08E73800295A0000E1B80000BD
:10E74000B549000003B0000067B000000000000001
:0CE750009FAF000000000000000000006F
:08E75C000000000000000000B5
:10E764009BB30000FFB30000B9B30000D1B30000B5
:10E7740000000000EBB300000000000000000000F7
:10E784000000000000000000000000000000000085
:10E794000000000000000000000000000000000075
:10E7A4009D520000B95300004D56000079B400009A
:10E7B400000000004DB40000AD5200000000000055
:04E7C4000000000051
:0CE7C80023B700001158000015B7000036
:10E7D4008A070100030000002AFA00000300000079
:10E7E400AE07010003000000930C010003000000C9
:10E7F400A8FB000003000000AE03010003000000BA
:10E804002E0801000300000046FA00000300000087
:10E814004AFA00000300000007FB000003000000A8
:10E824002500010003000000900C0100030000001B
:10E8340022FA00000300000021FB00000300000096
:10E8440077080100030000001E050100030000001A
:10E854006F090100030000001BFA00000300000020
:10E86400A7000100030000006B0B0100030000007F
:10E874003BFA0000030000008E09010003000000C1
:10E8840028E900001C010020F6FA00000100000045
:10E8A0000F01000000000000000200000000000056
:10E8B00000A0105000820D50000405500000000020
:10E8C0000338FDD870470000000000000000000081
:10E8D0000338FDD87047000009A7000000000000C1
:10E8E000000000000000000000000000D6FA000058
:10E8F000DEFA000000000000000000000000000040
:10E90000E6FA0000EAFA0000EEFA0000F2FA00006F
:10E9100018E90000100A0020451D0000280A002008
:10E9200053300020010000008DA70000000000000F
:10E93000F11C000081A700000000000075A7000086
:10E940000000000060000020000000000600010040
:10E950000200000058E900000000000098000100DB
:10E9600006000000E0CF170000000020A00001001A
:10E9700021000000E0FF0320193B0000A3AB0000D2
:10E980006BAB0000DFAA000003AA000015AB00007B
:10E99000CFAA0000F13A0000A13A000093AA0000BB
:10E9A0007D3A0000093A0000713B000055AA0000C2
:10E9B00065AA000045AA000009AA0000E1AB00001A
:10E9C0005CDE00007BF3000053AF000033AF0000BB
:10E9D0002BAF000023AF00001BAF00007DAF000095
:10E9E00019490000E948000000000000654A0000E5
:10E9F000E5490000A207010091B000008DB00000C1
:10EA0000A807010000A0105000820D50000405501E
:10EA10007F00000000A010503C010020000000001A
:10EA200000000000FFFF010000820D50B401002033
:10EA30000000000001000000FF0700000004055076
:10EA400000000000000000000200000000A01050C4
:10EA500000820D500004055000000080FFFFFF7F82
:10EA60000000008000000080FFFFFF7F00000080AA
:10EA70000000000000000000570D010000FF0A0028
:10EA80003CDD00000F00000000000080FFFFFF7F62
:10EA90000000008000000080FFFFFF7F000000807A
:10EAA0000000000000000000570D010000FF0A00F8
:10EAB0005CDD00000300000000000080FFFFFF7F1E
:10EAC0000000008000000080FFFFFF7F000000804A
:10EAD0000000000000000000570D010000FF0A00C8
:10EAE0005CDD00000500010000000080FFFFFF7FEB
:10EAF0000000008000000080FFFFFF7F000000801A
:10EB00008813000000000000570D010000FF0A00FC
:10EB10001CDD0000010000003CDE000000000000E1
:10EB200000000000000000000000000000127A0059
:10EB30000100000000700C50000000000000000008
:10EB400060EB000000C201000000D60100000000E0
:10EB5000000000400010000056300020553000201A
:10EB600000700C506CEB00000200000084EB000011
:10EB7000020000007CEB0000020100004880000061
:10EB800047800001480000004706000100600C506B
:10EB90000000000000000000B8EB000000C201000F
:10EBA0000000D6010000000000000040001000003E
:10EBB000583000205730002000600C50C4EB00009B
:10EBC00002000000DCEB000002000000D4EB0000BB
:10EBD00002010000298000002880000129000000B7
:10EBE000280600013CDD00000400010007000000D1
:10EBF00000000000000000000000000000A0105015
:10EC000000820D50000405500800000002000000C2
:10EC10000400000001000000410C01004F0C010045
:10EC2000630C0100720C01007E0C01000CDC000082
:10EC30001CDC00006CDC000074DC0000D4DC000094
:10EC4000DCDC00009BDA0000000101000002020091
:10EC50000014000000280000004000000100000037
:10EC6000020000000100040010004000000100024A
:10EC70000000010002000400080010002000000055
:10EC80007D1D0100632C001E9601A01E5A01001F6D
:10EC90000806101F0606201F0806301F0806401F22
:10ECA0000606511F0700591F521F5B1F541F5D1F8F
:10ECB000561F5F1F601F0806701F0E00BA1FBB1F84
:10ECC000C81FC91FCA1FCB1FDA1FDB1FF81FF91F80
:10ECD000EA1FEB1FFA1FFB1F801F0806901F080684
:10ECE000A01F0806B01F0400B81FB91FB21FBC1F29
:10ECF000CC1F0100C31FD01F0206E01F0206E51F44
:10ED00000100EC1FF31F0100FC1F4E210100322106
:10ED100070211002842101008321D0241A05302C97
:10ED20002F04602C0201672C0601752C0201802C37
:10ED30006401002D260841FF1A03000061001A0338
:10ED4000E0001703F8000703FF000100780100014D
:10ED5000300132010601390110014A012E01790109
:10ED6000060180014D00430281018201820184017C
:10ED7000840186018701870189018A018B018B014A
:10ED80008D018E018F0190019101910193019401F8
:10ED9000F60196019701980198013D029B019C01A3
:10EDA0009D0120029F01A001A001A201A201A401D6
:10EDB000A401A601A701A701A901AA01AB01AC0109
:10EDC000AC01AE01AF01AF01B101B201B301B301BA
:10EDD000B501B501B701B801B801BA01BB01BC0169
:10EDE000BC01BE01F701C001C101C201C301C401E0
:10EDF000C501C401C701C801C701CA01CB01CA01CD
:10EE0000CD011001DD0101008E01DE011201F301CF
:10EE10000300F101F401F401F801280122021201BA
:10EE20003A020900652C3B023B023D02662C3F0280
:10EE300040024102410246020A01530240008101A0
:10EE40008601550289018A0158028F015A029001F8
:10EE50005C025D025E025F02930161026202940144
:10EE60006402650266026702970196016A02622CDB
:10EE70006C026D026E029C01700271029D017302B0
:10EE800074029F0176027702780279027A027B028D
:10EE90007C02642C7E027F02A60181028202A9010B
:10EEA0008402850286028702AE014402B101B201EA
:10EEB00045028D028E028F0290029102B7017B0300
:10EEC0000300FD03FE03FF03AC0304008603880375
:10EED00089038A03B1031103C2030200A303A3033E
:10EEE000C4030803CC0303008C038E038F03D803F1
:10EEF0001801F2030A00F903F303F403F503F60320
:10EF0000F703F703F903FA03FA033004200350046C
:10EF10001007600422018A043601C1040E01CF04E7
:10EF20000100C004D0044401610526040000C700AC
:10EF3000FC00E900E200E400E000E500E700EA0090
:10EF4000EB00E800EF00EE00EC00C400C500C900D3
:10EF5000E600C600F400F600F200FB00F900FF0036
:10EF6000D600DC00A200A300A500A7209201E100CA
:10EF7000ED00F300FA00F100D100AA00BA00BF00D2
:10EF80001023AC00BD00BC00A100AB00BB0091256C
:10EF90009225932502252425612562255625552590
:10EFA0006325512557255D255C255B2510251425F6
:10EFB00034252C251C2500253C255E255F255A255A
:10EFC000542569256625602550256C25672568250B
:10EFD0006425652559255825522553256B256A2515
:10EFE00018250C25882584258C2590258025B1039E
:10EFF000DF009303C003A303C303B500C403A60348
:10F000009803A903B4031E22C603B5032922612273
:10F01000B1006522642220232123F7004822B0009A
:10F020001922B7001A227F20B200A025A0002F537A
:10F03000443A00202020202020204572726F722048
:10F040006F70656E696E6720646972202573205B3E
:10F0500025645D0A00202020202020204C69737444
:10F06000696E67202573203A0A0020202020202086
:10F070002020205B444952205D2025730A00202077
:10F08000202020202020205B46494C455D20257310
:10F090002028257A75206279746573290A000A2D63
:10F0A0002D2D20426F6F742066696C653A20637263
:10F0B0006561746520746573747B4E7D2E747874FD
:10F0C00020636F6E7461696E696E67202248656C9B
:10F0D0006C6F22202D2D2D0A002F53443A2F74657A
:10F0E000737425642E7478740020205B4641494C6B
:10F0F0005D206372656174652025730048656C6CE2
:10F100006F0020205B204F4B205D2077726F74656D
:10F11000202248656C6C6F2220746F202573202894
:10F120002564206279746573290020205B4641497B
:10F130004C5D2077726F7465202248656C6C6F227D
:10F1400020746F20257320282564206279746573EC
:10F1500029000A2D2D2D20352E2044656C657465FF
:10F1600020736372617463682066696C6573202B19
:10F1700020756E6D6F756E742F72656D6F756E7420
:10F18000202D2D2D0A002F53443A2F73647465737C
:10F19000742E7478740020205B204F4B205D206417
:10F1A000656C6574652025730020205B4641494CE1
:10F1B0005D2064656C657465202573002F53443AA7
:10F1C0002F73646269672E62696E0020205B204F96
:10F1D0004B205D202573206E6F206C6F6E6765720B
:10F1E0002070726573656E740020205B4641494C47
:10F1F0005D202573206E6F206C6F6E6765722070C6
:10F20000726573656E740020205B204F4B205D207B
:10F21000756E6D6F756E740020205B4641494C5DC4
:10F2200020756E6D6F756E740020205B204F4B2033
:10F230005D2072656D6F756E740020205B464149DC
:10F240004C5D2072656D6F756E7400205849414F9A
:10F25000206E524635344C313520202D2D20205340
:10F2600044206361726420285350492920746573D7
:10F27000740A002050696E733A2053434B3D50325C
:10F280002E303120204D4F53493D50322E30322008
:10F29000204D49534F3D50322E3034202043533DB2
:10F2A00050312E30340A000A5344206361726420C6
:10F2B0006973206E6F7420616E73776572696E6713
:10F2C00020286E6F207265706C7920746F20434D1A
:10F2D0004430292E0A00436865636B20636F6E6EAD
:10F2E000656374696F6E733A2053434B3D50322E01
:10F2F00030312C204D4F53493D50322E30322C208E
:10F300004D49534F3D50322E30342C2043533D5005
:10F31000312E30342C20706C7573203356332061BD
:10F320006E6420474E442E0A0052652D7365617449
:10F33000202F20706F7765722D6379636C65207460
:10F34000686520636172642E205265747279696EFB
:10F3500067206576657279203220732E2E2E0A0082
:10F360005B77616974202564735D206E6F20636133
:10F370007264207965742E2E2E0A005344000A53BD
:10F3800044206361726420737461727465642061E7
:10F390006E73776572696E67206166746572207E30
:10F3A000256420732E0A000A2D2D2D20312E205287
:10F3B0006177206469736B206163636573732028D0
:10F3C00063617264206964656E7469667929202DB1
:10F3D0002D2D0A0020205B204F4B205D2053442020
:10F3E0006361726420696E69742028343030206B48
:10F3F000487A2068616E647368616B65206F76651A
:10F400007220535049290020205B4641494C5D2021
:10F410007265616420736563746F7220636F756ECB
:10F42000740020205B204F4B205D20736563746F58
:10F430007220636F756E74203D2025750020205B5F
:10F440004641494C5D20736563746F7220636F752C
:10F450006E74203D2025750020205B4641494C5D9F
:10F46000207265616420736563746F722073697ABA
:10F47000650020205B204F4B205D20736563746F17
:10F48000722073697A65203D202575206279746544
:10F49000730020205B4641494C5D20736563746FA7
:10F4A000722073697A65203D202575206279746524
:10F4B0007300202020202020203D3E2043617264E4
:10F4C0002063617061636974793A202575204D422B
:10F4D00020282575204D6942290A000A2D2D2D204E
:10F4E000322E204D6F756E74204641542066696C33
:10F4F0006573797374656D202D2D2D0A0020205BB6
:10F50000204F4B205D2066735F6D6F756E742825EC
:10F510007329202D3E2025640020205B4641494C64
:10F520005D2066735F6D6F756E7428257329202DBD
:10F530003E202564000A2A2A2A20436F756C642025
:10F540006E6F74206D6F756E7420464154202D2DA2
:10F550002069732074686520636172642046415499
:10F5600033323F202A2A2A0A00202020202020206F
:10F57000566F6C756D6520746F74616C203A202530
:10F5800075204D420A0020202020202020566F6C3C
:10F59000756D65206672656520203A202575204DC1
:10F5A000420A0020205B204F4B205D207374617461
:10F5B000766673207265706F727473206E6F6E2D35
:10F5C0007A65726F20766F6C756D652073697A65E8
:10F5D0000020205B4641494C5D207374617476665F
:10F5E00073207265706F727473206E6F6E2D7A6502
:10F5F000726F20766F6C756D652073697A65002077
:10F60000205B4641494C5D2066735F73746174767C
:10F610006673202D3E202564000A2D2D2D20332ECB
:10F6200020536D616C6C2066696C6520777269741B
:10F6300065202F20726561642D6261636B202F202D
:10F64000766572696679202D2D2D0A0020205B20B9
:10F650004F4B205D206F70656E20257320666F72A2
:10F660002077726974650020205B4641494C5D201B
:10F670006F70656E20257320666F722077726974D3
:10F68000650020205B204F4B205D2077726F7465F2
:10F690002025642062797465730020205B4641490F
:10F6A0004C5D2077726F74652025642062797465E3
:10F6B000730020205B204F4B205D2072656F7065CA
:10F6C0006E20257320666F722072656164002020B1
:10F6D0005B4641494C5D2072656F70656E202573F5
:10F6E00020666F7220726561640020205B204F4BA2
:10F6F000205D2072656164206261636B2025642057
:10F7000062797465730020205B4641494C5D20722C
:10F71000656164206261636B202564206279746591
:10F72000730020205B204F4B205D20636F6E74655B
:10F730006E74206D61746368657320627974652DE1
:10F74000666F722D627974650020205B4641494CDA
:10F750005D20636F6E74656E74206D61746368659F
:10F760007320627974652D666F722D6279746500FD
:10F770000A2D2D2D20342E204C617267652066697C
:10F780006C6520282564204B694229207468726FBB
:10F79000756768707574202B20696E74656772696F
:10F7A0007479202D2D2D0A0020205B4641494C5DA7
:10F7B000207772697465206368756E6B20617420B0
:10F7C0006F666673657420257A750020205B204F74
:10F7D0004B205D2077726F746520257A75206279E1
:10F7E00074657320696E20256C6C64206D73203DF8
:10F7F0003E202575204B69422F730020205B464137
:10F80000494C5D2077726F746520257A7520627986
:10F8100074657320696E20256C6C64206D73203DC7
:10F820003E202575204B69422F730020205B464106
:10F83000494C5D2072656164206368756E6B206160
:10F8400074206F666673657420257A750020205BCE
:10F85000204F4B205D207265616420257A752062FF
:10F860007974657320696E20256C6C64206D73203B
:10F870003D3E202575204B69422F730020205B46BA
:10F8800041494C5D207265616420257A752062795A
:10F8900074657320696E20256C6C64206D73203D47
:10F8A0003E202575204B69422F730020205B204F9E
:10F8B0004B205D202564204B694220766572696685
:10F8C0006965642077697468206E6F206461746173
:10F8D00020636F7272757074696F6E0020205B46D2
:10F8E00041494C5D202564204B6942207665726950
:10F8F000666965642077697468206E6F206461743E
:10F900006120636F7272757074696F6E000A3D3D9D
:10F910003D3D3D3D3D3D3D3D3D3D3D3D3D3D3D3D17
:10F920003D3D3D3D3D3D3D3D3D3D3D3D3D3D3D3D07
:10F930003D3D3D3D3D3D3D3D3D3D3D3D3D3D3D3DF7
:10F940003D3D3D3D3D3D0A0020524553554C543A06
:10F9500020256420636865636B7320706173736531
:10F96000642C202564206661696C65640A00203E71
:10F970003E3E3E3E3E3E3E3E3E20202053442043FF
:10F9800041524420544553543A2050415353454426
:10F990002020203C3C3C3C3C3C3C3C3C3C0A002085
:10F9A0003E3E3E3E3E3E3E3E3E3E202020534420D4
:10F9B0004341524420544553543A204641494C4512
:10F9C000442020203C3C3C3C3C3C3C3C3C3C0A0031
:10F9D0005B7374617475735D205344204F4B202D0D
:10F9E000207468697320626F6F742077726F74651A
:10F9F000202248656C6C6F2220746F2025730A00EA
:10FA00005B7374617475735D205344206E6F742052
:10FA1000617661696C61626C650A00736474657318
:10FA200074006F735F686561700063627072696E05
:10FA300074665F7061636B616765007379735F679C
:10FA400065746F7074006C6F67006C6F675F6D67D3
:10FA50006D74004D6573736167652064726F7070BB
:10FA600065642062656361757365206974206578DB
:10FA700063656564732073697A65206C696D697468
:10FA80006174696F6E2028257529000D0A001B5BC3
:10FA9000306D00257320005B2530386C755D2000CB
:10FAA0005B253032753A253032753A253032752E65
:10FAB000253033752C253033755D20003C25733E91
:10FAC000200025732F0025733A200025303278203E
:10FAD000007C002563001B5B313B33316D001B5BF9
:10FAE000313B33336D006572720077726E00696E60
:10FAF0006600646267006C6F675F6261636B656E6E
:10FB0000645F75617274006C6F675F756172740019
:10FB10006163746976650073757370656E6465649E
:10FB200000706D5F646576696365004469736B207E
:10FB30007265666572656E636520636F756E7420AD
:10FB40006174206D61782076616C7565004469731D
:10FB50006B20697320616C726561647920646569EA
:10FB60006E697469616C697A656400696E76616C4E
:10FB70006964206469736B20696E74657266616381
:10FB8000652121006469736B20696E74657266611A
:10FB9000636520616C726561647920726567697361
:10FBA00074657265642121006469736B002A2A2AD6
:10FBB00020426F6F74696E67206E524620436F6EED
:10FBC0006E6563742053444B2076332E342E302DD3
:10FBD000393935353330353536303762202A2A2ADF
:10FBE0000A002A2A2A205573696E67205A657068B0
:10FBF0007972204F532076342E342E302D626638A1
:10FC0000303165346533643139202A2A2A0A00727A
:10FC1000302F61313A20203078253038782020721A
:10FC2000312F61323A202030782530387820207208
:10FC3000322F61333A202030782530387800723303
:10FC40002F61343A202030782530387820723132D4
:10FC50002F69703A2020307825303878207231347E
:10FC60002F6C723A20203078253038780020787058
:10FC700073723A2020307825303878004661756CF0
:10FC800074696E6720696E737472756374696F6EE0
:10FC9000206164647265737320287231352F70633C
:10FCA000293A2030782530387800556E68616E64C6
:10FCB0006C6564204952516E3A202564002A2A2A34
:10FCC0002A2A205553414745204641554C54202A65
:10FCD0002A2A2A2A0020204469766973696F6E20D7
:10FCE0006279207A65726F002020556E616C6967B9
:10FCF0006E6564206D656D6F7279206163636573F5
:10FD000073002020537461636B206F766572666C9C
:10FD10006F772028636F6E746578742061726561F7
:10FD2000206E6F742076616C6964290020204E6F0C
:10FD300020636F70726F636573736F7220696E7387
:10FD40007472756374696F6E73002020496C6C6502
:10FD500067616C206C6F6164206F66204558435F5B
:10FD600052455455524E20696E746F205043002006
:10FD700020496C6C6567616C20757365206F662027
:10FD80007468652045505352002020417474656D9D
:10FD9000707420746F206578656375746520756E66
:10FDA000646566696E656420696E737472756374E8
:10FDB000696F6E002A2A2A2A2A204255532046417A
:10FDC000554C54202A2A2A2A2A0020205374616381
:10FDD0006B696E67206572726F72002020556E73BA
:10FDE0007461636B696E67206572726F72002020A8
:10FDF0005072656369736520646174612062757314
:10FE0000206572726F720020204246415220416488
:10FE100064726573733A2030782578002020496D2C
:10FE200070726563697365206461746120627573C3
:10FE3000206572726F72002020496E737472756350
:10FE400074696F6E20627573206572726F72002024
:10FE500020466C6F6174696E672D706F696E7420D7
:10FE60006C617A7920737461746520707265736552
:10FE700072766174696F6E206572726F72002A2AE1
:10FE80002A2A2A204D5055204641554C54202A2AD2
:10FE90002A2A2A002020537461636B696E672065EB
:10FEA00072726F722028636F6E746578742061724D
:10FEB0006561206D69676874206265206E6F7420CB
:10FEC00076616C696429002020446174612041637B
:10FED000636573732056696F6C6174696F6E00207F
:10FEE000204D4D46415220416464726573733A203F
:10FEF00030782578002020496E73747275637469B8
:10FF00006F6E204163636573732056696F6C617413
:10FF1000696F6E005265736572766564204578631B
:10FF2000657074696F6E20280053707572696F7503
:10FF30007320696E7465727275707420284952510D
:10FF40002000535053454C20696E207468726561DF
:10FF500064206D6F646520646F6573206E6F74201C
:10FF6000696E64696361746520505350002A2A2ABF
:10FF70002A2A2048415244204641554C54202A2ADE
:10FF80002A2A2A002020427573206661756C74202D
:10FF90006F6E20766563746F72207461626C652089
:10FFA000726561640020204465627567206576652E
:10FFB0006E740020204661756C7420657363616CFB
:10FFC0006174696F6E20287365652062656C6F7758
:10FFD0002900415243485F455843455054207769B2
:10FFE000746820726561736F6E2025780A002A2A72
:10FFF0002A2A2A204465627567206D6F6E69746FC6
:020000021000EC
:100000007220657863657074696F6E202A2A2A2AC7
:100010002A002A2A2A2A2A20257320256429202A10
:100020002A2A2A2A006D7075004661696C65642071
:10003000746F20616C6C6F63617465206E657720EE
:100040004D505520726567696F6E2025750A005006
:100050006172746974696F6E2025753A20636F68E8
:100060006572656E636520636865636B20666169B0
:100070006C65642E00496E76616C696420756E64EF
:1000800065726C79696E6720726567696F6E206949
:100090006E64657820257500464C4153485F3000FA
:1000A0005352414D5F3000736F6300696E76616C2F
:1000B00069642066696C65206E616D652121006D43
:1000C0006F756E7420706F696E74206E6F74206629
:1000D0006F756E6421210066696C652073686F75A9
:1000E0006C64206265206F70656E656420666F7257
:1000F00020777269746520746F207472756E636105
:10010000746521210066696C65207472756E636187
:1001100074696F6E206E6F7420737570706F727477
:10012000656421210066696C65206F70656E2065CD
:1001300072726F7220282564290066696C652074CC
:1001400072756E636174696F6E206661696C656457
:1001500020282564290066696C6520636C6F7365CF
:10016000206572726F7220282564290066696C65AB
:100170002072656164206572726F7220282564297F
:100180000066696C65207772697465206572726FAC
:100190007220282564290066696C652073796E6376
:1001A000206572726F72202825642900696E76615D
:1001B0006C6964206469726563746F7279206E6122
:1001C0006D652121006469726563746F7279206FB7
:1001D00070656E206572726F722028256429002E6A
:1001E0002E006469726563746F7279207265616450
:1001F000206572726F722028256429006469726517
:1002000063746F727920636C6F7365206572726FAF
:10021000722028256429006661696C656420746F0A
:1002200020756E6C696E6B2070617468202825647F
:100230002900696E76616C69642066696C65206F5F
:100240007220646972206E616D65212100666169AA
:100250006C6564206765742066696C65206F722028
:1002600064697220737461742028256429006D6F9D
:10027000756E7420706F696E74206E6F7420696E75
:10028000697469616C697A656421210066696C65CD
:100290002073797374656D20616C72656164792077
:1002A0006D6F756E746564212100696E76616C698D
:1002B00064206D6F756E7420706F696E74212100FB
:1002C0006D6F756E7420706F696E7420616C7265ED
:1002D0006164792065786973747321210072657196
:1002E0007565737465642066696C652073797374D1
:1002F000656D2074797065206E6F74207265676912
:100300007374657265642121006673207479706569
:1003100020256420646F6573206E6F742073757080
:10032000706F7274206D6F756E74696E67006D6F9B
:10033000756E742070617468202573206973206E57
:100340006F7420756E6D6F756E7461626C6500669A
:1003500073206D6F756E74206572726F7220282520
:100360006429006673206E6F74206D6F756E7465FE
:100370006420286D70203D3D202570290066732083
:10038000756E6D6F756E74206E6F742073757070FE
:100390006F72746564212100667320756E6D6F75D0
:1003A0006E74206572726F7220282564290066734E
:1003B00000556E6D6F756E74206661696C656420A2
:1003C0002825642900436F756C64206E6F7420705B
:1003D0006F776572206F6666206469736B202825CD
:1003E00064290043617264206572726F72206F6EBF
:1003F00020434D4430004361726420646F65732074
:100400006E6F7420737570706F727420434D443832
:100410002C20617373756D696E67206C656761630D
:100420007920636172640043617264206572726F47
:1004300072206F6E20434D44380064697361626CB2
:100440006500436F756C64206E6F742025732063A4
:1004500061726420706F7765722076696120534401
:10046000484300656E61626C6500436F756C642083
:100470006E6F742073746172742062757320636C84
:100480006F636B00534420686F737420636F6E74E6
:10049000726F6C6C65722072657475726E65642023
:1004A000696E76616C69642070726F7065727469D0
:1004B00065730054696D656F7574207768696C6544
:1004C00020747279696E6720746F20616371756939
:1004D00072652063617264206D7574657800466191
:1004E000696C656420746F20726573657420534471
:1004F000484320492F4F004661696C656420746F42
:1005000020696E69742053442063617264206166BF
:1005100074657220492F4F2072657365740073648F
:100520000053442061707020636F6D6D616E6420B4
:100530006661696C65642077697468205231207245
:100540006573706F6E7365206F6620307825580074
:100550005344494F20646F6573206E6F7420737528
:1005600070706F7274204D4D4320636F6D6D616EBE
:10057000647300436F756C64206E6F7420676574DC
:100580002053442063617264206D75746578004661
:1005900061696C656420746F2072656164206672A5
:1005A0006F6D2053444D4D432025640043617264B8
:1005B00020646964206E6F742072657475726E2099
:1005C000746F20726561647920737461746500438F
:1005D0006172642072656164206661696C656400A3
:1005E0004F6E6C7920256420626C6F636B73206F93
:1005F000662025642077657265207772697474655A
:100600006E005772697465206661696C65640045A7
:1006100072617365206661696C6564004361726430
:100620002062757379207768656E20706F776572C8
:10063000696E67206F6666004661696C6564207448
:100640006F2071756572792063617264204F435227
:10065000004D6178696D756D20534420636C6F6344
:100660006B20697320756E6465722032354D487A4F
:100670002C207573696E6720636C6F636B206F66E7
:10068000202564487A004661696C656420746F2097
:100690007261697365206275732066726571756534
:1006A0006E637920746F2032354D487A00436F7540
:1006B0006C64206E6F742073657420534420626CE8
:1006C0006F636B6C656E20746F203531320043614F
:1006D000726420646964206E6F7420616363657066
:1006E00074206E6577207370656564004661696C7F
:1006F000656420746F206368616E676520686F733E
:100700007420627573207370656564004661696C5E
:10071000656420746F207377697463682063617205
:100720006420746F204853206D6F646500466169D2
:100730006C656420746F206368616E676520636117
:1007400072642062757320776964746820746F2006
:1007500034206269747300485320636172642069B5
:100760006E6974206661696C65640043617264201F
:100770006E65766572206C6566742062757379208B
:100780007374617465006D6D630063616368655FB8
:100790006E72667800636C6F636B40313065303029
:1007A00030006866636C6B006C66636C6B00636C36
:1007B0006F636B5F636F6E74726F6C006770696FED
:1007C00040313061303030006770696F40643832DA
:1007D0003030006770696F4035303430300047503A
:1007E000494F20706F7274202573206E6F742072D1
:1007F00065616479006661696C656420746F20636B
:100800006F6E666967757265204750494F20686F43
:100810006720666F7220706F727420257320706974
:100820006E20257520286572722025642900677066
:10083000696F5F686F6773004750494F20706F7230
:10084000743A202573206E6F74207265616479009C
:10085000766261742D70777200726673772D70778F
:100860007200726673772D63746C0070646D2D690D
:100870006D752D70777200726567756C61746F723B
:100880005F666978656400726567756C61746F7224
:100890004031323030303000436F756C64206E6F01
:1008A0007420636F6E66696775726520706F776517
:1008B00072206770696F2028256429004361726483
:1008C00020646574656374204750494F20646576E1
:1008D000696365206E6F7420726561647900436F8F
:1008E000756C64206E6F7420636F6E6669677572D5
:1008F0006520636172642D6465746563742070693A
:100900006E3B202825642900446174612077726958
:100910007465206661696C6564004261642064618D
:100920007461204352430042616420746F6B656EB2
:1009300000506F7765726564207570004361726462
:100940002053434C4B20696E697420736571756543
:100950006E6365206661696C656400506F776572CF
:10096000656420646F776E00736468634030007361
:100970006468635F737069007561727440633730D7
:10098000303000756172744063363030300075610C
:1009900072745F6E7266785F75617274650047503D
:1009A000494F20706F727420666F7220636C6B20E9
:1009B00070696E206973206E6F742072656164794E
:1009C00000436F756C646E277420636F6E66696791
:1009D00075726520636C6B2070696E3B20282564FE
:1009E00029004750494F20706F727420666F722043
:1009F0006D6F73692070696E206973206E6F74204B
:100A0000726561647900436F756C646E277420634E
:100A10006F6E666967757265206D6F7369207069A6
:100A20006E3B2028256429004750494F20706F7283
:100A30007420666F72206D69736F2070696E206913
:100A400073206E6F7420726561647900436F756CFA
:100A5000646E277420636F6E666967757265206DBA
:100A600069736F2070696E3B202825642900435309
:100A7000204750494F20706F727420257320706991
:100A80006E202564206973206E6F74207265616426
:100A900079004661696C656420746F20636F6E66CF
:100AA00069677572652043532070696E733A20251B
:100AB0006400536C617665206D6F6465206E6F74A1
:100AC00020737570706F7274656400576F72642064
:100AD00073697A6573203E20333220626974732013
:100AE0006E6F7420737570706F72746564004E6FF2
:100AF000204D4F53492070696E207370656369669D
:100B000069656420696E2068616C66206475706C2C
:100B10006578206D6F646500426F746820525820BC
:100B2000616E6420545820737065636966696564FA
:100B300020696E2068616C66206475706C65782031
:100B40006D6F646500436F756C646E277420636F0E
:100B50006E666967757265204D4F53492070696EE6
:100B60003A202564007364737069007370695F6272
:100B7000697462616E67002A3A3C3E7C223F7F00C6
:100B80002B2C3B3D5B5D00EBFE904D53444F5335AA
:100B90002E30004E4F204E414D4520202020464112
:100BA000543332202020004E4F204E414D4520200E
:100BB000202046415420202020200048616C746988
:100BC0006E672073797374656D00556E6B6E6F7709
:100BD0006E206572726F7200756E6B6E6F776E004D
:100BE0003E3E3E205A455048595220464154414CC1
:100BF000204552524F522025643A202573206F6EB3
:100C000020435055202564004661756C742064753E
:100C100072696E6720696E7465727275707420688F
:100C2000616E646C696E670A0043757272656E74FA
:100C3000207468726561643A202570202825732924
:100C40000043505520657863657074696F6E005578
:100C50006E68616E646C656420696E74657272752D
:100C6000707400537461636B206F766572666C6F8D
:100C700077004B65726E656C206F6F7073004B650B
:100C8000726E656C2070616E6963006D61696E00E3
:100C90006F730063726163656E00286E756C6C29FA
:100CA000002A666C6F61742A005849414F206E52C9
:100CB0004635344C313520534420636172642073CF
:100CC000656C662D746573740D0A53434B3D503249
:100CD0002E3031204D4F53493D50322E3032204D71
:100CE00049534F3D50322E30342043533D50312E26
:100CF00030340D0A54686520717569636B20627227
:100D00006F776E20666F78206A756D7073206F76CE
:100D1000657220746865206C617A7920646F672041
:100D2000303132333435363738390D0A000001019D
:100D3000030100030100FBFFFBEA00FBFBFBFEFEDF
:100D4000FEF3EFF7E2EDEDEDFBFBFBF4E8EA00016B
:100D50000405020608090FFFFFFFFFFFFFFFFFFF6B
:100D6000FFFFFFFFFFFFFFFFFFFFFFFFFFFFFFFF93
:100D7000FFFFFFFFFFFFFFFFFFFFFFFFFFFFFFFF83
:100D8000FFFFFFFFFFFFFFFFFFFFFFFFFFFFFFFF73
:100D9000FFFFFFFFFFFFFFFFFFFFFFFFFFFFFFFF63
:100DA000FFFFFFFFFFFFFFFFFFFFFFFFFFFFFFFF53
:100DB000FFFFFFFFFFFFFFFFFFFFFFFFFFFFFFFF43
:100DC000FFFFFFFFFFFFFFFFFFFFFFFFFFFFFFFF33
:100DD000FFFFFFFFFFFFFFFFFFFFFFFFFFFFFFFF23
:100DE000FFFFFFFFFFFFFFFFFFFFFFFFFFFFFFFF13
:100DF000FFFFFFFFFFFFFFFFFFFFFFFFFFFFFFFF03
:100E0000FFFFFFFFFFFFFFFFFFFFFFFFFFFFFFFFF2
:100E1000FFFFFFFFFFFFFFFFFFFFFFFFFFFFFFFFE2
:100E2000FFFFFFFFFFFFFFFFFFFFFFFFFFFFFFFFD2
:100E3000FFFFFFFFFFFFFFFFFFFFFFFFFFFFFFFFC2
:100E4000FFFFFFFFFFFFFFFFFFFFFFFFFFFFFFFFB2
:100E5000FFFFFFFFFFFFFFFFFFFFFFFFFFFFFFFFA2
:100E6000FFFFFFFFFFFFFFFFFFFFFFFFFFFFFFFF92
:100E7000FFFFFFFFFFFFFFFFFFFFFFFFFFFFFFFF82
:100E8000FFFFFFFFFFFFFFFFFFFFFFFFFFFFFFFF72
:100E9000FFFFFFFFFFFFFFFFFFFFFFFFFFFFFFFF62
:100EA000FFFFFFFFFFFFFFFFFFFFFFFFFFFFFFFF52
:100EB000FFFFFFFFFFFFFFFFFFFFFFFFFFFFFFFF42
:100EC000FFFFFFFFFFFFFFFFFFFFFFFFFFFFFFFF32
:100ED000FFFFFFFFFFFFFFFFFFFFFFFFFFFFFFFF22
:100EE000FFFFFFFFFFFFFFFFFFFFFFFFFFFFFFFF12
:100EF000FFFFFFFFFFFFFFFFFFFFFFFFFFFFFFFF02
:100F0000FFFFFFFFFFFFFFFFFFFFFFFFFFFFFFFFF1
:100F1000FFFFFFFFFFFFFFFFFFFFFFFFFFFFFFFFE1
:100F2000FFFFFFFFFFFFFFFFFFFFFFFFFFFFFFFFD1
:100F3000FFFFFFFFFFFFFFFFFFFFFFFFFFFFFFFFC1
:100F4000FFFFFFFFFFFFFFFFFFFFFFFFFFFFFFFFB1
:100F5000FFFFFFFFFFFFFF809A45418E418F8045D5
:100F600045454949498E8F9092924F994F55555911
:100F7000999A9B9C9D9E9F41494F55A5A5A6A7A8C0
:100F8000A9AAABACADAEAFB0B1B2B3B4B5B6B7B859
:100F9000B9BABBBCBDBEBFC0C1C2C3C4C5C6C7C849
:100FA000C9CACBCCCDCECFD0D1D2D3D4D5D6D7D839
:100FB000D9DADBDCDDDEDFE0E1E2E3E4E5E6E7E829
:100FC000E9EAEBECEDEEEFF0F1F2F3F4F5F6F7F819
:100FD000F9FAFBFCFDFEFF01030507090E101214D0
:100FE00016181C1E0007182323232323232323233F
:080FF00023232323000102006A
:100FF8000000000067000000000000000000000082
:1010080000000000000000000000000000000000D8
:1010180000000000000000000000000000000000C8
:1010280000000000000000000000000000000000B8
:1010380000000000000000000000000000000000A8
:101048000000000000000000000000000000000098
:101058000000000000000000000000000000000088
:101068000000000000000000000000000000000078
:101078000000000000000000000000000000000068
:101088000000000000000000000000002EF000003A
:10109800C807002000000000000000000000000059
:1010A8000000000051A4000007A6000010E900009D
:1010B800000000002401002024010020000000009E
:1010C800DBA90000000000000000000000C0105074
:1010D8000000000000000000000000000000000008
:1010E80000000000000000000000000000000000F8
:1010F80000000000000000000000000000000000E8
:1011080000000000000000000000000000000000D7
:1011180000000000000000000000000000000000C7
:1011280000000000000000000000000000000000B7
:1011380000000000000000000000000000000000A7
:101148000001000000A00D50000000000000000099
:101158000000000000000000000000000000000087
:101168000000000000000000000000000000000077
:101178000000000000000000000000000000000067
:101188000000000000000000000000000000000057
:101198000000000000000000000000000000000047
:1011A8000000000000000000000000000000000037
:1011B8000000000000000000000000002C020020D9
:1011C8002C020020000000000000000031B10000E7
:1011D80000000000000000000000000031B1000025
:1011E80000000000000000000000000031B1000015
:1011F80000000000000000000000000000127A005B
:10120800003100003CDD0000040001000000000087
:1012180001000000000000000000000000000000C5
:1012280000000000000000000000000000000000B6
:1012380000000000000000000000000000000000A6
:101248000000000000000000000000000000000096
:1012580000000000A3B7000000000000000000002C
:1012680000000000A3B7000000000000000000001C
:1012780000000000E4EB000001000000EC02002088
:10128800EC0200200000000001000000FC02002029
:10129800FC02002000000000010000000000000027
:1012A8000000000000000000000000000000000036
:1012B8000000000000000000000000000000000026
:1012C8000000000000000000000000000000000016
:1012D8005CDD0000010000005CDD00000200000091
:1012E8005CDD0000040000002D5E0000000000002E
:1012F800FF0000000090D003FF0000000F00000076
:101308007102000074030020740300207C03002095
:101318007C03002000000000000000000E00000018
:101328000000000094030020940300200000000047
:10133800000000000E00000000000000677420009C
:1013480030040020440400208C0400208004002085
:041358005804002015
:10135C000000000000000000000000000000000081
:0C136C0000000000000000000000000075
:041378000000000071
:10137C00E4030020E40300204C16012000000000D0
:10138C0004000000300000000000000000040020F9
:10139C0000040020AC150120000000000400000037
:0813AC00280000000000000011
:1013B4000000000060D500204C4000000000000048
:0413C4000000000025
:1013C800300400203004002000000000000000006D
:1013D8000E00000044040020440400200000000027
:1013E800000000000E0000005804002058040020EF
:1013F80000000000000000000E0000006C04002047
:101408006C04002000000000000000000E00000036
:101418008004002080040020000000008C040020CC
:081428008C040020000000000C
:0414300015E015E0CE
:04000003000026E1F2
:00000001FF
