:10000000C8D50020E926000015AC0000D526000068
:10001000D5260000D5260000D5260000D5260000F4
:10002000000000000000000000000000B9270000F0
:10003000D5260000000000007D290000D526000024
:10004000FD290000FD290000FD290000FD29000018
:10005000FD290000FD290000FD290000FD29000008
:10006000FD290000FD290000FD290000FD290000F8
:10007000FD290000FD290000FD290000FD290000E8
:10008000FD290000FD290000FD290000FD290000D8
:10009000FD290000FD290000FD290000FD290000C8
:1000A000FD290000FD290000FD290000FD290000B8
:1000B000FD290000FD290000FD290000FD290000A8
:1000C000FD290000FD290000FD290000FD29000098
:1000D000FD290000FD290000FD290000FD29000088
:1000E000FD290000FD290000FD290000FD29000078
:1000F000FD290000FD290000FD290000FD29000068
:10010000FD290000FD290000FD290000FD29000057
:10011000FD290000FD290000FD290000FD29000047
:10012000FD290000FD290000FD290000FD29000037
:10013000FD290000FD290000FD290000FD29000027
:10014000FD290000FD290000FD290000FD29000017
:10015000FD290000FD290000FD290000FD29000007
:10016000FD290000FD290000FD290000FD290000F7
:10017000FD290000FD290000FD290000FD290000E7
:10018000FD290000FD290000FD290000FD290000D7
:10019000FD290000FD290000FD290000FD290000C7
:1001A000FD290000FD290000FD290000FD290000B7
:1001B000FD290000FD290000FD290000FD290000A7
:1001C000FD290000FD290000FD290000FD29000097
:1001D000FD290000FD290000FD290000FD29000087
:1001E000FD290000FD290000FD290000FD29000077
:1001F000FD290000FD290000FD290000FD29000067
:10020000FD290000FD290000FD290000FD29000056
:10021000FD290000FD290000FD290000FD29000046
:10022000FD290000FD290000FD290000FD29000036
:10023000FD290000FD290000FD290000FD29000026
:10024000FD290000FD290000FD290000FD29000016
:10025000FD290000FD290000FD290000FD29000006
:10026000FD290000FD290000FD290000FD290000F6
:10027000FD290000FD290000FD290000FD290000E6
:10028000FD290000FD290000FD290000FD290000D6
:10029000FD290000FD290000FD290000FD290000C6
:1002A000FD290000FD290000FD290000FD290000B6
:1002B000FD290000FD290000FD290000FD290000A6
:1002C000FD290000FD290000FD290000FD29000096
:1002D000FD290000FD290000FD290000FD29000086
:1002E000FD290000FD290000FD290000FD29000076
:1002F000FD290000FD290000FD290000FD29000066
:10030000FD290000FD290000FD290000FD29000055
:10031000FD290000FD290000FD290000FD29000045
:10032000FD290000FD290000FD290000FD29000035
:10033000FD290000FD290000FD290000FD29000025
:10034000FD290000FD290000FD290000FD29000015
:10035000FD290000FD290000FD290000FD29000005
:10036000FD290000FD290000FD290000FD290000F5
:10037000FD290000FD290000FD290000FD290000E5
:10038000FD290000FD290000FD290000FD290000D5
:10039000FD290000FD290000FD290000FD290000C5
:1003A000FD290000FD290000FD290000FD290000B5
:1003B000FD290000FD290000FD290000FD290000A5
:1003C000FD290000FD290000FD290000FD29000095
:1003D000FD290000FD290000FD290000FD29000085
:1003E000FD290000FD290000FD290000FD29000075
:1003F000FD290000FD290000FD290000FD29000065
:10040000FD290000FD290000FD290000FD29000054
:10041000FD290000FD290000FD290000FD29000044
:10042000FD290000FD290000FD290000FD29000034
:10043000FD290000FD290000FD290000FD29000024
:10044000FD290000FD290000FD290000FD29000014
:10045000FD290000FD290000FD290000FD29000004
:10046000FD290000FD290000FD290000FD290000F4
:0C047000FD290000FD290000FD2900000E
:10047C0053B94AB9002908BF00281CBF4FF0FF31FF
:10048C004FF0FF3000F00CB8ADF1080C6DE904CE64
:10049C0000F022F8DDF804E0DDE9022304B0704737
:1004AC00704700BF10F8012B11F8013B012A28BF3F
:1004BC009A42F7D0D01A7047034611F8012B03F873
:1004CC00012B002AF9D17047034613F8012B002A9F
:1004DC00FBD1181A013870472DE9F0478C468E462F
:1004EC00089E154604461946002B40F0D0807245F4
:1004FC0047D9B2FA82F74FB1C7F120030EFA07FCC5
:10050C00BD40BC4020FA03F343EA0C0C4FEA154EF5
:10051C00A8B2230CBCFBFEF80EFB18CC08FB00F9B0
:10052C0043EA0C43994528D9EB1808F1FF3204D261
:10053C00994502D9A8F102022B44A3EB0903A4B2FA
:10054C00B3FBFEFC0EFB1C330CFB00F044EA034433
:10055C00A04214D92C190CF1FF3304D2A04202D9B9
:10056C00ACF102032C44241A43EA02401EB1FC40B5
:10057C00002334607360BDE8F0874246DDE76346D4
:10058C00F1E7002A79D0B2FA82F3002B3FD019465A
:10059C00C1F1200302FA01F500FA01F42EFA03F27C
:1005AC000EFA01FE20FA03F3AFB243EA0E034FEA50
:1005BC00154EB2FBFEFC0EFB1C201A0C0CFB07F8B4
:1005CC0042EA004290455AD9AA180CF1FF3004D2E5
:1005DC00904502D9ACF102002A44A2EB08029BB26E
:1005EC00B2FBFEFC0EFB1C220CFB07F743EA02439A
:1005FC009F4246D9EB180CF1FF3204D29F4202D92C
:10060C00ACF102022B44DB1B42EA004202E0AEEBEF
:10061C00020301224FEA154EAFB2200CB3FBFEFCD5
:10062C000EFB1C330CFB07F840EA034398452AD910
:10063C00EB180CF1FF3004D2984502D9ACF1020052
:10064C002B44A3EB0803A4B2B3FBFEFC0EFB1C3340
:10065C000CFB07F744EA0344A74216D92C190CF1FA
:10066C00FF3304D2A74202D9ACF102032C44E41BA1
:10067C0043EA00400F46114678E71F2188E76046A1
:10068C00ABE76246BFE76046DBE76346EFE77345DF
:10069C0006D916B9002108466DE7C6E9000EF9E740
:1006AC00B3FA83F787B9734501D3824207D8841A0A
:1006BC006EEB030301209C461EB900215BE7384614
:1006CC00FAE7C6E9004CF8E7C7F1200CBB4000FA8A
:1006DC0007F422FA0CF520FA0CF1BA401D432EFA5D
:1006EC000CF30EFA07FE4FEA154941EA0E011FFA08
:1006FC0085FEB3FBF9F809FB18300B0C08FB0EFA5E
:10070C0043EA00439A4540D9EB1808F1FF3004D274
:10071C009A4502D9A8F102002B44A3EB0A0389B233
:10072C00B3FBF9F809FB183308FB0EFE41EA034151
:10073C008E452CD9691808F1FF3304D28E4502D9A5
:10074C00A8F10203294443EA0040A1EB0E01A0FBEF
:10075C0002984145CE46434602D306D14C4504D2BD
:10076C000138B9EB020E68EB0503002EA5D0B4EBF3
:10077C000E0261EB030101FA0CFC22FA07F3F940BB
:10078C004CEA0303C6E9003197E74046C5E7434608
:10079C00D9E70000002313B515496846CDE90033AD
:1007AC0002F0B2FD1249024620B1124809F0E6FFF0
:1007BC0002B010BD104809F0E1FF104C68460F491B
:1007CC0002F01AFE80B9637873B12378012B04D13F
:1007DC000B490C4809F0D2FFF0E7D4F80421084982
:1007EC00094809F0CBFFE9E7684602F083FEDFE732
:1007FC000EFA000013FA000035FA00001007002072
:10080C00110700204AFA00005EFA000030B52D48AE
:10081C00D7B009F0B3FF01242B4D402123462B4ABE
:10082C0004A809F08FFC14A904A802F0DBFE10B98F
:10083C000134AC42F1D10023122204A901A8CDE964
:10084C0001338DF80C3002F03BFC60B1204A21489A
:10085C00136804A90133136009F090FF1E4809F0D6
:10086C008DFF57B030BD05221C4901A802F008FDD0
:10087C00044601A802F026FD01A802F0BBFC052CE1
:10088C0013D1174A04A91368164801331360224682
:10089C0009F074FF104809F071FF2F22124804A9C7
:1008AC000DF0E8FDFFF776FFDBE7094A0F48136808
:1008BC0004A901331360224609F060FF064809F0D1
:1008CC005DFFEFE77EFA0000A1860100B9FA000097
:1008DC0018080020C9FA0000CA040100DCFA000064
:1008EC001C080020E2FA00007A3000200AFB00000D
:1008FC0000B54B48C3B009F041FF4A4802F020FE56
:10090C00002860D1484A47491368484801331360AE
:10091C0009F034FF464809F031FF464802F010FE5A
:10092C00002857D1404A43491368404801331360AB
:10093C0009F024FF3E4809F021FF6946394802F0CE
:10094C0051FE00284DD0384A364913683A480133D5
:10095C00136009F013FF364809F010FF694635485B
:10096C0002F040FE002843D02F4A32491368324827
:10097C000133136009F002FF2D4809F0FFFE2F48E8
:10098C0002F0B8FF00283AD1274A2D4813680133EA
:10099C00136009F0F3FE264809F0F0FE274802F038
:1009AC00E1FE002831D1204A264813680133136038
:1009BC0009F0E4FE1E4809F0E1FE204802F09AFF1F
:1009CC0043B05DF804FB204A164913681F480133F5
:1009DC0013609DE71C4A174913681C4801331360C8
:1009EC00A6E7194A0F491368194801331360B0E799
:1009FC00154A10491368164801331360BAE7124AB6
:100A0C001448136801331360C3E70F4A1248136884
:100A1C000133136009F0B2FE054809F0AFFECFE7D1
:100A2C0032FB000066FB00001C08002076FB000077
:100A3C00CA0401009CFB0000ABFB0000F00000208E
:100A4C00E7FB000009FC00001808002089FB0000EF
:100A5C00C9FB0000F8FB00001AFC00002DE9F04F68
:100A6C0089B0002142F29F400DF090F97C4809F0CA
:100A7C0085FE7C4809F082FE7B4809F07FFE7B48AE
:100A8C0009F07CFE7A4809F079FE764809F076FE8A
:100A9C00002400220621774801F0E2F9002859D100
:100AAC001CB17548610009F069FE0025734C74484F
:100ABC00CDE9035509F062FE2368724801332360C7
:100ACC0009F05CFE664809F059FE0121694803AA49
:100ADC0001F0C6F9002857D06B4A6C4813680133F3
:100AEC00136009F04BFE5E4809F048FE0221614894
:100AFC0004AA01F0B5F9002859D0634A6448136878
:100B0C000133136009F03AFE554809F037FE61488D
:100B1C0009F034FE604802F025FE024600286CD134
:100B2C0023685E4901335E48236009F027FE4C4878
:100B3C0009F024FE04A9594802F0C6FD014600281C
:100B4C0000F0D680504A574813680133136009F0FF
:100B5C0015FEF1E000220721464801F081F944B965
:100B6C00514809F00BFE514809F008FE504809F0B5
:100B7C0005FE01344F48610009F000FE00214FF2E0
:100B8C0024400DF003F984E7039951B123684A48D6
:100B9C000133236009F0F2FD314809F0EFFD012526
:100BAC00A4E7394A4548136801331360F2E7049906
:100BBC00B1F5007F1BD1236841480133236009F054
:100BCC00DDFD274809F0DAFD002DA0D0DDE9030199
:100BDC00A0FB010100233B4A050D45EA0135FFF757
:100BEC0047FC2A460146384809F0C8FD8FE7264ADB
:100BFC003648136801331360E1E7234934480B6826
:100C0C0001330B60254909F0B9FD154809F0B6FD13
:100C1C00304809F0B3FD1C4D2F4809F0AFFD2A6890
:100C2C0021682E4809F0AAFD2B68002B40F0888221
:100C3C002368002B40F38482294809F09FFD094862
:100C4C0009F09CFD274C002127480DF09FF82378D4
:100C5C00002B00F077822146244809F08FFDF2E743
:100C6C00CA0401004C0301002BFC000063FC0000D3
:100C7C00A4FC0000B9FD0000BCFD00001C08002015
:100C8C00E5FD000012FE00001808002045FE0000E3
:100C9C0096FE000019FF0000F00000200EFA000084
:100CAC003BFF00003D000100D9FC000008FD0000E6
:100CBC0067FD00009EFD000060FE00007BFE000052
:100CCC00B0FE000040420F00F0FE0000D0FE00001D
:100CDC0057FF000073FF00004B0301008603010067
:100CEC00AC0301007A300020366E01000E040100C6
:100CFC00DDE90565A5FB068507980023A0FB0676B4
:100D0C004D4A29464046FFF7B3FB01464B4809F0D4
:100D1C0035FD0023484A38463146FFF7A9FB01460A
:100D2C00474809F02BFD58EA05057FD02368454854
:100D3C000133236009F022FD434809F01FFDFFF742
:100D4C0029FDFFF763FD414809F018FD00235222ED
:100D5C003F4904A8CDE904338DF8183002F0B0F9FE
:100D6C00002840F0898023683949013339482360D1
:100D7C0009F004FD344809F001FD3749832204A829
:100D8C0002F07EFA8328014640F0628123683348E2
:100D9C000133236009F0F2FC2B4809F0EFFC04A8A6
:100DAC0002F028FA00230122294904A8CDE90433D2
:100DBC008DF8183002F084F90546002840F04E8179
:100DCC002368234901332648236009F0D7FC1E48C9
:100DDC0009F0D4FC29464FF4805222480DF013FB45
:100DEC004FF480521F4904A802F028FA054604A8C3
:100DFC0002F000FA832D40F0388123682946013334
:100E0C001948236009F0BAFC0F4809F0B7FC2A46D0
:100E1C00114914480DF0FFFA002840F03181236885
:100E2C0012480133236009F0A9FC2DE0104A114847
:100E3C001368013313607DE740420F00A7FF0000E9
:100E4C00C4FF0000E1FF0000CA04010057000100CC
:100E5C0066FB00008A00010049160100C000010079
:100E6C00F00001007A10002028010100600101004F
:100E7C00180800200F000100B44AB5491368B548A2
:100E8C000133136009F07AFCB34809F077FC802138
:100E9C00B24809F073FC00235222B14904A8CDE9F1
:100EAC0004338DF8183002F00BF90546002840F099
:100EBC00ED802368AA490133AA48236009F05EFC3F
:100ECC00A54809F05BFC09F0AAFB80468A46002283
:100EDC00A549C2EB421303EBD2030132B2F5805F9A
:100EEC0001F8013BF5D1A04904A802F0C9F9B0F50D
:100EFC00805F00F0D980954A294613689B480133DE
:100F0C00136009F03BFC944809F038FC4FF00009E1
:100F1C0004A802F0D7F909F082FB064604A80F4694
:100F2C0002F068F9B9F1000F25D0B6EB080667EBB3
:100F3C000A07012E77F10003C0F2BF804FF47A70DC
:100F4C00A5FB0001800A40EA815032463B46002155
:100F5C00FFF78EFAB5F5003F40F0B18023683246BA
:100F6C000133236029463B460090814809F006FC7A
:100F7C00794809F003FC00230122794904A8CDE942
:100F8C0004338DF8183002F09BF80546002840F029
:100F9C00A0802368724901337648236009F0EEFB88
:100FAC006D4809F0EBFB09F03AFB2E4682468B4666
:100FBC004FF48052704904A802F040F9B0F5805FFC
:100FCC0000F08E80614A314613686C48013313601F
:100FDC0009F0D4FB604809F0D1FB4FF0000909F08F
:100FEC001EFB074604A8884602F004F9B9F1000F6D
:100FFC0057D0B7EB0A0768EB0B08012F78F1000309
:10100C00C0F289804FF47A70A6FB0001800A40EA96
:10101C0081503A4643460021FFF72AFAB6F5003FC5
:10102C00DFF8289179D123683A46013323603146A1
:10103C0043460090524809F0A1FB474809F09EFB3B
:10104C00002D75D12368802101334E48236023E0A5
:10105C003E4A4D481368013313609BE63B4A3C49BA
:10106C0013684A48013313600CE7384A4848136840
:10107C0029460133136009F081FB374809F07EFBE8
:10108C00324A4448136801331360CCE62F4A344982
:10109C00136830480133136009F070FB2E4809F0D7
:1010AC006DFBFFF725FCB6E505F58055B5F5003F62
:1010BC007FF40DAF4FF001092AE700204AE7234ADD
:1010CC002946136801331360009032463B46324880
:1010DC004CE71E4A224913682C4801331360DBE7A6
:1010EC0000222149C2EB421303EBD2030132B2F5C9
:1010FC00805F01F8013BF5D11B491F480DF08BF9BE
:10110C0006F58056002818BF45F00105B6F5003FDE
:10111C007FF44EAF63E7002080E7D9F800303A4601
:10112C000133C9F800303146009043461B4882E732
:10113C00D9F80030802101331948C9F80030ABE7E9
:10114C0018487AE5184809F019FB7CE518080020C6
:10115C0066FB0000A5000100CA040100AE010100FD
:10116C009CFB00008A0001007A200020E6010100AF
:10117C0009020100F00001007A1000206902010050
:10118C008B020100E9020100D80001000C010100F2
:10119C00440101008701010039020100BA0201007B
:1011AC001A030100DD0301003E0401002DE9F04F9C
:1011BC0091B0009302F004030293C2F3C203013313
:1011CC00840705460E46DDF868A00392059340F0AF
:1011DC009C81041D002849D101F00706341DC6F17D
:1011EC000806009B00274FF004085A1E4FF0FF33EF
:1011FC00B9460193BB46434604970DB10099216053
:10120C000598002800F3D6808F480099814203D3BB
:10121C008E488142C0F0CE800399601B11F0020C05
:10122C0040F0D680B9F10F0F00F2CF80002D00F006
:10123C00D68009F140010DEB010E0199C0F3870036
:10124C000EF8200C0EF8101CBCF1000F00F0C3803F
:10125C0060F07F000EF8200C013709F10109C5F18F
:10126C0008014FF6DA7E043406918CE00729B8D8D1
:10127C006FF01B0011B0BDE8F08F7A285BD84B28BB
:10128C000FD8472857D829282ED8252850D052D8DF
:10129C00202818BF23280CBF4FF0010B4FF0000B78
:1012AC0071E04C382E2846D8DFE800F06D454545F6
:1012BC0045454545454545454845454545454545CF
:1012CC0045564548485656566D486A456D4518482A
:1012DC001845457F7C48454548457C0000204FF02B
:1012EC00000B4FF0040835E001212A38C0B201FA96
:1012FC0000F010EA0E0F46D110F0625C2CD110EA0F
:10130C00010B40D06046013C4444B4FBF8F408FBAC
:10131C0004F425B1A3EB050CA444B445A8D80028CB
:10132C0070D00599013905915AF8041B009164E7B6
:10133C000199013901914FF0000B24E012F8010CD6
:10134C006C2834D1002012F8023C83466C2BC8D197
:10135C004FF008084346D6E70AF1070A2AF0070AB5
:10136C00073424F00704FAE802BC35B1069820448F
:10137C00B0423FF67DAFC4E900BC4FF0000B08341F
:10138C004FF00808434612F8010F002853D0BBF168
:10139C00000F7FF472AF2528F5D14FF0010B019BA4
:1013AC00013301934FF00408ECE7584697E700200F
:1013BC008346A8E7039988077FF551AF4FF0010CDE
:1013CC00601BB0F5007FFFF42DAF6FF0150051E7F7
:1013DC004FF0000CF5E70498013004903DE7BCF1A8
:1013EC00000F01D0013638E70298023600287FF44E
:1013FC0034AF0098CDE90632FFF766F8DDE9063226
:10140C0006442AE7042B08D10AF1040015B1DAF8D6
:10141C000010216082460434B5E70AF1070323F07B
:10142C00070303F1080A1DB1D3E90001C4E9000167
:10143C0008230834A7E7631BB3F5806FC5D23DB909
:10144C00A6F10804E01815E784E5000098170100E0
:10145C00029A9B0828602B709DF81030AAB1EB7093
:10146C00AF702FB1002208A8C5F1010C91450ED127
:10147C004FF0000AC5F101030DF1200801930DF1A5
:10148C00300BD14512D1601BF4E66B70E8E710F815
:10149C00013B190608D50CEB040EB64503F07F038F
:1014AC003FF6E6AE04F8013B0132DFE71FB198F9D5
:1014BC000020002A17DB029BD3B11AF80B2004F88A
:1014CC00012B0022019B18191044B0423FF6D0AEFC
:1014DC0098F80000009904F8010B204603920CF0D8
:1014EC0085FF039A14440AF1010A08F10108C8E7C0
:1014FC0098F8002055F822300093029B009845F88C
:10150C002230FEF7E1FF421CDCE76FF00D00B1E684
:10151C00014B1860704700BF1401002080B50546D0
:10152C000E461746984607F0C3FC034601F072FAC4
:10153C000446DFF81890424649F8003039463046E8
:10154C00A84754F8090001F0FDF900BF080000009D
:10155C002DE9F047058B0446280717460CD50129C1
:10156C000CBF45F0100545F02005258387F3118845
:10157C00BFF36F8FBDE8F087022905F0070540F037
:10158C009480204609F007F9052864D801A353F884
:10159C0020F000BF79150000B7160000631600009C
:1015AC00251600003F1600005116000001F007033D
:1015BC005A1F012A1FD8002221F00701062BD4F84C
:1015CC00008089B2C4E9002209D1434603E0628B52
:1015DC00013262831B68002BF9D141F002012046D5
:1015EC00218309F0D8F84FF0000900286DD041F0A4
:1015FC002001218369E0042B0AD121F0070189B273
:10160C002046218309F0C7F810B141F02001218355
:10161C004FF00008C14658E02369D3F80090238BA3
:10162C0023F0070343F006034FF0000823834646DC
:10163C004BE02369D3F80490238B23F0070343F08A
:10164C000403F1E72369D3F80890238B23F00703F5
:10165C0043F00503E8E74FF00008C146E7E7012235
:10166C0043F00803238387F31188BFF36F8F002A9D
:10167C003BD1B8F1000F4AD1B9F1000F02D020468E
:10168C002C49C847EFF31187202383F31288BFF34B
:10169C006F8F238B23F008039BB22383D9063FD58E
:1016AC0023F01002228303F007056669218B002EBC
:1016BC00BFF67CAF00239946D4F8008021F00701D7
:1016CC00C4E9003341F001012183238B03F0070AA5
:1016DC00AA4502D0A268002AC1D1B8F1000F02D1EC
:1016EC00B9F1000FDAD00022BAE7A1680029C0D006
:1016FC000D680029BDD03346524620464F68B84786
:10170C001DB12B6829461D46F3E72B46FAE74146E7
:10171C00334652462046D8F8008009F068F8A8E70E
:10172C009A067FF523AF23F02002228303F00705EE
:10173C0027E700BF27A800002DE9F84F8146324863
:10174C000F4609F0F8F8064600284FD0BDE8F88F90
:10175C00237B8BB12368DB680BB120469847636809
:10176C0083F806A023681B69002B37D16368042219
:10177C002046196809F000F9013610345C45E7D3AE
:10178C00B9F1000FE2D04FF0010A002DDED0A946CE
:10179C0095FAA5F4B4FA84F40AFA04F3260108EBDA
:1017AC0004146FEA030B25EA0305237B63B158F895
:1017BC0006301B6913BB4644736804222046196823
:1017CC0009EA0B0909F0D8F8002DE1D127B140F254
:1017DC00391000210CF0DAFA4D46D6E7204698472E
:1017EC000028C3D00AFA06F31D43C5E7074C05468B
:1017FC00A0464FF0010ADFF818B0BFE72046984723
:10180C000028E1D1D7E700BF5C0A0020FCF1000002
:10181C000CF20000014B53F82000704748F2000016
:10182C0008B5034608462BB1044A136000F048FA89
:10183C00002008BD6FF01500FBE700BF1801002069
:10184C0000230C4A10B513700B4A0C4913600C4A58
:10185C000C481360FFF7E4FF0B4B0C4918468B4206
:10186C0000D310BD1A1A5C681211013222711033A8
:10187C00F5E700BFAA300020540A002040420F00B8
:10188C00580A00203FA90000FCF100000CF20000F7
:10189C0070B50B4D297841B90120FFF74DFF094C6C
:1018AC00094EB44202D301232B7070BD63685B797F
:1018BC001BB1236820469B6898471034F1E700BFA2
:1018CC00AA300020FCF100000CF2000010B5044618
:1018DC00064809F030F83CB1054BD3E8EF1F01394D
:1018EC00C3E8E21F002AF8D110BD00BF540A002043
:1018FC00580A002070B50A4B05461B689847094CDE
:10190C00094EA860B44200D370BD63685B7923B103
:10191C002368294620461B6898471034F2E700BF1D
:10192C0018010020FCF100000CF20000044A054BE9
:10193C009B1AB1EBD30F34BF52F831000020704723
:10194C004CF10000FCF100002DE9F04F87B004AF22
:10195C000546D7E90EBA8846144699463E6BBBF14C
:10196C00000F1ED0C7F804A0CDF800A010215B46D4
:10197C0000207A6BFFF71AFCB0F5006F014612D30A
:10198C0040F2FF7303931A4B02220293002319496E
:10199C001846CDE9003309F011F80C37BD46BDE807
:1019AC00F08F5946584604F0070205F00704E4008E
:1019BC0044EA821444EA402444EA065417360E449E
:1019CC0026F00706ADEB060D04ADBBF1000F07D0FA
:1019DC00CDF800A05B467A6B05F11000FFF7E6FB33
:1019EC004B4622464146284608F0CFFFD5E700BFBC
:1019FC009104010084F10000406820B1034BC01A2F
:101A0C0040F3CF0070474FF0FF3070474CF10000AF
:101A1C000EB403B503AB53F8042B014604480193F1
:101A2C0001F03AFA02B05DF804EB03B0704700BF66
:101A3C0005AA0000CA0605D48B064CBF024903490F
:101A4C00FFF7E6BF704700BFCA040100C9040100DC
:101A5C002DE9F04F87B09DF8489004460D46984606
:101A6C00DDF850A0169F0492B9F1000F00F0B08081
:101A7C0007F48073059308F07DFF07F0020B024614
:101A8C00002874D020467A49FFF7C2FF0646BBF106
:101A9C00000F08D017F0440F6BD12A462046754929
:101AAC00FFF7B6FF064407F0010353B1724B204613
:101ABC0053F82920714B7249002A08BF1A46FFF7C8
:101ACC00A7FF07F48073002B07F0080318BF4FF033
:101ADC000008002B79D06B4B204653F829206A491B
:101AEC00FFF796FF0546049B2BB11A462046674923
:101AFC00FFF78EFF0544B8F1000F05D04246204693
:101B0C006349FFF785FF054462483544139B1BB1BD
:101B1C002246614908F0FFFD159B002B00F08D80DB
:101B2C00DDF854803946B8F1100F204628BF4FF02D
:101B3C0010080026FFF77EFFB5424FDC0026334627
:101B4C0020461AF803205549FFF762FF0136102E84
:101B5C004AD0710703D120465149FFF759FFB045D0
:101B6C003346EDD820464F49FFF752FFEEE70646C5
:101B7C008DE74D4B1868002894D04C4B4FF47A7B72
:101B8C001B684FF03C0CB5FBF3F5B5FBF0F14FF4D3
:101B9C00616300FB11550BFB05F5B1FBF3F2B5FBD3
:101BAC00F0FE03FB121100FB1E55B1FBFCF30BFB0B
:101BBC0005F5B5FBF0F50CFB131120460091CDE9B2
:101BCC0001E53B49FFF724FF6CE707F008058AE7BE
:101BDC00012B4D460CBF2F48364897E7204630491D
:101BEC00FFF716FF0136A7E7002620463249FFF71C
:101BFC000FFF33461AF803202046A2F120035F2B77
:101C0C0028BF2E222D49FFF703FF0136102E0DD0D1
:101C1C00720703D120462249FFF7FAFEB04533463E
:101C2C00E8D820461E49FFF7F3FEEEE7159BC244A9
:101C3C00B3EB080315937FF473AFB9F1000F0AD01F
:101C4C00FB0704D520460D4A0D49FFF7E1FE394646
:101C5C002046FFF7EFFE6268A168D2E900232068F6
:101C6C0008F0BCFE002263681A6007B0BDE8F08F74
:101C7C00D1040100D504010058F20000CC0401008D
:101C8C00D9FA00006CF20000FA0401000005010012
:101C9C000405010005AA0000A52E0000090501009D
:101CAC005915010057150100640A0020600A002034
:101CBC00DE04010021AA00000F050100110501003E
:101CCC0000210123064A904206D8064A01B9012395
:101CDC001360054B18607047012140085B00F2E768
:101CEC0040420F00600A0020640A00202DE9F341F5
:101CFC0043680DF107011C681048656808F0E9FE9F
:101D0C0030B99DF80710012902D10C4800F030F8C9
:101D1C0001232B7525682F68D5E90136D3E90048D6
:101D2C0024B96B681C6002B0BDE8F08121463046D6
:101D3C004246B847241A0644F2E700BF14E70000F5
:101D4C00F8B50D460446064F4618B44201D1284654
:101D5C00F8BD14F8011BBB6801485B689847F4E7B1
:101D6C0014E70000014B036000207047B4F2000040
:101D7C0070B5C4690D469CB31E4A2379565CB342B8
:101D8C0031D01D4A525C9A4230D1A3689847002842
:101D9C0010DA022D0CD0032D0BD110F1860F07D0C9
:101DAC00D4E8EF3F43F00203C4E8E23F002AF6E731
:101DBC00267170BD022D267101D00020F9E7D4E800
:101DCC00EF3F23F00403C4E8E23F002AF7D1D4E844
:101DDC00EF3F23F00203C4E8E23F002AEDD0F6E720
:101DEC006FF05700E5E76FF07700E2E76FF08500E2
:101DFC00DFE700BFD1160100CD1601002DE9F84335
:101E0C000646FEF761FB0546EFF31188202383F3AA
:101E1C001288BFF36F8F114B1C68D3F804909C424F
:101E2C0008BF002434B988F31188BFF36F8F2046A4
:101E3C00BDE8F883A7683846FEF746FBA84206D1F2
:101E4C002A46394630460CF003FB0028EBD04C45B3
:101E5C0001D02468E6E70024E5E700BF2401002058
:101E6C00F0B585B00E461546FFF7C8FF044658B3CB
:101E7C00C3684BB35F693FB3062E08D0072E26D03C
:101E8C002A4631463B4605B0BDE8F0401847838AE8
:101E9C003BB92A463146B84750B9A38A0133A382CD
:101EAC0006E04FF6FF72934204D00133A382002068
:101EBC0005B0F0BD154B012202930023CDE9003390
:101ECC001846134908F03DFE6FF01500F0E745B1D8
:101EDC002A7832B10022828231462A465B699847C1
:101EEC00E5E7A38A012B08D12A4607212046B847EB
:101EFC000028DDD1A38A013BD1E70BB1013BD5E72B
:101F0C00044A0093CDE901320222D9E769050100A8
:101F1C006CF100008B0501001FB5044608B1806808
:101F2C0068B9134B0293002301221846CDE9003304
:101F3C00104908F006FE6FF0150004B010BDFFF755
:101F4C005DFF08B10C4BEDE7A082EFF3118120236C
:101F5C0083F31288BFF36F8F084B5A68C4E90032C1
:101F6C0014605C6081F31188BFF36F8FE5E700BFED
:101F7C00A90501006CF10000C2050100240100203C
:101F8C0008B5044808F0FAFB034808F0F7FB0020FA
:101F9C0008BD00BFEB0501002006010008B5034891
:101FAC00034A0021121A08F017FE08BDF0040020A5
:101FBC00C4300020074808B5074A0849121A08F02F
:101FCC000DFEBDE808400648064A0749121A08F0FB
:101FDC0005BE00BF60000020F0040020981701002F
:101FEC0060000020600000209817010070B50646C4
:101FFC000D4686B0002938D000248B680122059349
:10200C004B68204604930B6823490393234BCDE97B
:10201C0000440293234608F0E3FD6B69012205930B
:10202C002B6920460493EB681B4903931C4B0094CB
:10203C00CDE90143234608F0D3FDEB69012203935C
:10204C00184B2046CDE9014313492346009408F070
:10205C00C7FDAB6901220393134B2046CDE9014325
:10206C000D492346009408F0BBFD012E0DD1EFF372
:10207C000583103B03930D4B324602930023064914
:10208C001846CDE9003308F0ABFD2946304606B0C2
:10209C00BDE8704006F080B9A4F100004D060100C7
:1020AC007C060100AB060100BA060100E80601003F
:1020BC0030BFFFF7FDBF00BF2DE9F04105460B4EC9
:1020CC00DFF82C80324606EB0807CC1B204609496A
:1020DC000CF08CF9A01942460021083C0CF093F945
:1020EC00AC6707F10800BDE8F08100BF00000000FC
:1020FC00040000000CF200001FB500243E4B3F49C9
:10210C000293012223462046CDE9004408F083FDCA
:10211C003B4B9B6A99016DD53A4B2046CDE9014367
:10212C00012223463549009408F075FD1E20344BDE
:10213C009B6ADA010AD5344B0122029300232F4902
:10214C001846CDE9003308F066FD1F202C4B9B6A26
:10215C00DB020AD52D4B0122029300232749184696
:10216C00CDE9003308F057FD0220254B9B6A1C0378
:10217C000AD5274B01220293002320491846CDE9AA
:10218C00003308F048FD21201D4B9B6A59030AD5EA
:10219C00204B01220293002318491846CDE9003345
:1021AC0008F039FD2220164B9B6A9A030AD51A4B6C
:1021BC0001220293002311491846CDE9003308F09F
:1021CC002AFD23200E4B9B6ADB030AD5134B0122FD
:1021DC000293002309491846CDE9003308F01BFD92
:1021EC002420074A936A6FEA03436FEA134393620E
:1021FC0004B010BD1D209AE7FB060100A4F10000FD
:10220C0000ED00E013070100260701004007010064
:10221C006A07010088070100AD070100C70701002C
:10222C00F0B50024434B85B00293074623460E4677
:10223C0001222046CDE900443F4908F0ECFC3F4B1D
:10224C009B6ADB0465D53E4B2046CDE90143012258
:10225C0023463949009408F0DEFC1720374B9B6A63
:10226C001D050AD5374B012202930023324918462B
:10227C00CDE9003308F0CFFC1820304DAB6A9C053B
:10228C001FD50024304B012220460293CDE9004497
:10229C002346294908F0BFFCAB6BAA6A10040FD582
:1022AC0003932A4B0122CDE90143204623462249C0
:1022BC00009408F0B0FC1FB1AB6A23F40043AB628E
:1022CC0019201E4B9B6A59050AD5214B01220293FA
:1022DC00002319491846CDE9003308F09CFC1A205C
:1022EC00164A936A13F4807315D01A4B0122029389
:1022FC00002311491846CDE9003308F08CFC1B2053
:10230C000E4A936A43F47F4393620023337005B003
:10231C00F0BD1620A2E7926A9204F1D50E4A184637
:10232C00CDE9013204490122009308F074FC1C2011
:10233C00E6E700BFF2070100A4F1000000ED00E0A9
:10234C0008080100190801002C08010045080100CB
:10235C005A080100750801008D080100F0B5002431
:10236C00414B85B00293074623460E460122204678
:10237C00CDE900443D4908F04EFC3D4B9B6ADD061F
:10238C006FD53C4B2046CDE901430122234637490A
:10239C00009408F040FC1120354B9B6A1C070AD5B1
:1023AC00354B01220293002330491846CDE9003306
:1023BC0008F031FC12202E4DAB6A99071FD5002472
:1023CC002E4B0122029320462346CDE90044274997
:1023DC0008F021FC6B6BAA6A12060FD50393284BED
:1023EC000122CDE90143204623462049009408F000
:1023FC0012FC1FB1AB6A23F08003AB6213201C4BA1
:10240C009B6ADD070AD51F4B012202930023174953
:10241C001846CDE9003308F0FEFB1420144B9B6AE0
:10242C009C060AD5184B0122029300230F4918462B
:10243C00CDE9003308F0EFFB15200D4B9A6AD1065D
:10244C0058BF9A6A9A6A920642BF5A6A22F400529C
:10245C005A629A6A42F0FF029A620023337005B006
:10246C00F0BD102098E700BFBC080100A4F10000EB
:10247C0000ED00E0D2080100190801000509010077
:10248C001D090100330901008D0801002DE9F041FF
:10249C00794B0446D3F8048090B00023C8F30806A7
:1024AC0083F31188BFF36F8F02F07F40B0F17F4F41
:1024BC000CD102F00C00082818D1704A1846CDE94E
:1024CC0001326F490122009308F0A5FB00252C4630
:1024DC000027F31E8DF81F70092B00F2B580DFE882
:1024EC0003F00BA9ADA5B3B3B3B3B3B1120746BF99
:1024FC000C461D460125EBE7624B0122CDE9017329
:10250C0000235F491846DFF87081009708F083FBC1
:10251C008DF81F70D8F82C6016F0020604D05A4BB8
:10252C00CDE90173009707E0D8F82C30002B0BDABB
:10253C00564B0096CDE90163002301221846504901
:10254C0008F069FB002239E0D8F82C305B00F9D593
:10255C004F4B0122CDE90163304633464849009682
:10256C0008F059FBD8F81430A26943F48073C8F80A
:10257C001430BFF34F8FBFF36F8F32F8023CD8F893
:10258C00142022F48072C8F81420BFF34F8FBFF3CD
:10259C006F8F03F47F42B2F55F4F2FD1DBB2022B6A
:1025AC002CD12368012203933A4B3046CDE90163C9
:1025BC0033493346009608F02EFB22689DF81F30F5
:1025CC00CBB908AE04F120073346206861680834A3
:1025DC0003C3BC421E46F7D10F9B002D48D0C3F35A
:1025EC00080121B96FEA53236FEA43230F93104676
:1025FC0008A9FFF7FBFC10B0BDE8F0811E4B9A6AEE
:10260C00D2B22AB101200DF11F01FFF7A7FE0FE096
:10261C009A6A12F47F4F05D001200DF11F01FFF7CC
:10262C00FFFD05E09B6AB3F5803F8BD3FFF764FD9C
:10263C000246C3E700200DF11F01E6E700200DF173
:10264C001F01ECE7144B6BE7144A18F4F87F144B9A
:10265C0008BF1346103ECDE90336124B01220293FC
:10266C00002307491846CDE9003308F0D4FA69E78E
:10267C006FF30803BAE700BF00ED00E0800901002A
:10268C00A4F10000AB090100C2090100E30901003B
:10269C00F1090100100A01002C0A01005209010085
:1026AC0067090100500A0100064B5A6942F01002FA
:1026BC005A615A6942F480625A615A6922F00802DE
:1026CC005A61704700ED00E0EFF30880EFF30981E9
:1026DC0001B57246FFF7DAFE01BD00BF002080F3A2
:1026EC001488BFF36F8F002080F30A8880F30B8867
:1026FC000F4880F3088804F037FE00200D4908606D
:10270C00BFF34F8F00F02CF8202080F311880A487B
:10271C004FF40061401880F30988EFF31480022114
:10272C00084380F31488BFF36F8F00F0A5F8000006
:10273C00C8D5002094ED00E0C830002000231846D6
:10274C000649D1F89020C2F30722934200DB704770
:10275C00C1F89830C1F8A0000133F6E700ED00E0B5
:10276C0010B572B6002484F31388FFF7E7FF2346F5
:10277C004FF0FF300C4A03F120010133102B42F8CB
:10278C002100F8D100234FF0FF30074A03F160011C
:10279C000133102B42F82100F8D162B6BFF34F8FF2
:1027AC00BFF36F8F10BD00BF00E100E01EF0040FFF
:1027BC000CBFEFF30880EFF30980816911F8021C5C
:1027CC000229FFD001B5724608F01AFA01BD00BF0C
:1027DC0000B2002807DB01234109034A00F01F0067
:1027EC00834042F82130704700E100E000B200283D
:1027FC000CDB01220649430900F01F008240203304
:10280C0041F82320BFF34F8FBFF36F8F704700BF8A
:10281C0000E100E0054B420953F82220012300F0AF
:10282C001F0003FA00F01040704700BF00E100E009
:10283C0000B2002801F10101ACBF00F16040064B71
:10284C004FEA4111C9B2ABBF00F5614000F00F0077
:10285C0080F800131954704714ED00E0044B054A3E
:10286C0023F07F039360BFF34F8FBFF36F8F7047DD
:10287C000000000000ED00E008B5FFF7EFFF074A8D
:10288C00D2F8883023F47003C2F88830FFF786FB47
:10289C00FFF790FB00F09CF805F090FE00ED00E0D7
:1028AC0042F8203C009B0B4942F81C3C019B21F058
:1028BC00010142F8183C029B42F8081C42F8143CF7
:1028CC004FF0807342F8043C0023203A0265C36742
:1028DC00704700BF2915000000B50D4B15469860D8
:1028EC00826F0C4B0E461A60836E83F30B882C465A
:1028FC0086F309880020044B9847204600210022CB
:10290C000023024C2047000059AC000029150000A0
:10291C00D00C00208C0A00201022014B1A61704749
:10292C0000ED00E0054B5A699B689A421FBF044AB0
:10293C00536843F080535360704700BFD00C0020A5
:10294C0000ED00E0084B9B6883420BD1EFF305834D
:10295C0043B1064B5A6842F080525A605A6A22F4CC
:10296C0000425A6206F0AABAD00C002000ED00E03A
:10297C0014498A684FF030001044EFF3098C80E85A
:10298C00F01F202080F31288BFF36F8F0E4F4FF093
:10299C0000664A698A603E60906F0C4C2060D06F74
:1029AC000023D36780F3118802F1300090E8F01F08
:1029BC008CF3098802F1000004B508F040F9BDE879
:1029CC0004407047D00C002004ED00E08C0A00207D
:1029DC000023202040F20F1210B5044CE1180133F3
:1029EC00934281F80003F9D110BD00BF00E100E073
:1029FC0008B5EFF30583064A103B02EBC30152F80E
:102A0C00330049688847BDE80840FFF78BBF00BF1B
:102A1C0014E8000001480068704700008C0A002090
:102A2C001FB50121094B0A4A0A4800F01DF9002381
:102A3C00064A0393084B0121019301A8D31A029370
:102A4C0000F01CF905B05DF804FB00BF0000042089
:102A5C0000000020B4F20000F00400200A7A0B6899
:102A6C0010B562F304031C46CB68520923F01F0314
:102A7C0043EA4203044A43F00103C2F89800C2F847
:102A8C009C40C2F8A03010BD00ED00E01FB50E4B0D
:102A9C000446D3F89030C3F30723013B98420FD977
:102AAC000A4B03900293002301221846CDE9003310
:102ABC00074908F0F7F86FF01504204604B010BD74
:102ACC00FFF7CCFFF9E700BF00ED00E0670A01005B
:102ADC009CF100002DE9F04F8946144606464FF054
:102AEC000008524D89B0C8452DDAD6F804A0BAF1C9
:102AFC00000F4AD0BAF11F0F17D91AF01F0F14D1BB
:102B0C00D6F800B01BF01F0F0FD1584608F0C1F8D3
:102B1C0007460AEB0B00013808F0BBF8874216D0C9
:102B2C006FF01507424B039702E0424BCDF80C8037
:102B3C000293002301221846CDE900333E4908F0E8
:102B4C00B1F86FF01504204609B0BDE8F08F17F10D
:102B5C00160FE7D0BC42E5DDC5F89870D5F89C108F
:102B6C00C5F89870D5F8A03021F01F0143F01F0B69
:102B7C00D6E900321A44994202F1FF3A1AD1D345F0
:102B8C0007D13146F8B208F09DF808F101080C366F
:102B9C00A9E73146C5F89870D5F89C30E0B263F3DC
:102BAC000402C5F89C2008F08DF810F1160FC8D05F
:102BBC00441CEAE7C5F89870D5F8A020013B23F037
:102BCC001F0302F01F021343D3453146E0B2C5F890
:102BDC00A030E8D008F076F810F1160FB1D0C5F897
:102BEC009870D5F89C209DF818300BF1FF3B62F3E0
:102BFC0004038DF81830D5F8A0309DF818205B0828
:102C0C0063F347128DF81820D6E90032134404936D
:102C1C0023F01F035B44A3EB0A03013023F01F03D3
:102C2C0004A9C0B20793FFF731FFBEE700ED00E047
:102C3C00B30A01008D0A01009CF100000522044B2F
:102C4C00C3F89420BFF34F8FBFF36F8F704700BF53
:102C5C0000ED00E0BFF35F8F0022024BC3F894201D
:102C6C00704700BF00ED00E010B5034C2278FFF771
:102C7C0031FF207010BD00BFAC3000202DE9F74FA4
:102C8C00294D8A4606464FF00008AB46274FD045E3
:102C9C001BDAD6F80490B9F1000F3FD03168084622
:102CAC00019107F0F6FF0199044609EB0100013888
:102CBC0007F0EFFF84424FF014021D4B08D002FBCB
:102CCC0008F36FF015024BF8032003B0BDE8F08F4A
:102CDC0014F1160F2C60F8D01978A142F5DD02FB27
:102CEC0008B0C7F89840C7F89840D7F89C4000F156
:102CFC000801007B64F304000871D7F8A0000C797C
:102D0C00400860F347140C71D7F89C1021F01F0198
:102D1C006960D7F8A01021F01F01296108F10108A2
:102D2C0014350C36B3E700BF900A002000ED00E02C
:102D3C00AC300020F0B55349534DD1F890302C688D
:102D4C00C3F307239C4287B000F299800020FFF761
:102D5C0081FF4E4BC1F8C030844216D14C4D01A8B6
:102D6C002C70FEF7FFFF002607464A4CB74213D1E2
:102D7C0000202B784349D1F89020C2F307229342CC
:102D8C0077DBFFF75BFF002046E0696801EB001181
:102D9C00FFF764FE0130DFE70199300101EB061308
:102DAC00DA682240B2F1807F52D00AD8B2F5001F07
:102DBC0034D0B2F5800F3ED0B2F5801F12D0013660
:102DCC00D4E7B2F1006F43D0B2F1805FF7D15A680B
:102DDC009B680958013B22F01F00034423F01F039A
:102DEC00012032E05A689B680958013B22F01F0011
:102DFC0003440120844623F01F0340EA4C10CDE924
:102E0C0002218DF8100002A928780593FFF73EFEE9
:102E1C0000282ADA6FF0150007B0F0BD5A689B68DD
:102E2C000958013B22F01F0003444FF0020C012013
:102E3C0023F01F03E1E75A689B680958013B22F015
:102E4C001F000344062023F01F034FF0000CD4E7AF
:102E5C005A689B680958013B22F01F0003444FF04D
:102E6C00030C012023F01F03C7E72B7801332B70D1
:102E7C00A5E7C1F89830C1F8A00001337BE74FF00B
:102E8C00FF30C9E700ED00E0C0F20000AAFF4400EB
:102E9C00AC3000200000F0FFF0B587B007460E46BE
:102EAC0014460021102268461D460BF0ACFA022392
:102EBC008DF80230054B2A4621466846CDE904764A
:102ECC00019307F069F907B0F0BD00BF03AD000036
:102EDC0008B5024B1B689847002008BDA40A0020C7
:102EEC00034B044A1860937843F0020393707047C5
:102EFC00A40A00202C01002008B50649064821F040
:102F0C000701C1F1005202F5802207F0C3FB00203B
:102F1C0008BD00BF7B170120A80A002008B5244A71
:102F2C00244B1A6001F0D6FC4FF47A612248D0F899
:102F3C002436C3F30802C3F309434B4382F4807273
:102F4C001E49883201FB02334FF4FA215B00B3FBBC
:102F5C00F1F201FB12331A49B3F57A3F28BF013263
:102F6C00C1F80429D0F820364FF47A60C3F3080274
:102F7C00C3F30943434342F6041082F4807202F215
:102F8C00172200FB02334FF47A701B0AB3FBF0F2EA
:102F9C0000FB12330020B3F5FA7F4FF0010328BF7A
:102FAC000132C1F81C27C1F80009C1F8003608BD70
:102FBC000020A107BC03002000C0FF0010270080E8
:102FCC000000125048B1054B054A1B68B3FBF2F3E5
:102FDC005843044B43F0010318477047BC030020CF
:102FEC0040420F0030F20000084B0246596811B104
:102FFC001968884207D0D86830B1996804488A4269
:10300C0018BF002070471846704700BFB40A002054
:10301C00BC0A002002460B46014805F079BB00BFF4
:10302C00C4040020014805F0E5BB00BFC404002027
:10303C002DE9F74F4FF00009824608460F4690469F
:10304C00FDF742FA4E4683464FF0FF314FF0FF300A
:10305C00FFF7E0FF194B1C689C4208BF00245B681B
:10306C005CB9FFF7DFFF36B3CAF80060B8F1000FA8
:10307C001DD1002003B0BDE8F08FA569A94512D879
:10308C00AB4510D3012D03D97A5D2F2A00D052B94C
:10309C002A463846E16801930BF0DAF9002804BFA0
:1030AC00A9462646019B9C42DBD02468D8E7B3692D
:1030BC00C8F80030DDE76FF00100DBE72C020020E0
:1030CC002DE9F04305461746894687B021B10B78A8
:1030DC002F2B01D14B787BB93F4B0122029300235C
:1030EC003E491846CDE9003307F010FE6FF0150489
:1030FC00204607B0BDE8F0834468002C66D1224618
:10310C0005A8FFF795FF60B1354B2046CDE901438B
:10311C00009423460122314907F0F8FD6FF00104B9
:10312C00E6E7DDF8148098F820309B0702D517F0FD
:10313C00120F4ED1D8F81C201368E3B117F04006DB
:10314C001DD017F002030BD1264A1846CDE90132E7
:10315C0022490122009307F0D9FD6FF00C04C7E758
:10316C0053695BB9204A1846CDE901321B4901224B
:10317C00009307F0CBFD6FF08504B9E70126C5F885
:10318C000480D8F81C303A46494628461B689847B4
:10319C00041E0DDA154B03940026029301223346CC
:1031AC003046CDE900660D4907F0B0FD6E609FE733
:1031BC002F72002E9CD0D8F81C30002128465B6959
:1031CC009847041E94DA0A4B0394E5E76FF00F045A
:1031DC008EE76FF01D048BE7E90A010074F1000023
:1031EC00FD0A0100150B0100430B0100630B0100EC
:1031FC00780B010030B54468054685B08CB1E369A5
:10320C00DB699BB19847041E4FF000030CDA094AA6
:10321C001846CDE90132084901220394009307F0C6
:10322C0075FD204605B030BD6B60FAE76FF0850484
:10323C00F7E700BF940B010074F100001FB5436861
:10324C009BB1DB695B689BB19847041E0ADA0A4B99
:10325C0001220293002309491846CDE90033039457
:10326C0007F054FD204604B010BD6FF00804F9E7D8
:10327C006FF08504F6E700BFAA0B010074F10000A3
:10328C001FB543689BB1DB699B689BB19847041ED3
:10329C000ADA0A4B01220293002309491846CDE9A8
:1032AC000033039407F032FD204604B010BD6FF0DC
:1032BC000804F9E76FF08504F6E700BFBF0B0100C7
:1032CC0074F100001FB543689BB1DB699B699BB12E
:1032DC009847041E0ADA0A4B01220293002309497B
:1032EC001846CDE90033039407F010FD204604B0D6
:1032FC0010BD6FF00804F9E76FF08504F6E700BF26
:10330C00D50B010074F100002DE9F04105460F4684
:10331C0086B011B10B782F2B0FD0314B01220293B9
:10332C00002330491846CDE9003307F0EFFC6FF06D
:10333C001504204606B0BDE8F0814368002B49D146
:10334C00D0F80080B8F1000F44D138462649FDF77B
:10335C00A9F8044678B94FF0FF304FF0FF31FFF772
:10336C0059FE224A6C601368934208BF00232B60FD
:10337C00FFF758FEDDE74246394605A8FFF758FE31
:10338C00064668B11A4B0122CDE9018340464346FB
:10339C001449CDF8008007F0B9FC6FF00104C8E7C0
:1033AC00059BDA69126AC2B16B60DB693946284643
:1033BC001B6A9847041EBCDA0E4BC5E90066012255
:1033CC00CDE901633046334606490394009607F075
:1033DC009DFCAEE76FF00F04ABE76FF08504A8E738
:1033EC00EA0B010074F10000020501002C02002020
:1033FC00FD0A0100030C01002DE9FF414768064658
:10340C000D46002F2DD0FB695B6A002B64D04F1C3E
:10341C0073682946DB6930465B6A9847041E14DBE7
:10342C006B7873B12B78012B0BD138462C49FDF7F7
:10343C0039F80028ECD038462A49FDF733F8002833
:10344C00E6D0204604B0BDE8F081274B0122029360
:10345C00002326491846CDE90033039407F056FCA7
:10346C00EFE7036813B94B700024EAE7DFF88080BC
:10347C004FF0FF304FF0FF31FFF7CCFDD8F8004094
:10348C00D8F80430444508BF002424B9FFF7CAFD1E
:10349C006FF00104D5E73268A24219D10123284606
:1034AC0000F8013BA269E168FF2A28BFFF221944FA
:1034BC000AF09CFF002385F80031C5F80431D8F8D8
:1034CC0004309C4218BF2768FFF7ACFD3760CBE790
:1034DC009C42DBD02468D8E76FF08504B1E700BFCD
:1034EC001E0C01001D0C0100200C010074F10000E9
:1034FC002C02002030B54468054685B01CB9046028
:10350C00204605B030BDE3699B6A93B19847041E11
:10351C004FF000030ADA084A1846CDE90132074990
:10352C0001220394009307F0F1FBE9E7C5E90033AE
:10353C00E6E76FF08504E3E73A0C010074F1000054
:10354C0030B5044687B020B103782F2B01D14378D6
:10355C0073B9204B0122029300231F491846CDE971
:10356C00003307F0D3FB6FF01504204607B030BDD5
:10357C000146002205A8FFF75BFD60B1174B012245
:10358C000293002314491846CDE9003307F0BEFB23
:10359C006FF00104E9E7059890F8205015F002054A
:1035AC0012D1C3695B6B93B121469847041EDCDAD8
:1035BC000B4B0122CDE9015328462B4606490394B7
:1035CC00009507F0A3FBD0E76FF01D04CDE76FF07B
:1035DC008504CAE7E90A010074F10000FD0A010044
:1035EC00550C0100F0B50C46064687B010B10378B7
:1035FC002F2B0ED0304B0122029300232F4918465B
:10360C00CDE9003307F082FB6FF01504204607B0BC
:10361C00F0BDFCF759FF0128074608D142F60173AB
:10362C0023800023A370C4F804310024EEE7314654
:10363C0005AA04A8FFF7FCFC054660B1204B01224B
:10364C00029300231D491846CDE9003307F05EFBB9
:10365C006FF00104DAE7DDE90432BF1A012F10D84C
:10366C002046012200F8012B9A69D968FF2A28BF4D
:10367C00FF2201310AF0BAFE84F80051C4F804515B
:10368C00D3E7DA69176CA7B1224618463146B8471A
:10369C00831C0446DCD00028B8DA0A4B0390CDE931
:1036AC00015301222B4628460449009507F02EFBB6
:1036BC00ACE76FF08504A9E7700C010074F1000011
:1036CC00FD0A01008B0C010070B50E46044686B055
:1036DC0020B103782F2B01D1437873B91D4B0122F4
:1036EC00029300231C491846CDE9003307F00EFB6A
:1036FC006FF01504204606B070BD0146002205A8E7
:10370C00FFF796FC054660B1144B0122029300238F
:10371C0011491846CDE9003307F0F8FA6FF00104AF
:10372C00E8E70598C3695B6C83B12146324698473C
:10373C00041EDFDA0A4B0122CDE9015328462B4641
:10374C0005490394009507F0E1FAD3E76FF085047F
:10375C00D0E700BF700C010074F10000FD0A0100FD
:10376C008B0C01002DE9FF41044608B1C56865B911
:10377C00564B0293002301221846CDE900335449DD
:10378C0007F0C4FA6FF015050DE003687BB1514BDF
:10379C000122029300234E491846CDE9003307F06D
:1037AC00B5FA6FF00F05284604B0BDE8F081284645
:1037BC00FCF78AFE074610B12B782F2B01D0464B15
:1037CC00D7E7464E4FF0FF304FF0FF31FFF722FCAA
:1037DC003568D6F80480B54208BF0025B5B9A56890
:1037EC002846FFF701FC20B1D0F80480B8F1000F97
:1037FC0034D13B4B01220293002335491846CDE9C5
:10380C00003307F083FA6FF0010512E0AB69BB429D
:10381C0020D122692B699A420ED12E4B01220293A0
:10382C0000231846CDE90033294907F06FFA6FF0F1
:10383C000F05FFF7F7FBB6E73A46E968E0680AF0D0
:10384C0007FE034630B9274A2149CDE90102009011
:10385C000122EAE74545C2D02D68BFE7D8F82C30E5
:10386C0063B9214A0395CDE9013218460122184962
:10387C00009307F04BFA6FF08505DAE7D8F8303093
:10388C0053B9E26818460392184A1149CDE901323E
:10389C000093022207F03AFA2046D8F82C309847C9
:1038AC00051E0BDA124B012202930023084918461D
:1038BC00CDE90033039507F029FABAE77368C4E938
:1038CC000678C4E900631C607460B2E7AC0C0100BC
:1038DC0074F10000CA0C0100E80C01002C0200205D
:1038EC001B0D0100FE0C0100470D01006C0D0100C9
:1038FC008D0D010030B5044685B000283FD04FF047
:10390C00FF304FF0FF31FFF785FB236883B91D4A69
:10391C001846CDE901321C4901220394009307F0AB
:10392C00F5F96FF01505FFF77DFB284605B030BDA6
:10393C00E3691B6B5BB9154A1846CDE90132124994
:10394C000122009307F0E2F96FF08505EBE72046C2
:10395C009847051E0BDA0E4B0122029300230A49ED
:10396C001846CDE90033039507F0D0F9DBE7D4E92D
:10397C00003213605A600023C4E90033D3E76FF0C0
:10398C001505D2E7A10D010074F10000BB0D01007B
:10399C00D60D010038B504460D464FF0FF304FF000
:1039AC00FF31FFF737FB2046FFF71EFB08B14368DA
:1039BC007BB90B4B5A6812B1DA686AB9012243F829
:1039CC003240002403EBC2035D60FFF72BFB204663
:1039DC0038BD6FF07704F8E76FF01B04F5E700BF14
:1039EC00B40A00201328DABF024B18566FF00400FB
:1039FC00704700BFDA16010000200149FFF7CABF6B
:103A0C00E8F20000012230B5C1680446ADF5057D31
:103A1C000069114403F01EF80D2818D194F82030D9
:103A2C009A0721D4DB0719D4124B0FCB8DE80F006A
:103A3C00E0684FF40073694604AA013003F02EF8D5
:103A4C0060B90122E1682069114403F003F828B938
:103A5C0094F8203043F0080384F820300DF5057DF0
:103A6C00BDE83040FFF7BEBF6FF01D000DF5057DC2
:103A7C0030BD00BF10F2000038B50446006809F0F4
:103A8C0078F90546216804480AF0ACF82846BDE8E8
:103A9C003840FFF7A7BF00BF3C04002073B50022DD
:103AAC0006460D460023104801A904F003FE044607
:103ABC00B0B90146302201980AF0A5FC0198691CA6
:103ACC00306009F01FF9054620B1019906480AF04B
:103ADC0089F83460284602B0BDE87040FFF782BF19
:103AEC006FF00B0002B070BD3C04002038B50446EA
:103AFC00006809F06FF82168054605480AF072F86D
:103B0C00002323602846BDE83840FFF76BBF00BF99
:103B1C0058040020F7B5002306460D4617461248F8
:103B2C00002201A904F0C6FD0446C0B901462822B2
:103B3C0001980AF068FC0198691C306007F01302C8
:103B4C0008F0D9FD054620B1019907480AF04AF85A
:103B5C003460284603B0BDE8F040FFF743BF6FF078
:103B6C000B0003B0F0BD00BF5804002070B500245A
:103B7C00C16886B006462246204601318DF81740B2
:103B8C0002F068FF054680B1164B0390CDE9014366
:103B9C002046234601221449009407F0A5F9284633
:103BAC0006B0BDE87040FFF71DBF3369052158789A
:103BBC000DF1170203F002FB044670B10B4B03909E
:103BCC00CDE9015301222B4628460749009507F001
:103BDC008BF9042C03D8064B185706B070BD6FF048
:103BEC000400FAE7EF0D010074F10000030E010070
:103BFC00D51601002DE9F04105468EB0012007F0E5
:103C0C00CFF90B260827DFF8E880286807F0B8F909
:103C1C00044678B1002301221846CDE9003335491A
:103C2C00CDF8088007F095F9012C3ED014F1740FF3
:103C3C001CD13CE04FF4D57306937923CDE90B30BE
:103C4C00C823286805A905970D9307F091F960BB67
:103C5C0095F84B20AAB1089BD9B2AA2925D103F417
:103C6C007063B3F5807F0ED06FF08504224B012278
:103C7C00029300231F491846CDE9003307F069F978
:103C8C000FE0079BE8E7B5F86A3043F00803A5F8A6
:103C9C006A30EAB9284600F0E1FB041E18BF6FF049
:103CAC00850420460EB0BDE8F081013EADD1134B2A
:103CBC000322029300230F491846CDE9003307F085
:103CCC0048F9286807F05CF904460028E9D1E1E7D7
:103CDC003B2201231021CDE905230023CDE90B1351
:103CEC00C823286805A90D9307F042F9ECE700BF3B
:103CFC00210E0100C4F10000650E0100340E01001C
:103D0C002DE9FF41002343600223037240F20113AB
:103D1C00438190F837300446DA0700F104081ED4CA
:103D2C0013F0020F0CBF032602260127F6B2414600
:103D3C0020686673677207F003F9054688B11D4B5E
:103D4C0003931D4B3A46029300231C491846CDE9B8
:103D5C00003307F0FEF8284604B0BDE8F0810126D8
:103D6C00E3E7206B07F01CF90223414620686372DD
:103D7C0007F0E6F8054608B1114BE1E72674A4F804
:103D8C006A000646206B07F00BF90E4B4146206883
:103D9C00636007F0D5F805460028DCD00A4B3A469C
:103DAC00CDE90163304633460449009607F0D1F85B
:103DBC00D1E700BF780E0100800E0100C4F10000B5
:103DCC00A10E0100801A0600A80E0100F0B50D46E8
:103DDC0085B0002863D041F8280B83689B697BB1C0
:103DEC009847044678B12F4B0293002301221846C2
:103DFC00CDE900332C4907F0ACF8204605B0F0BDF6
:103E0C006FF05704EFE705F11406304609F035FF63
:103E1C0004460028F1D14BF21B720023304604F00B
:103E2C0077FC044608B1214BDEE72846FFF768FF14
:103E3C00044618B1304607F08AF8DEE72846FFF74B
:103E4C00D9FE0328044619D10127284685F8687045
:103E5C00FFF756FF044650B1154B029300233A4628
:103E6C001846CDE90033104907F073F8E2E728460D
:103E7C00FFF7C0FE044648B10E4BEEE730B13046BA
:103E8C0007F065F8012385F86830B6E70223304661
:103E9C0085F8683005B0BDE8F04007F058B86FF011
:103EAC001204AAE7C20E0100C4F10000F10E0100D9
:103EBC001C0F0100350F010070B505460E4C28682B
:103ECC0007F09CF858B90B26284607F0D8F80128BB
:103EDC000ED1013EF8D1A4F5F414A4F590647D2024
:103EEC007D3C09F01EFE002CE9DC6FF00F0001E0B8
:103EFC000028F4D170BD00BF80969800372310B510
:103F0C008EB0002205931123CDE90B32C82309048E
:103F1C000691044605A900680D9307F061F8034665
:103F2C00F8B90B9A012A11D107990F4A0A406AB1C4
:103F3C000E4A0391CDE901020D490222009007F0CF
:103F4C0064F86FF0040318460EB010BD94F84B20C3
:103F5C00002AF8D1079A12F0200F08BF6FF08503E2
:103F6C00F1E70123EFE700BF0880F9FD5F0F0100C7
:103F7C00C4F100002DE9F04114461E461A44036EAC
:103F8C0005469A42884694B07BD890F86930012B4C
:103F9C000FD13D4B0222029300233C491846CDE938
:103FAC00003307F032F86FF08504204614B0BDE8FA
:103FBC00F08100F1140700233846354A04F0A8FBC1
:103FCC0060B1344B02220293002330491846CDE9EC
:103FDC00003307F01AF86FF00F04E6E7012E14BF58
:103FEC0012231123B5F86A200890900748BF224687
:103FFC000B93B5F864304FF0110158BF04FB03F27A
:10400C000C920322CDE91112C822CDE9054342F2EC
:10401C0010731392286805AA0BA90796CDF8248073
:10402C000A9306F0DDFF0446C0B11B4B03900293CC
:10403C00002301221846CDE90033144906F0E5FFB0
:10404C00164B01220293002310491846CDE9003388
:10405C0006F0DBFF384607F010F8A6E72846FFF716
:10406C002BFF04460028F5D00D4B012202930023B0
:10407C0006491846CDE9003306F0C7FF6FF073040C
:10408C00DEE76FF0150490E78E0F0100C4F100001D
:10409C00B4C40400B10F0100CD0F01000D100100DC
:1040AC00EA0F01002DE9F04F14461F469A18036ED3
:1040BC0005469A420E46A5B000F2B68090F86930DB
:1040CC00012B0FD15A4B0222029300235949184657
:1040DC00CDE9003306F099FF6FF08504204625B03A
:1040EC00BDE8F08F00F1140800234046524A04F05A
:1040FC000FFB60B1514B0222029300234D4918462D
:10410C00CDE9003306F081FF6FF00F04E6E7012FD5
:10411C0014BF19231823B5F86A201293910748BFCE
:10412C002246B5F864304FF0110B58BF03FB04F274
:10413C00139203224FF0C80A42F21079CDE918B25B
:10414C00099006AA286812A90A96CDE90643CDF86B
:10415C0068A00897CDF82C9006F042FF064628463A
:10416C00002E4CD0FFF7A8FE0146002859D118228A
:10417C000CA80AF048F92846B5F85E10FFF7BEFE09
:10418C00044670BB16230422CDE91B300123CDE974
:10419C0021B0CDE90D230C9005F18C0328680CAAF5
:1041AC001BA9CDE91039CDF88CA006F019FF0446F7
:1041BC00B8B9219B012B03D1214C1D9B1C4084B908
:1041CC00D5F88C3001221BBACDE903371D4B1949A8
:1041DC00029300231846CDE9003306F016FF6FF06A
:1041EC000404194B01220293002312491846CDE90D
:1041FC00003306F00AFF404606F03FFF6EE7FFF77C
:10420C005BFE04460028F6D0104B0122CDE9016379
:10421C00304633460749009606F0F7FE6FF07304FC
:10422C00DFE76FF00F04DCE76FF0150456E700BF13
:10423C008E0F0100C4F10000B4C40400B10F0100E2
:10424C000880F9FD1E10010040100100EA0F01006A
:10425C002DE9F041036E054693420E4617468EB08B
:10426C00C0F08F809B1A8B42C0F08B8090F8693025
:10427C00012B0FD1444B02220293002343491846D1
:10428C00CDE9003306F0C1FE6FF0850420460EB078
:10429C00BDE8F08100F11408002340463C4A04F0CC
:1042AC0037FA60B13B4B0222029300233749184680
:1042BC00CDE9003306F0A9FE6FF00F04E6E7032406
:1042CC00C823CDE90C432023059311230B93B5F898
:1042DC006A3000229B0758BFB5F86430286858BF75
:1042EC00734305A9069658BF069306F079FE04465B
:1042FC00002836D12123059311230B93B5F86A308E
:10430C00013E980758BFB5F864303E4458BF73431C
:10431C004FF00002286805A9069658BF069306F0D0
:10432C005FFE0446E8B92623059322230246069035
:10433C00064605A928680B9306F052FE044680B980
:10434C002846FFF7B9FD044658B1134B0122CDE9BD
:10435C000163304633460D49009606F056FE6FF069
:10436C007304404606F089FE002C8FD00B4B0122C3
:10437C000293002305491846CDE9003306F045FEAB
:10438C0084E76FF0150481E78E0F0100C4F1000083
:10439C00B4C40400B10F0100EA0F01004D1001007C
:1043AC002DE9FF4180460E46154600F11407002307
:1043BC003846264A04F0ACF9044668B1244B022274
:1043CC000293002323491846CDE9003306F01DFE65
:1043DC00204604B0BDE8F081711E072933D8DFE810
:1043EC0001F0040B320E1032152DD8F860302B6012
:1043FC00384606F042FEEBE7B8F86430F7E70123E5
:10440C00F5E74046FFF758FD0446F1E74046FFF755
:10441C0053FD48B1104B0222029300230D4918465C
:10442C00CDE9003306F0F1FD0123D8F8000088F83F
:10443C00093008F1040106F0DAFDE5E729464046AB
:10444C0006F08FFEE0E76FF08504D1E7B4C40400FA
:10445C00B10F0100C4F100005A1001002DE9F04F1A
:10446C0004469BB01022002107A809F0CCFF94F859
:10447C004B30002B00F005820021204606F08CFE0C
:10448C000546A0BBB4F86A6084F8690006F008071A
:10449C00C6F3C006B607642009F043FB2923CDE917
:1044AC00113614231793C823CDE918530021204645
:1044BC00FFF724FD0128024624D0002840F0E881B3
:1044CC00206811A906F05AFE0246002840F0E0814F
:1044DC0094F84B20002F00F0D781139B5AB1D807CA
:1044EC000BD43146204606F057FE054630B328461D
:1044FC001BB0BDE8F08F002B1FDB40F23910002100
:10450C0009F044FC0135B5F57A7FCFD1704B01220F
:10451C00029300236F491846CDE9003306F055FE8F
:10452C006FF073056C4B0293002301221846CDE902
:10453C000033684906F049FED9E7E364E36C204692
:10454C00590048BFB4F86A2007A944BF42F00202E0
:10455C00A4F86A20DA0142BFB4F86A2042F02002C3
:10456C00A4F86A209B0342BFB4F86A3043F04003BE
:10457C00A4F86A3006F0F5FD05460028B7D12046B0
:10458C0006F0B7FD05460028B1D1A36A534A934201
:10459C0015D80393524B0322CDE901034D49034631
:1045AC00009006F012FEA36A274647F8043F3946EE
:1045BC00206806F0EAFD054618B14A4BB3E74A4BB2
:1045CC00F2E70146242211A809F01DFF2946182202
:1045DC000BA809F018FF2046B4F85E10FFF78EFC0C
:1045EC000546002883D13323CDE9113011231793CD
:1045FC00C8230126CDE918030823CDE90C3642F275
:10460C001073206804F18C090BAA11A9CDF83C9009
:10461C00109306F0B3FD054600287FF468AFD4F87C
:10462C008C2002F00F03B3424ED0022B44D0002B4F
:10463C004CD0560548BFB4F86A304FEA126144BFFB
:10464C0043F00403A4F86A30D00142BFB4F86A30D6
:10465C0043F48073A4F86A30890742BFB4F86A3017
:10466C0043F08003A4F86A30B4F86A6016F00206CE
:10467C0040D11822314613A8D4F800804FF4007AA8
:10468C0009F0C1FE1023CDE9113A11231793C82369
:10469C004046324611A9199306F070FD804638B396
:1046AC00124B0122CDE9016330463346094900968D
:1046BC0006F08BFD45461AE712F4000F14BF0823D1
:1046CC00042384F86630B4E70223FAE73346F8E7AC
:1046DC00A9110100C4F10000761001003F787D01A2
:1046EC008F100100C410010040787D01EB10010017
:1046FC00A4F864A094F836309B067FF5F8AE94F8D5
:10470C006630012B7FF6F3AED4F85080B8F1000F71
:10471C003FF4EDAE94F85830002113F0020FC3F3C0
:10472C0040022368164684F8672013A84FF018023D
:10473C000CBF4FF0010B4FF0020B0593D4F828A0DF
:10474C0009F061FE102200210BA809F05CFE062383
:10475C00119311231793C82346F0004646F47F06A5
:10476C0046F47F4646F0F006129619930126402334
:10477C00CDE90C3642F2107305980BAA11A9CDF8AD
:10478C003C90109306F0FAFC814600286CD194F80A
:10479C009C3094F8672003F00F039A424BD03D4BAA
:1047AC000222CDE901033C490346009006F00DFDC1
:1047BC0094F84830002B3FF49AAEB4F86A3058079E
:1047CC007FF595AE2422002111A809F01CFE20468D
:1047DC00B4F85E10FFF792FB064600BB062311935C
:1047EC0001231793C823CDE918030223024611A90C
:1047FC002068129306F0C2FC064680B9179B012B69
:10480C0003D1264E139B1E404EB904233946206813
:10481C00A37206F0BAFC064600283FF468AE204BA3
:10482C000122029300231C491846CDE9003306F0FF
:10483C00CCFC354623E03946206884F80BB0D045D3
:10484C0094BFC4F80480C4F804A006F09EFC814612
:10485C000028ADD0134B3246029300230E49184664
:10486C00CDE9003306F0B1FC0F4B0122029300237B
:10487C0009491846CDE9003306F0A7FC4D460B4B11
:10488C0051E66FF0850532E6002A3FF457AE28E674
:10489C00154647E60C110100C4F100000880F9FD33
:1048AC006B1101002A1101004A1101009511010040
:1048BC0000210369426883F8CC105268C3F8D820F1
:1048CC00034AC3E9372003F1D000FDF725BB00BF35
:1048DC0038F300000122024BC3F80424704700BFD8
:1048EC00002008E0084B70B5C31A0D4607499B1011
:1048FC00044659434022064806F0EEFC2B4601467E
:10490C002046BDE870401847C00B0020B76DDBB6E1
:10491C0074E60000402373B50B4C0093041B0B464C
:10492C000D460A49A41061430646094A094806F097
:10493C00FFFC014628B130462B4602B0BDE8704062
:10494C00184702B070BD00BFC00B0020B76DDBB6BE
:10495C00A9B3000074E60000F8B500220121054659
:10496C0040F20510FDF764FF0F4802F09DFD044670
:10497C00B8B902F0B9FD2F690C49384605F05AFF59
:10498C00031E09DB01263E642D69084905F11C0054
:10499C0005F050FF031E02DA1C462046F8BDEE64FB
:1049AC00FBE76FF00404F8E7E54A000050F3000061
:1049BC001FB5002201236C46CDE902236B46074A42
:1049CC00CDE9004406F0E3FC28B943F60952002374
:1049DC00684603F093FF04B010BD00BFBBB30000EA
:1049EC0010B5EFF31184202383F31288BFF36F8F7C
:1049FC00074A136823F00201DB07116002D401207F
:104A0C0008F09CFC84F31188BFF36F8F10BD00BFBE
:104A1C00100C00200C22104B014602FB003300202E
:104A2C0030B4D3E90E529863EFF31180202484F351
:104A3C001288BFF36F8F1C6C04F0C00444F00204A6
:104A4C001C6480F31188BFF36F8F1DB12B4630BCF3
:104A5C000248184730BC7047C00B002074E60000B9
:104A6C0010B4EFF31180202282F31288BFF36F8F02
:104A7C0016490B6843F0020413F001030C6017D0C5
:104A8C00134BD3F80C3413F4803311D0EFF31181A2
:104A9C0082F31288BFF36F8F0E4A136C03F0C003BE
:104AAC0043F00203136481F31188BFF36F8F01236A
:104ABC0080F31188BFF36F8F1BB1002010BCFFF780
:104ACC00A9BF012010BC08F031BC00BF100C0020A5
:104ADC0000E01050C00B0020022808D0042808D198
:104AEC00044B186C10F0070003D1FFF793BF0120A3
:104AFC00FBE77047C00B00202DE9F04101228046F6
:104B0C003549D1E8EF3FC1E8E02F0028F9D133B99E
:104B1C00324933484B60CB608A6005F09EFE08F149
:104B2C00FF33012B4BD8B8F1010F06D12D4BD3F825
:104B3C00503403F00303012B41D009F0B1F80546C2
:104B4C0050B1EFF31186202383F31288BFF36F8FDC
:104B5C000125244C244F20E0244B1B78002BF0D053
:104B6C000422204B0646C3F80823F2E74DB3304627
:104B7C0006F080F8D4F8403413F0FF030DD1D4F8CC
:104B8C00082152B1C4F80831D4F80831202201238D
:104B9C00C4F84034C7F8A0212361D4F84C24D4F8CD
:104BAC004C34D203E2D503F00303012B02D0B8F14D
:104BBC00010FDBD155B186F31188BFF36F8FBDE8C0
:104BCC00F0810021202009F0E1F8D3E70422054B05
:104BDC00C3F80423F3E700BFBC0B0020AC0B002090
:104BEC00DC0B002000E0105000E100E0C23000209F
:104BFC0008B5074808F0B1FF38B10648FEF770F960
:104C0C000448FCF785FC002008BD6FF01200FBE7A0
:104C1C0014E70000254C00000A2838B50446074D5F
:104C2C0004D1AB680D2128465B689847AB680348F4
:104C3C005B68E1B29847204638BD00BF14E700001E
:104C4C0070B546680546B068C0B108F05DFD014618
:104C5C00A0B9B06802F0A0FE0446A8B902460C49FF
:104C6C00B06808F03BFD22460121DB20FDF7E0FD9A
:104C7C002246012140F20D10FDF7DAFD2846BDE871
:104C8C007040044905F03ABF6FF0040070BD00BFDE
:104C9C00214E000065B400002DE9F04340F20635CA
:104CAC004768D00648BF4FF0030C3B7C02EA050571
:104CBC0058BFC2F3401C87B001F01F06B5F5837FC7
:104CCC00144646EA43168DF803C045D00DD8062D80
:104CDC0044D005D8A5B1022D12D06FF0150038E0E4
:104CEC00B5F5807FF9D101250AE040F20222954208
:104CFC0036D0B5F5407F35D0B5F5007FEDD1042524
:104D0C00220331D501237A688B405360B86890BB7D
:104D1C005F2E06F01F034FEA561175D83C4A52F825
:104D2C002120C4F3004102EB8302D2F8803081F0E1
:104D3C000101C4F3404423F4706344EA410423F0BA
:104D4C000F031C4344EA8C0444EA0524C2F8804057
:104D5C00002007B0BDE8F0830925D1E70825CFE78F
:104D6C000625CDE70525CBE7630341BF01237A6810
:104D7C008B409360CAE731460DF1020208F0B1FC9A
:104D8C0014F4403F80460CD13146B86808F0C2FCA0
:104D9C00B8F1000FDCD19DF80210B86802F034FEB7
:104DAC00D6E74FF0000901ABCDE90199CDE9043903
:104DBC00CDF80C903146B86803AA08F0DBFB4845E7
:104DCC00C6DB14F4003314D09DF80330C4F3004454
:104DDC0084F001048DF80E308DF80C508DF80D40D8
:104DEC004B463146B86803AA02F060FD0028CFDAC2
:104DFC00AEE7CDE904330DF1030303933146B868F4
:104E0C0003AA08F0B7FBF1E7203350F82330FFDE9C
:104E1C0074F300004209022A034670B503D0012A3C
:104E2C0018D0CAB170BD0E4E326951680029F9D044
:104E3C00012503F01F030C689D400029F2D08A68FD
:104E4C002A4002D030464B6898473CB12368214633
:104E5C001C46F2E7034EE7E7034EE5E72346F6E789
:104E6C00D4E60000B4E6000094E60000F0B5446817
:104E7C001646A068227C01F01F0587B045EA421552
:104E8C0000286CD0B6F5001F04D1294608F094FC1C
:104E9C00002055E06268607CB6F5800F50624FF0E0
:104EAC00000001AA0190506039D1B3F1007F14BF0A
:104EBC00052304238DF804300023CDE90423039348
:104ECC00E3680DF1030723FA01F111F0010139D167
:104EDC00B6F1A07F36D105F01F035F2D4FEA5510B8
:104EEC0003F120033ED8214A52F8202052F82330F7
:104EFC00DB0727D43A462946A06808F0F2FB1630A7
:104F0C0018D002972946A06803AA08F033FB0028A2
:104F1C0016DB01222946A06808F0FEFBB8E7B3F1C6
:104F2C00C06F05D0B3F1007F14BF01230223C1E78A
:104F3C000323BFE73946A06802F070FD0028E0DAD1
:104F4C0007B0F0BD3A462946A06808F0CAFB002815
:104F5C00D8D19DF80310A06802F056FDD2E76FF08F
:104F6C008500EDE751F82330FFDE00BF74F300003D
:104F7C0030B587B0194D284608F0EFFD0346E8B967
:104F8C002A6817490392174A0090CDE901020122C1
:104F9C0006F066FA6FF01204204607B030BD2B689D
:104FAC0001220393104B0E490293002305941846DB
:104FBC00CDE90033049206F053FAEDE72A69A968AB
:104FCC001368284623F0020313600B6800220121AA
:104FDC009847041EE3DB0024DEE700BF94E60000E4
:104FEC007CF100001C12010033120100036803F075
:104FFC001F025F2B02604FEA53129ABF024B53F809
:10500C0022000020704700BFBCF300002DE9F74FD1
:10501C00154607464FF0010800EB8101B94203D158
:10502C00002003B0BDE8F08F3A68C2F3C323082B0D
:10503C00C2F3080400F29A804E48C65C40F2FF139B
:10504C009C4208BF4FF0FF34B2F1B05F4FEA1263DD
:10505C000ED2152B10D8DFE803F01221605D265814
:10506C005D0F0F0F0F636E0F0F0F0F0F0F0F71747C
:10507C00382B69D04E2B50D06FF08500D1E7C5F896
:10508C000446621C3FD001A80194FFF7AFFF019BBF
:10509C004FF0010908FA03F3436012E0C5F80C461F
:1050AC004FF0000A43E04FF00009C5F80046601CC1
:1050BC0029D001A80194FFF799FF019B08FA03F38B
:1050CC0083604FF0010AD7F800B001A81BF4004F21
:1050DC001CBF4FF001094FF0000A0194FFF786FF47
:1050EC00019B254C00EB8300D0F88020CBF3412BA7
:1050FC00330243EA8B0343EA0A031440234343EA93
:10510C004903C0F88030043788E7C5F804464FF0EF
:10511C000109CCE7C5F80846C2E7C5F81046B0E768
:10512C00C5F80046002EBBD14FF0000A0826631CC0
:10513C00E9D0D146C7E7C5F80446F3E7C5F84045C2
:10514C00E5E7C5F84445ABE701A80194FFF74EFF2E
:10515C00019B4FF0010A00EB8300D0F8803023F064
:10516C00E04343F08043C0F88030E0E76FF0150077
:10517C0057E700BFEE160100F0F0FCFF7FB50BAB5C
:10518C0005930393054B0122029300231846CDE9A6
:10519C000033FCF7D9FB07B05DF804FB7612010075
:1051AC00F0B5446885B094F82670054607F00307FF
:1051BC003E1E18BF012606F081F9A06A30B93146AF
:1051CC00284605B0BDE8F04006F0F1B908F0C5FC82
:1051DC00034670B9A26A1A49126800900392194AE0
:1051EC00CDE901020122FFF7C9FF6FF0120005B0F3
:1051FC00F0BD002F0CBF4FF4B0134FF4D013E28D61
:10520C00A06A94F82C101A430127D0F810C042F36E
:10521C00000303F44023DCF80040534023F48012D5
:10522C008F40DB07D0F808E04CBF3C43BC43CCF8C4
:10523C000040DEF8003098470028C0DAD7E700BFFE
:10524C00BCF100007612010003460A46F0B419794D
:10525C00DB88006813430125094A06699A433468C0
:10526C0008BF83F440238D4023F48012DB0787684A
:10527C004CBF2C43AC4334603B68F0BC184700BFB8
:10528C00010010000369024A5B6800201A60704735
:10529C00801A06000B4610B52422446800211846DB
:1052AC0009F0B1F8074A426062690260A269826043
:1052BC00C27B42F00102C273012280F8232000203D
:1052CC0010BD00BF801A060073B50C4C456806690A
:1052DC000123716828680DF1070206F04BFA28B912
:1052EC009DF80700FF2803D1013CF1D202B070BD3C
:1052FC00002CFBD16FF07300F8E700BF40420F00A9
:10530C007FB545680669286808F027FC38B36868DB
:10531C00B0B12C1D08F021FC08B320464FF4B0119D
:10532C00FFF792FF044658B1194B039002930023E8
:10533C0001221846CDE90033164906F057FA10E061
:10534C00E868D8B10C3508F008FC034660B9124A7D
:10535C001049CDE901020090012206F047FA6FF0E6
:10536C001204204604B070BD4FF480312846FFF77C
:10537C006BFF041E03DA094B0394D7E7044633464C
:10538C00012203F8082B73600023B360E9E700BF28
:10539C00D6120100CCF10000FA1201001C1301001E
:1053AC002DE9F04F43689DB006930369D1F81CA01A
:1053BC000546894616460021142214A8079309F0C5
:1053CC0022F80C23202113930123CDE919134FF458
:1053DC007A731B93002E56D001224946284606F0BC
:1053EC004CFA0AF1FF3A0446002840F09580D6E9C1
:1053FC0001276B68D5F810B00593D9F80030D6F8B2
:10540C001080183B012B00F29B800DF126030D93AD
:10541C000123CDE90E380AAB1193022312930DAB85
:10542C000B930323022F0C9334BFFE23FC23109207
:10543C008DF82630002F3CD1B368012B17D9FD23F2
:10544C008DF82630012305980C93DBF804103B46AD
:10545C0000680BAA06F088F90446002850D13A4699
:10546C002846716906F0D1F90446002C48D1D9F8C8
:10547C000030122B0FD1002442E0BAF1000F0AF1D8
:10548C00FF3309DD9A4600224946284606F0F5F915
:10549C0004460028F1D10024069B1868079B596824
:1054AC0083685B689847002C18BF20461DB0BDE888
:1054BC00F08F41467268002005F09EFE40BAADF8B0
:1054CC00280005980023DBF8041000680BAA06F0EE
:1054DC004BF90446A0B905980123DBF804100068C9
:1054EC000DF1270206F046F9044648B99DF827301D
:1054FC0003F00F03052B14D00B2B7AD16FF089041A
:10550C000022284613A9D9F81C7006F0B6F908B188
:10551C00002F71DC002CBED0BAF1000F3FF75CAF4E
:10552C00BAE773680246984428467169CDF83C8006
:10553C0006F06BF9013F044600283FF47BAFDFE730
:10554C000BAB0D9301232846CDE90B820E93FFF78D
:10555C00BBFE041ED4DBFE2C4BD1013F85D305983A
:10556C000022DBF8041000680DAB06F0FDF80446D1
:10557C0050B1254B01220293002324491846CDE952
:10558C00003306F033F9BBE705980323DBF804106E
:10559C000AAA006806F0EEF841460446726800203C
:1055AC0005F02AFEBDF828305BBA9BB283420AD0C4
:1055BC00174B01220293002314491846CDE90033FE
:1055CC0006F014F99AE773689844CDF82C80002FF4
:1055DC00C3D02846FFF778FEFE280446BDD00D4BFD
:1055EC0001220293002309491846CDE9003306F045
:1055FC00FDF86FF0040483E70022284613A906F097
:10560C003CF9013F044682E746130100CCF100004F
:10561C0058130100651301002DE9FF41064634695A
:10562C000D466268096813684068994217D043694F
:10563C00994204D96FF0850004B0BDE8F08171B1D6
:10564C0004F10807BA4204F1240356D1A1601946AB
:10565C0052F8047B9A4241F8047BF9D163602B79B0
:10566C00022BE7D16A792378934264D0022A4368EB
:10567C004FD1ABB10121043006F062F80746002887
:10568C0038D1002140F2654008F080FB2F4B0322FB
:10569C00CDE9017338463B462D49009706F0A6F834
:1056AC003269D6F80480566833680BB9294B3360DD
:1056BC00B388314643F48043B380D8F800000A2302
:1056CC00403206F057F80746D8F800008368314698
:1056DC005B689847B388384323F48043B38028D061
:1056EC001D4B01220293002319491846CDE90033C2
:1056FC0006F07CF86FF004009EE73A46616204F114
:10570C00400153F804CB8B4242F804CBF9D16760CB
:10571C00A5E773B10021043006F012F80346002807
:10572C00E8D10E4A0A49CDE901020090032206F0A5
:10573C005DF86B792370AB79012B7FF47BAF6B7ABF
:10574C00012B7FF477AF002076E700BF6F130100C9
:10575C00CCF10000801A06007A13010099130100A5
:10576C0038B5054644680121E06806F08FF96B688E
:10577C0019686369C1F82435E28BA38BA07E1343AF
:10578C00228C1343628C1343627E9BB20243207EB5
:10579C0002431343C1F86C3569680B68D3F80022D7
:1057AC0042F48022C3F800220822C3F800254A6A7A
:1057BC000121C3F83C270022C3F840271965D3F810
:1057CC0030110029FBD0C3F800252846BDE838402D
:1057DC00014905F093B900BFF3BA00002DE9F3417C
:1057EC0004460D46476808F05BFA88B12022EFF3B7
:1057FC0011831E4682F31288BFF36F8F61680968AC
:10580C00D1F83011D1B983F31188BFF36F8FEEE764
:10581C00224B1B78002BE9D04FF0200864266368DC
:10582C001B68D3F830313BBB012007F048FD013E2B
:10583C00F5D10021202008F0A9FAEFE77B6A204679
:10584C001D7063680DF107017F6A1D6805F041F951
:10585C009DF807204AB90123C5F83C77C5F84037B5
:10586C00C5F83021D5F830212B6586F31188BFF3AC
:10587C006F8F02B0BDE8F081EFF311831E4688F301
:10588C001288BFF36F8F62681268D2F83021002A39
:10589C00D4D183F31188BFF36F8FCAE7C2300020D5
:1058AC00F0B54FF4FA5307460026446C47F6122C19
:1058BC005C4357F8203B05461B683146B4FBF3F4B8
:1058CC0040F2E730C83485B04FF47A720023E4FB21
:1058DC000C01FAF7CDFD02460B46384603F00EF8E4
:1058EC0068B1084B3046CDE90163012233460649C5
:1058FC00009606F060F96FF0730005B0F0BD286BF0
:10590C00FBE700BFDC130100E4F1000038B50446EE
:10591C00056906F0CAFA014670B9012205F1B40016
:10592C0008F0B2F905F15C0006F055F92046BDE827
:10593C003840024905F0E2B838BD00BF75BE000022
:10594C007FB50D1E064604690BDAE16D06F067FAA9
:10595C00C4F88C5004F17C0004B0BDE8704002F037
:10596C0099BFD4F8A8305BB19D421ED9304B0122AF
:10597C00029300232F491846CDE9003306F01BF99A
:10598C00D4F8B0305BB19D4230D9294B012202933F
:10599C00002328491846CDE9003306F00CF93046AF
:1059AC0004B0BDE8704006F043B95B1BC4F8A830E6
:1059BC00A3B9D4F8903004F1A8020833C4F890309D
:1059CC00D4F8943004F19401013BC4F8943004F100
:1059DC00900006F0DDF8C4F8A400D1E7D4F8A430A8
:1059EC00002BCDD02B44C4F8A430C9E75B1BC4F802
:1059FC00B030A3B9D4F8983004F1B0020833C4F82D
:105A0C009830D4F89C3004F19C01013BC4F89C30D4
:105A1C0004F1980006F0BCF8C4F8AC00BFE7D4F869
:105A2C00AC30002BBBD02B44C4F8AC30B7E700BF74
:105A3C0002140100E4F100002DE9F04198468B8836
:105A4C000E46990407461546046900F182804FF012
:105A5C00FF324FF0FF3304F16C0002F04FFF26666B
:105A6C00002D7FD1C4F890500023C4F8943004F179
:105A7C00A80204F1940104F1900006F089F805469F
:105A8C00C4F8A400B8F1000F74D1C4F898800023B6
:105A9C00C4F89C3004F1B00204F19C0104F19800AC
:105AAC0006F076F800231A46D4F894C0C4F8AC007B
:105ABC00C4F88C30624566D100221146D4F89CE0C3
:105ACC00714568D193422CBFC4F8A030C4F8A02013
:105ADC0015B1D4F8A8302BB900286FD0D4F8B03059
:105AEC00002B6BD03146384600F06EF8054610BBE3
:105AFC0004F15C08E66504F1B405284602F024FFC5
:105B0C003846304906F074F94FF0FF324FF0FF334E
:105B1C00284602F0F3FE3146384606F06AF938465C
:105B2C0006F086F84046FFF7BBFE054600283BD141
:105B3C00B3889A040AD4E36D13B19B889B0405D4F3
:105B4C000023236604F16C0002F0A4FE2846BDE895
:105B5C00F081636F002B7FF47AAF236E9E427FF44B
:105B6C0076AF7DE72B68C4F89030002B3FF47CAF08
:105B7C006B687AE7D8F80030C4F89830002B86D0E0
:105B8C00D8F8043084E7D4F8901001EBC2014968CE
:105B9C0001320B448EE7D4F898C00CEBC10CDCF846
:105BAC0004C0013162448BE710F1740FC3D1384645
:105BBC0006F057F94046FFF773FEBCE76FF015058A
:105BCC00B9E700BFB1BC0000F0B505690C4695F80B
:105BDC0028308FB00BB3EA6A0B689A421DD12A6B3E
:105BEC004B689A4219D195F84030097D994214D1ED
:105BFC00B5F84420238B9A420FD16B6BA268F9B194
:105C0C009A420AD1AB6BE268534033F47F4304D120
:105C1C00EA6B23699A4200F0B980A28812F4006101
:105C2C0013D05D4B0122029300235C491846CDE949
:105C3C00003306F03BF86FF0850630460FB0F0BD30
:105C4C009A42EAD1AA6BE368E4E712F001030ED0A2
:105C5C00036801220393524B0091CDE901130B46CB
:105C6C004E49184606F022F86FF01506E5E712F0DB
:105C7C00080109D04B4A0093CDE9013201221846A4
:105C8C00464906F013F8EFE702F4FC63B3F5807FA6
:105C9C0005D0454BCDE9011300910B46EEE7266884
:105CAC00424B9E4201D8424BF4E72B684768D3F82D
:105CBC000066731C0FD012F0020206F01F0C3D4B55
:105CCC004FEA561643D1022E62D853F826200123F0
:105CDC0003FA0CF393604FF0FF330793BB7F2268FA
:105CEC008DF82230BB699A4294BF09920993A3881C
:105CFC00990703F0040233D5002A0CBF02220322B9
:105D0C00C3F300138DF829304FF0FF330B9397F842
:105D1C0020308DF828208DF8303001238DF8333069
:105D2C008DF8343095F82830E3B1284604A907F0F3
:105D3C00F3FD0646E8B1204B0390029300230122A9
:105D4C001846CDE90033154905F0B0FF75E7022E72
:105D5C0020D853F82620012303FA0CF35360BAE73A
:105D6C009208CDE70346154A284604A907F0B3FD6F
:105D7C00DFE705F12C0304F11C0254F8041B9442D8
:105D8C0043F8041BF9D1012385F82830002654E789
:105D9C009260FFDE4960FCE72A140100E4F1000088
:105DAC0044140100661401008514010047E8010049
:105DBC00B4140100B4F50000E5140100C7BD0000E7
:105DCC0070B40F4CD4E90015501A63EB050640096A
:105DDC0040EAC6602026E0FB0615C4E90015002445
:105DEC0000250849C1E90023074BC3E90045EFF33F
:105DFC00118186F31288BFF36F8F70BC03F03ABA2F
:105E0C0010050020F80400200805002008B5002229
:105E1C000121E420FCF70CFD164A0020D2F81837BB
:105E2C0023F44033C2F8183701F040FF002820DB80
:105E3C000120114901F0C6FF00281ADB01F010FF08
:105E4C000E4B20F01F00C3E900010D4B0022C3E9EB
:105E5C0000014FF0FF304FF0FF310A4BC3E9000156
:105E6C00094B0A49187A01F00BFF67220020084BF6
:105E7C001A6008BD00200E50B80300201005002049
:105E8C00F0040020F8040020B0030020CD5D0000D9
:105E9C00A80C002008B501F0E3FE064AD2E9003256
:105EAC00C01A054B61EB0201C3E90001400940EA4D
:105EBC00C16008BD1005002008050020F7B5224B75
:105ECC000146224F187A224BD7E90056D3E900231A
:105EDC009E4208BF954211D1B1F1806F0ED249019B
:105EEC00012938BF012101224D1946F10006C7E9ED
:105EFC00005603B0BDE8F04001F0EABF154BDFF8E7
:105F0C0058C0D3E90043DCE9002CA41843EB0C0C7B
:105F1C004FF0200E22466346C1FB0E23954276EBD2
:105F2C000301C7E900230DD2291B66EB0C04C82919
:105F3C0074F10004B4BF01210021009101F092FF23
:105F4C0003B0F0BD0021F8E7B003002000050020ED
:105F5C00F8040020100500200805002070B5036827
:105F6C001BB31C4614F8012B1F2A24D93A2AF9D149
:105F7C001A78A2F13001092902D8991C8C4217D049
:105F8C000F4D15F8012B13F8011BA2F16106192E08
:105F9C0098BF203AA1F1610698BFD2B2192E9CBFCE
:105FAC002039C9B24AB19142EBD04FF0FF3003E037
:105FBC00302AFAD10460002070BD9C42F9E700BF82
:105FCC00B9FD000038B5002303714FF0FF330362B5
:105FDC00044606F00FF900283FD194F83430B4F899
:105FEC003252EB2B03D01833DBB2012B2ED84AF6EE
:105FFC0055239D4206D108221A4904F1860008F067
:10600C000AFA48B3B4F83F30B3F5007F1ED194F8C8
:10601C004130DBB15A1E1A4218D1B4F84230ABB140
:10602C0094F84430013B012B10D8B4F845306BB1D7
:10603C00B4F847307F2B06D804F1540005F081FFEB
:10604C00B0F5803F02D3B4F84A3043B94AF6552034
:10605C00854214BF0320022038BD0420FCE7002039
:10606C00FAE700BF3E1501000023F0B585B00B60C8
:10607C000E461546FFF772FF013000F00681864B85
:10608C001C68002C00F003813460237805F0FE05B9
:10609C0063B1607801F074F8C30707D40DB14707FA
:1060AC0002D4002005B0F0BD0A20FBE70023607885
:1060BC00237007F0F5F8C60700F1EB800DB141072E
:1060CC00F2D400212046FFF77DFF022840F0C58066
:1060DC006E466A4604F5FD7304F23A21184605F043
:1060EC0030FF10338B4242F8040BF7D1002556F8E1
:1060FC00041B002900F0A8802046FFF763FF01284D
:10610C0000F2A380B4F83F30B3F5007F40F0AA80D2
:10611C00B4F84A6026B904F1580005F012FF06469F
:10612C0094F84430216A5A1E012AE661E37000F2A9
:10613C00998094F841506581002D00F093806A1E7F
:10614C002A4240F08F80B4F845703A07278140F01E
:10615C008980B4F8470018B904F1540005F0F1FE39
:10616C00B4F84220002A7DD006FB03FE02EB171C7C
:10617C00F444604576D3A0EB0C00A842B0FBF5F3D9
:10618C0070D3464883426DD84FF6F57083426BD876
:10619C0040F6F575AB428CBF0225012502330A444B
:1061AC0001EB0C00032DA3616162A26220635DD13F
:1061BC00B4F85E203A4355D104F1600005F0C1FEFD
:1061CC009B0003F2FF13B6EB532FE0624AD34FF060
:1061DC00FF33C4E904338023032D63712CD1B4F84D
:1061EC006430012B28D12046013106F003F818BB8E
:1061FC00607104F1340005F0A4FE294B98421BD1C8
:10620C0004F5067005F09DFE03F1FF5303F50053F2
:10621C002033984210D104F50C7005F092FE214BFE
:10622C00984209D104F5077005F08BFE606104F506
:10623C00087005F086FE20611B4A25701388013317
:10624C009BB21380E3802CE703200135042D7FF4EF
:10625C004EAF042806D1012024E70428FBD00128E6
:10626C007FF650AF0D201DE7032597E7002FF9D0DF
:10627C00022D02EB0E004FEA43021BBFD21803F0B3
:10628C000103134603EB52039BE70B200AE70C2098
:10629C0008E7032006E700BFAC0C0020F5FFFF0F5A
:1062AC0052526141000055AA781000202DE9F843A4
:1062BC00FF268046354604240768D8F8181019B90B
:1062CC00002C69D0042453E0384605F093FF0446B3
:1062DC0000284DD1D8F81C000378002BF2D0C27ADC
:1062EC00E52B02F03F0288F8062047D02E2B45D034
:1062FC0022F02001082941D00F2A44D159063BD560
:10630C0003F0BF05D8F81030467BC8F82C30437B1F
:10631C00B34233D1428B8ABB0D2103784FF6FF7900
:10632C0023F04003013B4B430121D7F80CC0DFF8AD
:10633C0070E01EF8014B045B11B3FF2B1ED82146F5
:10634C002CF81340013301320D2AF2D10278520697
:10635C0005D521B1FF2B11D800222CF81320013DBB
:10636C00EDB20021404606F00AF904460028A4D0FC
:10637C000023C8F818300FE0AB42C8D0FF25F0E777
:10638C004C45E0D0FAE71DB905F0F0FDB04203D062
:10639C004FF0FF33C8F82C302046BDE8F88300BF1F
:1063AC00771701002DE9F04F002187B00446D0F893
:1063BC0000A006F039F90546002840F08C804FF01B
:1063CC00FF084FF0FF39C34604F12003C4F82C90AA
:1063DC0002935046A16905F00DFF054600287AD1BD
:1063EC00E6693778002F7AD0F27AE52F02F03F0376
:1063FC00A37103D010075AD50F2B04D0C4F82C90DE
:10640C004FF0FF0B40E094F82B3059063CD47A0641
:10641C0042D5236907F0BF07E36296F80D80738BB2
:10642C00002BEDD10D2301213578DAF80CB005F0F5
:10643C003F05013D5D432B4B13F8012BB25A00294C
:10644C0030D0FF2D0593DBD81046049200F01AFFD4
:10645C006B1C03903BF81500019300F013FF03999C
:10646C008142CDD1049A019D1146059B1E4A9A4248
:10647C00E2D133785B0604D519B13BF81530002B0B
:10648C00BED1013F5FFA87FB0021204606F077F86A
:10649C00054600289DD01EE0BB45B1D1737B43451A
:1064AC00AED1BCE74FF6FF708242DFD0A8E7BBF15C
:1064BC00000F04D1304605F059FD40450BD094F83F
:1064CC002B5015F0010599D10B223046029907F09B
:1064DC00A2FF002892D1284607B0BDE8F08F042512
:1064EC00F9E700BF77170100841701002DE9F04F81
:1064FC000646036885B001938A4611F8013B2F2BA1
:10650C00FAD05C2BF8D00023B3609AF800301F2B24
:10651C0000F2B68080230021304686F82B3005B07F
:10652C00BDE8F04F06F080B82F2800F02D815C28D4
:10653C0000F02A817F2806D801469B4807F07BFF94
:10654C00002840F0E980FF2F00F0E6802BF8174080
:10655C00013799E033F8022D202A02D02E2A40F080
:10656C00A680013FA0E0994580F0DD80BA4212D1AF
:10657C000B2B07D1DAE0BA4204D044F00304E4B2A6
:10658C0000F2D8804FEA88083A460B234FF00809EE
:10659C005FFA88F8BEE07F2D3ED944F00201CDE9C8
:1065AC0002232846CBB240F2B511009300F038FE1E
:1065BC00DDE9022310F0800F054614D07B4900F072
:1065CC007F054D5D45B129467948CDE9022307F099
:1065DC0032FFDDE9022308B300995F2541F0030186
:1065EC00C9B2009110E0FF28ECD9591E894504D39B
:1065FC0044F003049946E4B28CE006EB0901000A6E
:10660C0081F8200009F1010906EB0901009C81F8D1
:10661C00205009F101097DE00094D4E7A5F1410176
:10662C0089B2192902D848F00208EDE7A5F16101F9
:10663C0089B219299EBF203D48F00108ADB2E3E7AD
:10664C00A10700F1908008F0010344EA0313DCB2C7
:10665C0018F0040F18BF44F0080484E0620700F13E
:10666C009080B379DB0659D5019B03F13401336972
:10667C00C3F308031944019B187805F073FEB0604E
:10668C0000273368D3F80CB01AF8010B48B140F26C
:10669C00B51100F0E3FD044600283DD01F283FF65D
:1066AC0043AF04240BEB4703002F7FF453AF4FF0A1
:1066BC0000020BEB47032BF817206FB300223BF8BB
:1066CC0012001146202802F10102F8D009B92E2837
:1066DC0002D144F00304E4B233F8022D2E2A01D087
:1066EC00013FF9D14FF020334FF000097362336250
:1066FC00C6F82730C84608233BF811504A1CCDB1C8
:10670C00202D04D02E2D7FF42EAFBA4208D044F0A9
:10671C000304E4B21146EFE7062032E0052030E036
:10672C009945FFF425AF0B2B7FF425AF0B2344F0D9
:10673C000304E4B296F82020E52A04BF052286F86B
:10674C002020082B04BF4FEA88085FFA88F808F06D
:10675C000C030C2B04D008F00303032B7FF470AF55
:10676C0044F00204E4B2304686F82B40FFF71AFEE0
:10677C0000283FF473AF042803D114F0040F08BFB2
:10678C00052005B0BDE8F08F53461C789A462F2C97
:10679C0003F10103F9D05C2CF7D01F2C8CBF002423
:1067AC000124A4007EE700BF17150100F7160100B5
:1067BC00201501002DE9F04F90F82B30044613F012
:1067CC00A00889B040F0B2800768F96831F8182049
:1067DC004ABB0DF1140A04F1200696E807008AE87A
:1067EC000700DA0740F1A98040224FF0010B974DCA
:1067FC0084F82B20B4469AE80700D7F80CE0ACE8F4
:10680C000300BBF1050F2CF8022B4FEA12428CF857
:10681C0000200BD95A46AEF1020030F8021F0029B5
:10682C0051D192B204E008F10108CFE71FFA8BF2C4
:10683C00D446072102F00F0E0EF13000392888BF24
:10684C000EF13700013991460CF8010D4FEA121286
:10685C0002D0B9F10F0FEDD87E2001F120026A446D
:10686C0002F8140C002204F11F008A4206D010F822
:10687C0001CF02F1010EBCF1200F34D11F322244A2
:10688C0004F1270C07298FBF202001F12000684458
:10689C0010F8140C98BF013102F8010F9445F1D196
:1068AC0020460193FFF77EFD019B8146002840D1D5
:1068BC000BF1010BBBF1640F9CD14FF0070948465B
:1068CC0009B0BDE8F08F4FF0100C01F0010E0EEB8B
:1068DC00420212F4803F18BF6A40BCF1010C4FEA2F
:1068EC005101F2D199E77246BFE78046012120465B
:1068FC0005F045FE8146002835D00428DDD0DEE7C2
:10690C0001462022E06907F07EFD03CEE3691860A2
:10691C005960B27831889A72198194F82B30E269F7
:10692C0003F01803137301233B71C8E74FF00609FA
:10693C00C5E70428C3D184F82B309B0742BF0D2335
:10694C0008F10C05B5FBF3F54FF00001204658BFDC
:10695C000125D4F800A048BF013505F065FE81463D
:10696C000028ACD180465046A16905F043FC0028B4
:10697C0069D1E3691B78E52B01D0002BB5D108F167
:10698C0001084545B2D1013D55D021692046A1EB06
:10699C00451105F049FE8146002890D1304605F09E
:1069AC00E5FA4FF6FF7801903846A16905F022FC14
:1069BC008146002883D1E369019AD7F80CE05A7319
:1069CC004FF00F024FF00D0CE9B2DA724A1E0CFBBD
:1069DC0002F28446DFF878A018739876D876404592
:1069EC0018BF3EF812001AF8019B0CF1010C03F8C9
:1069FC00090018BF013203EB090B4FEA10290028DC
:106A0C0008BF4046BCF10D0F8BF80190E7D1404513
:106A1C0002D03EF812200AB941F04001197001234E
:106A2C00002120463B7105F0AAFD814600287FF429
:106A3C0046AF013DB8D13846A16905F0DBFB814674
:106A4C0000283FF45DAF4FF0010938E72110010039
:106A5C00771701001FB5CDE9001003A81446039168
:106A6C00FFF77CFA013014D00B4B1A6812B10021DD
:106A7C0019601170019A12B100211A6011802CB1A9
:106A8C000022684601A9FFF7EFFA0446204604B03D
:106A9C0010BD0B24FAE700BFAC0C00202DE9F04F21
:106AAC0091B0099009A80D4693460693FFF756FA44
:106ABC00013000F0B982AB4B1B680BB100221A708D
:106ACC00002006F0EDFBC20700F1B082430700F195
:106ADC00AF82A54B002D08BF1D4668680B9018B9F6
:106AEC0003210BAA00F06AFB0B9A531EB3F5004F5F
:106AFC0001D21A4201D001230B936B78D5F8089080
:106B0C000193013B012B019B88BF0123019309F1E8
:106B1C00FF33B3F5004F2BD219F00F0F18BF4FF402
:106B2C000079EC68B4F1807F25D8631E234218BF2E
:106B3C000024069BB3F5007FC0F07C82BBF1000FF4
:106B4C0000F07882002001210CAA2D780C9000F026
:106B5C0035FB002840F00C8315F0080305930CD18D
:106B6C000C9B3F2B75D93F3B0C933F23029305E0C5
:106B7C004FF40079D5E70024DBE70290DDF8308094
:106B8C00B8F17F0F63D9B4F5813F2CBF8024640A20
:106B9C0015F0020105F001035DD0C3F10303DBB274
:106BAC004FEA491207920B9A032B02F1FF3008901F
:106BBC00C2F1000E7CD1002C53D101246B4B4FEA57
:106BCC00584033F8022B12B182424CD90022B8FB48
:106BDC00F4F3980000F20720400A0390A3F57F43DA
:106BEC006348F63B834232D800234FF0200A03253A
:106BFC000493029B01980AEB0306039B032D00FBF5
:106C0C000360049B1844089B034403EA0E03A3EBA4
:106C1C0000032CD19A441E44029BC3EB041303447F
:106C2C00984514D3049B0198A8EB0307039BA7EB8F
:106C3C000A0700FB1377032DB7FBF4F72AD14FF6A5
:106C4C00F5739F4200F210820AB9012C08D80E206D
:106C5C008FE2059B8AE7002B00F0EE8102239FE771
:106C6C0064082246B3E76400ABE75B0027E0019FB2
:106C7C00DDF804C0B3FBF7F70CFB17371FB1013B72
:106C8C000AF1010A0136019FB3FBF7F3039F1F447E
:106C9C000397C1E7022D40F0E1814FF6F5739F4257
:106CAC0032D9002A40F0CA816400402C00F2CB811A
:106CBC00002C40F0CE8101232E484FEA183530F8D5
:106CCC00022B0AB1AA42D0D9B8FBF3F240F6F57008
:106CDC0082429BBF02EB42020132023252088CBF4D
:106CEC005200033202F2FF124FEA52220392079A29
:106CFC0088BF02254FEA5222049298BF01252246F2
:106D0C004FF0010A1C4674E740F6F5739F4200F2FF
:106D1C00AB81002A9BD16400802CC9D997E74146EE
:106D2C000BF1200005F00FF9D3E10BF1270005F072
:106D3C000AF9039B0BF12B028BF81630C3F30723D4
:106D4C008BF8173080238BF8243029238BF82630CE
:106D5C00094B03F1100153F8040B8B4242F8040B5E
:106D6C00F9D1EFE1AC0C0020C0F5000052F60000A8
:106D7C00FFFFFE0F44F6000047150100032D39D12B
:106D8C00029A01235946063200F00EFA4FF40072B3
:106D9C004146584607F037FB5223412272218BF8AB
:106DAC0000308BF8013061238BF803208BF8023014
:106DBC008BF8E4118BF8E5118BF8E6218BF8E731B1
:106DCC00791E0BF5F47005F0BEF80223029A5946B1
:106DDC008BF8EC310732012340468BF8FEA18BF87F
:106DEC00FF9100F0E1F90123029A594640461A44FA
:106DFC0000F0DAF9069B00211A4658466FF3080298
:106E0C004FEA532907F0FFFA012D934B18BF6FF08F
:106E1C0007034FF0000A0293032D40F0DA80F823A9
:106E2C008BF80030FF238BF801308BF802308BF895
:106E3C0003308BF804308BF805308BF806308BF868
:106E4C0007308BF808308BF809308BF80A300F2399
:106E5C008BF80B30039F4F45B84628BFC8465946A0
:106E6C0043463246002000F09FF90146002840F0CE
:106E7C007F814FF40072584607F0C5FAB7EB08074C
:106E8C004644E8D1019A0AF101039A424FF0010AF3
:106E9C00C2D8049B032D08BF23460493049C32469E
:106EAC004C4528BF4C4659462346002000F07CF93F
:106EBC00002840F05D81049B26441B1B0493EDD1FC
:106ECC00032D00F08B800C9BB3F5803F80F0898004
:106EDC00022D14BF4FF001094FF00409059B002B44
:106EEC0040F099800C9B01210E93059B0DAA18462E
:106EFC000F9300F063F9002840F03A810523082431
:106F0C004FF63E420D9FB7FBF4F191426CD83F26F1
:106F1C004FF400720021584607F075FA0BF5FB731D
:106F2C000BF5E3720DF1380A0193B74264D9DAF824
:106F3C000050642D05D81BBF6421B7FBF1F13D4611
:106F4C004D4315EB06082CBF01210021474501D309
:106F5C0000294FD0B846BD1B3146104604F0F3FF54
:106F6C002946101D04F0EFFF3F23B6FBF3F1B1FBF4
:106F7C00F4F004FB1015C1EB8111711A02F8075CD7
:106F8C00850825F03F050131294302F8061C08F15C
:106F9C00FF31B1FBF3F502F8050CB5FBF4F004FB83
:106FAC001056C5EB8515491B8508013125F03F05A9
:106FBC00294302F8021C019902F8049C914202F840
:106FCC00036C02F8010C17D046460AF1040A103281
:106FDC00ABE75846029904F0B6FF3BE74FF00C09BB
:106FEC007CE74FF0060979E76400013BE4B28AD1F3
:106FFC00FF248CE7002DAFD1552300228BF8FE31F6
:10700C00AA2359468BF8FF311046012300F0CCF827
:10701C00002840F0AD8000221146104600F0CEF85A
:10702C00003818BF0120A4E00B20A2E00320A0E050
:10703C000A209EE011209CE013209AE000293FF4E6
:10704C0006AE1446C3E500297FF4B7AD802C3FF69D
:10705C00FEAD234638E600BFF8FFFF0040F6F5739F
:10706C009F423FF6F4AD01254FF4007200215846C3
:10707C0007F0C9F9404B032D1A6808BF4FF00009FF
:10708C00CBF800205A688BF80EA0CBF804201A8994
:10709C009B7ACAF3072A8BF80A3002238BF80C3040
:1070AC00019B8BF81190B8F5803FC9F30729ABF819
:1070BC0008208BF80D408BF80FA08BF810308BF854
:1070CC001290BFF42CAEC8F307238BF813808BF807
:1070DC001430F8238BF815303F238BF81830FF232E
:1070EC00029908F1B4488BF81A300BF11C0004F02B
:1070FC002AFF08F50418032D41467FF416AE0BF158
:10710C00430004F020FF03990BF1240004F01BFF53
:10711C0002238BF82C3001238BF8303006238BF8AC
:10712C00323080238BF8403029238BF84230134BBC
:10713C000BF1470203F1100153F8040B8B4242F898
:10714C00040BF9D14FF0550A4FF0AA0919889B7816
:10715C0011809370594601230020029A8BF8FEA1EE
:10716C008BF8FF9100F020F8804600283FF406AE23
:10717C00012011B0BDE8F08F271501003315010077
:10718C0008B5034803F0ECFC003818BF012008BD1B
:10719C00B9FD000008B5034803F0F0FC003818BF37
:1071AC00012008BDB9FD000008B5034803F0FDFC43
:1071BC00003818BF012008BDB9FD0000002313B52D
:1071CC0014460193052925D8DFE801F0030B0D1BAC
:1071DC00241D05211148FAF743FE003818BF012081
:1071EC000CE00121F6E702210C4801AAFAF738FE5F
:1071FC0090B9019BB3F5803F0ED22380C0B202B090
:10720C0010BD0421E6E712780AB90721E2E7002253
:10721C000621DFE70420F1E70120EFE7B9FD0000CC
:10722C007F2801D880B27047B0F5803F11D240F270
:10723C00B51399420DD10023074A32F8021B814243
:10724C0001D19BB202E00133802BF6D18033D8B24E
:10725C0070470020704700BF0EF900007F280DD941
:10726C0040F2B513994208D1FF2806D8044B00F11F
:10727C000040803833F8100070470020704700BF82
:10728C000EF90000B0F5803FF0B522D21F4A20491C
:10729C0083B2B3F5805F38BF0A46141D34F8042C52
:1072AC002146AAB1934213D334F8025C2E0AEFB2F2
:1072BC0052FA85F5A84223DA082E09D8DFE806F041
:1072CC00050A10131517191B1D00801A34F81030FD
:1072DC001846F0BD9A1A02F001029A1A93B2F7E717
:1072EC00103B9BB2F4E7203BFBE7303BF9E71A3B42
:1072FC00F7E70833F5E7503BF3E7A3F5E353F0E783
:10730C000434002ECAD101EB4702C6E760F6000038
:10731C001CF70000064BD3F840231C2A05D1D3F8E8
:10732C004403431E5842584170470020704700BF29
:10733C0000C0FF0003689A070CD50368DB070DD566
:10734C000922074BC3F80C250F22C3F80425012290
:10735C001A60FEE7034B0360EF3B0360704700BF0E
:10736C0000801050F000FA5008B50123404A414803
:10737C00C2F80038404AD2F840231C2A04BF3F4AC6
:10738C00C2F80C34FFF7D6FF0830FFF7D3FF0830F4
:10739C00FFF7D0FF0830FFF7CDFF00F5F470FFF7D3
:1073AC00C9FF374AD2F88C3043F44063C2F88C30B2
:1073BC000022D30003F57F0303F54043D3F80014F8
:1073CC0001310AD0D3F8001439B1D3F800140132CA
:1073DC00D3F80434402A0B60EBD1254BD3F840246E
:1073EC00002A41D0FFF796FF48B1234BD3F8342342
:1073FC00244B9A429EBF1E4B234AC3F84026FFF7EC
:10740C0089FF18B1214B224AC3F8AC27FFF782FF42
:10741C0048B13422164BC3F82426D3F83C2622F468
:10742C000022C3F83C261B4B1549D3F80026D20783
:10743C0044BF6FF00102C3F80026174BD3F8182590
:10744C0022F00302C3F81825D3F8182542F00302E2
:10745C00C3F81825D1F88C2042F44062C1F88C2076
:10746C000022C3F8A02508BDC822C3F84024B9E700
:10747C000000125000C50D5000C0FF000030055038
:10748C0000ED00E0001D0A1840E0A91E00A0085005
:10749C0078000A0400E0105000B00450014B1B6847
:1074AC00184700BFB00C002010B50C4C237993B9D1
:1074BC00012323710A4B0028206018BF184600F0E6
:1074CC00F7F850B923680748002B08BF1846BDE8E9
:1074DC00104000F039B86FF0770010BDB00C0020F0
:1074EC00A974000035D3000008B5084B1B6843B1E4
:1074FC0040F20510FBF78EF918B940F20510FBF7B6
:10750C0067F90122024B1A7008BD00BFB00C0020B5
:10751C00C130002038B504230A4C42F21075C4F86F
:10752C000833012363610023C4F80831D4F808310F
:10753C00D4F84C34DB0304D5012005F0C0FE013D2A
:10754C00F6D138BD00E01050064A13793BB9012141
:10755C0010601171044A1846C2F8403470476FF03D
:10756C0077007047B80C002000E0105010B51D4B90
:10757C001D4CD3F84C14D3F84C2411F4803F19D083
:10758C0002F00302012A01D08AB90022154BC3F87C
:10759C0040240022C3F80821D3F8082101221A61E3
:1075AC0022688AB9D3F80821002AFBD014E0FFF72F
:1075BC00B1FFEAE7D3F84824D107E6D5D3F8502435
:1075CC009207F4D422681AB10422C3F8042310BD24
:1075DC00D3F80821002AFBD00022C3F80821D3F8E5
:1075EC000831F4E700E01050B80C0020F8B5012584
:1075FC00184C194ED4F80C3303F00C0303B9F8BD36
:10760C00B3FA83F30027C3F11F039A0002F58072CB
:10761C0092B202F1A04202F58712176005FA03F14B
:10762C00022B1268D8B2C4F8081310D1D4F84C3419
:10763C00D4F84C349B070AD10423C4F84054C4F842
:10764C0004332561D4F80C3303F00C03D6E733680C
:10765C009847F7E700E01050B80C0020712238B5BD
:10766C00104B0021C3F80823012242F210745A6017
:10767C00C3F80011D3F800110B490A4DD1F840138F
:10768C001C2908BFDA60D5F80C3413F4803305D00C
:10769C00012005F014FE013CF5D138BD034A5371AD
:1076AC00FBE700BF00E0105000C0FF00C00C002042
:1076BC00054B0246187918B91A6001221A717047E5
:1076CC006FF07700704700BFC00C00200022164BF3
:1076DC00C3F81021D3F81011C3F81821D3F81811DE
:1076EC00C3F81421D3F814111049D1F840131C29F4
:1076FC0004BF01219960C3F80021D3F800210122B5
:10770C001A600B4A126852B9074BD3F80021002AB1
:10771C00FBD00022C3F80021D3F80031704771224E
:10772C00C3F80423704700BF00E0105000C0FF00F6
:10773C00C00C0020F8B50126194C1A4DD4F80C33A6
:10774C0003F0710303B9F8BDB3FA83F30021C3F15D
:10775C001F039A0002F5807292B202F1A04202F568
:10776C008712116006FA03F7042B1268D8B2C4F81A
:10777C00087308D0062B10D02B689847D4F80C331C
:10778C0003F07103DEE702236B71C4F81411D4F813
:10779C0014312023C4F80433EEE76971ECE700BF21
:1077AC0000E01050C00C0020036803F01F025F2B98
:1077BC0002604FEA53129ABF024B53F8220000208A
:1077CC00704700BFD0F50000034A4309D35C00F0BA
:1077DC001F001844C0B2704784170100F0B506466C
:1077EC00002487B0114F019117F8012B06AB03EB66
:1077FC00D20313F8143C02F00702D34013F0010338
:10780C0006D10134032CEFD10023184607B0F0BD8C
:10781C00074A03AD07CA85E8070055F824100A6A21
:10782C0046F824200A62002AEBD0EEE794170100F8
:10783C0020F20000F7B504460846FFF7C5FF04EB3D
:10784C004006B38A0D46DB072AD5204605F070FEAC
:10785C002946204605F0DDFD50B1204605F0EFFD30
:10786C000023276807EB8000C0F81035C0F81035EE
:10787C002946204605F00CFE002101A8B182019595
:10788C00FFF792FF019B00EB8300D0F88020064BA2
:10789C00134043F00203C0F88030084603B0F0BD3B
:1078AC006FF01500FAE700BFF0F0FCFF2DE9F04394
:1078BC00044685B0084615461F46FFF785FF0E4661
:1078CC00804625B3204605F0AFFD18B9204605F0DB
:1078DC00A0FD18BB04EB4809B9F8143003F01C03E5
:1078EC0013B16B78012B19D001238DF80F300023C5
:1078FC003046CDE900536A1CAB1C0DF10F0105F0AD
:10790C0030FDB9F8143043F00303A9F81430002FFC
:10791C003ED03146204605F087FD20B96FF01500AA
:10792C0005B0BDE8F0830022397823684FEA810C5A
:10793C0003EB8103C3F81025C3F8102504EB4802B0
:10794C00938A23F4604323F0200393827D78FDB166
:10795C002468B8786444D4F810750E4B2D043B4061
:10796C00C4F8103541F6F07305F4403503EA0613FC
:10797C000005D4F810752B4300F4801003433B43EF
:10798C00C4F81035938A43EA413343F020039382C1
:10799C000020C5E70FE0ECFF70B590F87440054689
:1079AC0090F8756044BB46222146143006F02BFD3E
:1079BC002146134A2B6852F836608E4212D10024AD
:1079CC0040F20D10C3F84441D3F844210D4A9342C0
:1079DC0008BFDB20FAF7FCFE0123204685F8743043
:1079EC002B6670BDCAB2920002F58070442A04BFA7
:1079FC001C501A580131E0E76FF07700F1E700BF37
:107A0C00DCF5000000A00D5090F87500024B03EB64
:107A1C00800005F070BC00BFC003002010B5064B01
:107A2C0090F875000C4603EB800005F04AFC00282A
:107A3C00A4BF2070002010BDC00300202DE9F04F22
:107A4C00804658F804BB90F87540DBF814136A4B69
:107A5C00C9B253F8342007468BB0584641F4003174
:107A6C0005F03FFD8203054639D50023CDE90733E8
:107A7C000993614BE60003EBC404636807A819463D
:107A8C000093FFF7ABFE331D03934FF0000A5B4BE3
:107A9C000DF11C090293029A574912F8013B02920C
:107AAC00039A02EBD3028A5C03F0070322FA03F376
:107ABC00DB071AD40AF1010ABAF1030F09F1040920
:107ACC00E9D14FF400310022584605F00AFD009927
:107ADC0007A8FFF783FE0028D7D125F40035012431
:107AEC00002D73D10BB0BDE8F08F454B534404937C
:107AFC00D9F80060002EDDD096FAA6F6B6FA86F616
:107B0C00049B1C7846EA44142046FFF75DFE07EB05
:107B1C004000818AF208C1F382030593019301238B
:107B2C0019F8020006F0070603FA06F620EA06002A
:107B3C0009F8020006A80694FFF736FE069A11F023
:107B4C00100F02F1200250F82260059BC6F301468B
:107B5C0023D04046019A214605F07BFC06A80694EA
:107B6C00FFF722FE069BF6B2203350F82330C3F306
:107B7C0001439E4207D10021204605F03BFC3146D3
:107B8C00204605F037FC06A80694FFF70DFE0122EF
:107B9C00069B02FA03F30362AAE7022E14BF02212A
:107BAC0003212046059305F025FC059B032B03D0F0
:107BBC00022E07D1012BE6D121464046019A05F051
:107BCC0048FCE0E7032EDED1022BF4E795FAA5F38F
:107BDC00B3FA83F304FA03F225EA020503F5A27261
:107BEC005BF8222007EB43034046B3F86410C2F362
:107BFC00014205F02EFC73E7DCF500009417010040
:107C0C00941701000123034A03FA00F0936803431D
:107C1C00936070476000002073B504460191EFF348
:107C2C001186202383F31288BFF36F8F0B4D019BBA
:107C3C006A6801A81340019305F043FB002807DB99
:107C4C0001226B68824023EA02036B6020700020E3
:107C5C0086F31188BFF36F8F02B070BD60000020F7
:107C6C004FF0FF326FF0404330B5044CD4E90001C3
:107C7C00824273EB0105F9D330BD00BF40270E5093
:107C8C0030B50C25074B1C1894F8544005FB0433F5
:107C9C00C3E9031218750123034A8340C2F8243345
:107CAC0030BD00BF6000002000200E50F8B53E4CE7
:107CBC002278002A72D13D4BD3F8101521F0020125
:107CCC00C3F81015D3F8101541F00101C3F81015C5
:107CDC000521C3F8A4160421C3F8AC1607236721A9
:107CEC0001F001000244013BD2B24FEA5101F7D13D
:107CFC00052A56D119464FF0010C2B4E0025672052
:107D0C00CFB204E00CFA02F220EA0200013590FA3C
:107D1C00A0F25FFA85FEBE45B2FA82F2F2D30131CF
:107D2C0032750529224482F8547006F10C06E5D10F
:107D3C00012100251E489A0801FA02F212F0670F81
:107D4C0018BF1D500433302BF5D1E420FAF740FD59
:107D5C00164B1849D3F8102503F5C07322F0020214
:107D6C00C3F8902340F6FF72C3F8A82100221A60D2
:107D7C00A3F5807004338B420260F8D101250B4BC4
:107D8C000D4A1D660D4B5D201B68B3FBF2F3584387
:107D9C000B4B2B43984700202570F8BD6FF07700F4
:107DAC00FBE76FF08B00F8E76000002000200E501E
:107DBC0000210E50B0210E5040420F00BC03002099
:107DCC0040F2000038B5244B0D46D3F8102594072B
:107DDC003CD4D3F8102542F00202C3F81025C0B1F0
:107DEC00D3F8482712F0010202BFD3F8481741F02C
:107DFC000101C3F84817184BD3F84017D3F84417B0
:107E0C004800F9D42AB9D3F8482722F00102C3F864
:107E1C004827124B124A1B68B3FBF2F30E4A03EBD2
:107E2C004313B3B1D2F84017D2F8441749000BD41E
:107E3C004FF0FF312846FFF7EFFE044610B92878C3
:107E4C00FFF7E0FE204638BD013BEAE76FF0770410
:107E5C00F8E76FF07304F5E700200E50BC03002028
:107E6C0040420F0070B51E461546174A9DF810107B
:107E7C00131893F854300C3302EBC30442F833500C
:107E8C006660C6F313020401A1B104F1A04404F529
:107E9C006224C4F82055C4F824250C4C80000444FA
:107EAC00236833B1FFF7DCFEA842B14101D20023B5
:107EBC00236070BD04F1A04303F56223C3F8205581
:107ECC00C3F82425F5E700BF6000002000210E5008
:107EDC00F0B50E4D2B1893F8543000010C3355F8B7
:107EEC00334005EBC3077E68641800F1A04021F015
:107EFC00004146F1000641EAC27100F5622045F8E6
:107F0C0033407E60C0F82815F0BD00BF6000002033
:107F1C00F7B5284B284CD3F82C6304F188070EB91D
:107F2C0003B0F0BD96FAA6F00123B0FA80F08340BE
:107F3C00DA43224926EA0306231893F854508300A7
:107F4C0019440C2303FB0543DB6873B3D7E8EF3FFD
:107F5C0003EA020CC7E8EECFBEF1000FF6D1C34026
:107F6C00DB0719D5020102F1A04202F56222D2F818
:107F7C002435D2F82025D1F800C0BCF1000FCED0AA
:107F8C004FF0000CC1F800C00C2101FB054529691C
:107F9C000091E9688847C2E705F10C0304EBC30CB8
:107FAC0054F83320DCF80430E5E70A68002AB6D030
:107FBC000B60B4E700200E506000002000210E5032
:107FCC0010B5184BD3F80443E1040AD5D3F830218B
:107FDC003AB10022C3F83021D3F83031124B1B6870
:107FEC009847A2040BD50F4BD3F834213AB100209B
:107FFC00C3F83401D3F834310C4B1B689847630435
:10800C000ED5084BD3F8382152B10022C3F83821D1
:10801C00D3F83831054B0120BDE810401B681847D8
:10802C0010BD00BF00E01050CC0C0020C80C00208C
:10803C00044B40EA0120C3F80005D3F80024D20712
:10804C00FBD5704700B00450036803F01F025F2B90
:10805C0002604FEA53129ABF024B53F822000020E1
:10806C00704700BFECF5000010B50B4B04680B4AD1
:10807C000B48844208BF1346B3FBF1F001FB1033ED
:10808C00834206D2C30704D47E288CBF0020012073
:10809C0010BD0020FCE700BF0024F4000020A10765
:1080AC0000A0045073B51646421C1C460546069BA0
:1080BC0018D0012902D1BBB105F0DCFB01A8019558
:1080CC00FFF7C2FF019B240200EB8300D0F8802055
:1080DC00074B44EA86040C4313401C4344EA410119
:1080EC00C0F8801002B070BD05F0D0FBE6E700BF11
:1080FC00F0F0FCFF2DE9F04F91F8213005460C46CD
:10810C0085B0002B00F0BA8091F822706A4A296879
:10811C006A4E6B486369914208BF064694F8232067
:10812C00B6FBF3F695F8223062F3000385F82230A3
:10813C00227CDBB262F3410385F8223094F8238071
:10814C00B8F1000F34D162695E4B01219A4214BF21
:10815C004FF005094FF00F09237E4246012B94BFC7
:10816C0000230123009320684B46FFF79BFFCDF8BB
:10817C0000804B46424601216068FFF793FFCDF823
:10818C0000804B464146A27EA068FFF78BFF237C04
:10819C00424683F00103009301214B46E068FFF750
:1081AC0081FF012100914B464246E069FFF77AFFBF
:1081BC0094F82130002B63D04FF0FF336B62637E59
:1081CC0094F8211094F81280207E0393002961D03A
:1081DC00D4F80CC0217C94F8249094F820E02B68FF
:1081EC00B9F1000F12D1D4E901BAD4F81C9022686D
:1081FC00C3F80026C3F804B6C3F808A6C3F80C9657
:10820C00C3F810C6C3F8B815C3F8B075039AC3F811
:10821C00C085003A18BF01220228C3F82C653CD057
:10822C0003283DD0012801D142F00202C3F85425A5
:10823C00C3F8ACE5244BD3F840331C2B14D1022EDD
:10824C0031D9237E13F0FD0F2DD176080136F6B20D
:10825C00BE4238BF3E462B68C3F8B06595F8223055
:10826C0043F0040385F822306B680BB32868C0F325
:10827C00083005B0BDE8F04FFAF7AABA022745E777
:10828C00E3686B62227C95F8223062F3410385F837
:10829C00223094E74FF0FF3C9DE742F00402C5E723
:1082AC0042F00602C2E795F8223023F00403D9E726
:1082BC0005B0BDE8F08F00BF00A004500024F4000E
:1082CC000020A1070048E80100C0FF00431C07B5CF
:1082DC000ED0019001A8FFF7B7FE019B00EB8300C5
:1082EC00D0F88020044B134043F00203C0F88030D8
:1082FC0003B05DF804FB00BFF0F0FCFF38B504469A
:10830C000068C0F30830FAF771FA636843B121468C
:10831C00154A51F8043BC3F80823206805F0C2FA4B
:10832C002368D3F80006D3F80416D3F8085694F84B
:10833C002230DB0714D4FFF7C9FF2846FFF7C6FF2E
:10834C000846FFF7C3FF606AFFF7C0FF2368D3F846
:10835C000C06D3F81016FFF7B9FF0846FFF7B6FF67
:10836C00002384F8203038BD0700F81F1FB50446E1
:10837C00F9F78EFA064B01220293002305491846A1
:10838C00CDE9003305F0F4FB204605F001FC00BFFD
:10839C005B150100A4F100002DE9F041054686B003
:1083AC000E46EFF31188202383F31288BFF36F8FEF
:1083BC000024042898BF234B234A98BF53F820303D
:1083CC00976888BF214B127C2149CDE90432214B9F
:1083DC0003900293012223462046CDE9004405F088
:1083EC00C7FB6EB1F369C3F308034BB11A4B0122FF
:1083FC00CDE90143204623461549009405F0B8FB0E
:10840C002FB1384605F052FC08B1037803B9134874
:10841C00134B012202930023CDE90370CDE9003305
:10842C0018460B4905F0A4FB31462846FFF79EFF82
:10843C0088F31188BFF36F8F384606B0BDE8F04162
:10844C00FAF780BAF8F50000D00C00206A1501008C
:10845C00A4F1000080150100A81501007815010099
:10846C00C915010038B50A4B53F82040013053F8B8
:10847C002050A54200D838BD606830B1037EDB07C0
:10848C0001D405F052FB0834F3E723689847FAE768
:10849C000CF60000012270B5294B86B003201A702F
:1084AC00FFF7E0FF05F041FD0420FFF7DBFF254C53
:1084BC00254D2646AE4204F130040FD300F034FCB7
:1084CC00204CAC4226D300F043FCF8F7C7FA1F4A05
:1084DC00938923F00103938106B070BD54F80C3CD2
:1084EC00059354F8103C049354F8143C039354F83B
:1084FC00183C029354F81C3C019354F8203C009314
:10850C0054E90A2354E90C0100F056FA54F8303CB3
:10851C005E65CEE7D4E90A23B3F1FF3F08BFB2F1A1
:10852C00FF3F05D052EA0301206803D105F057FC48
:10853C003034C6E70649183000F00CFEF8E700BFEF
:10854C00C23000208CF000008CF00000A005002050
:10855C0073DD0000882370B5134E012203FB006607
:10856C00002386B0CDE904230F220193CDE902321A
:10857C0014230E4D0E4903FB0055044601EB40310C
:10858C004FF4005230460B4B009500F015FA337C3B
:10859C002C7423F004033374074B013403EBC42312
:1085AC00EE606B6006B070BD18050020D00C00208A
:1085BC00C838002061DC0000C83000207FB50020E6
:1085CC00FFF750FF294B03F5006282F3088883F311
:1085DC000A880024E023264D85F82230EC772C768F
:1085EC006C76AC7685F820406B6A43F4E0236B62C2
:1085FC0085F82340FAF758F8FAF78EF94FF0FF3365
:10860C00AB62EB62FAF796FBFAF70AFAF9F718F98C
:10861C00184800F00FFA0120FFF724FF0220164D36
:10862C00FFF720FF00F0BEFB144B4FF4FA425D61E4
:10863C00134B1449059301232846CDE90343CDE997
:10864C000144114B009400F0B7F906462B7C2846E8
:10865C0023F004032B7405F063FB2046FFF77AFF2D
:10866C0031462846084AFAF737F900BFC8300020CF
:10867C0000ED00E028060020A0050020D00C002012
:10868C002B160100C8580020A184000038B5074CF7
:10869C00074DAC4201D3002038BD204605F080FACE
:1086AC0008B91C34F5E76FF01500F5E73C04002021
:1086BC007404002073B50C46EFF31181202585F36B
:1086CC001288BFF36F8FC5685DB125602B68C360DE
:1086DC00836901338361002081F31188BFF36F8FAD
:1086EC0011E052EA030603D16FF00B002560F3E7AB
:1086FC00CDE900230246083000F088FA18B9034B84
:10870C009B685B69236002B070BD00BFD00C002079
:10871C002DE9F341044617461E46EFF3118820233A
:10872C0083F31288BFF36F8F304BC2689B6872B1B2
:10873C008068984217D057EA060216D188F3118840
:10874C00BFF36F8F6FF00F0002B0BDE8F08193F9AB
:10875C000E1001322161C4E9023288F31188BFF393
:10876C006F8F0020F0E72169F3E793F90E1090F971
:10877C000E30994230DA9942A8BF194605F075FAC5
:10878C00054622464146CDE90076194800F03EFAEE
:10879C000028E6D0EFF31186202383F31288BFF371
:1087AC006F8FA068D0B1236821699C420AD04BB16D
:1087BC0093F90E309942A8BF19466FF07F03994286
:1087CC00B8BF194605F051FA40B13146084805F0DA
:1087DC00DAFA6FF00A00B7E70025D2E7002DF4D1E2
:1087EC0086F31188BFF36F8FF3E700BFD00C002026
:1087FC00C3300020F8B583680546002B40D0234ACF
:10880C00926893423FD1C368012B03D9013BC360EB
:10881C000020F8BDEFF31187202383F31288BFF3F8
:10882C006F8F0169806805F020FA2C68A54207D18A
:10883C000023C5E9023387F31188BFF36F8FE7E795
:10884C00002CF5D0D4E90032002613605A60237C4A
:10885C00C4E9006623F002032374A66004F1180037
:10886C0005F028FBAC6094F90E3020462B61C4F85F
:10887C00806005F055FA3946054805F084FAC7E7DB
:10888C006FF01500C5E74FF0FF30C2E7D00C0020A9
:10889C00C330002070B5EFF31186202383F31288C8
:1088AC00BFF36F8F0468A0421BD0D4B1D4E900325F
:1088BC00002513605A60237CC4E9005523F00203A1
:1088CC002374A56004F1180005F0F4FA2046C4F8EE
:1088DC00805005F025FA3146BDE87040064805F099
:1088EC0052BAD0E902329A4218BF0133836086F340
:1088FC001188BFF36F8F70BDC330002013B5EFF339
:10890C001181202484F31288BFF36F8F846844B1E3
:10891C00013C846081F31188BFF36F8F002002B09B
:10892C0010BD52EA030406D181F31188BFF36F8F97
:10893C006FF00F00F3E7CDE900230246014800F089
:10894C0065F9ECE7C330002070B50546EFF31186EE
:10895C00202383F31288BFF36F8F00232C68A5426A
:10896C0019D0C4B1D4E9003213605A600023227CC0
:10897C00C4E9003322F002022274A36004F118004F
:10898C0005F098FA6FF00A032046C4F8803005F021
:10899C00C7F90123E2E70022AA6023B986F3118804
:1089AC00BFF36F8F70BD3146BDE87040014805F0D4
:1089BC00EAB900BFC33000202DE9F043984685B0DA
:1089CC0000F15803C0E91633109B00268381042361
:1089DC00073222F0070503740F9B01EB05090F46C4
:1089EC0083734946C0E906668660C6730446F9F788
:1089FC0063FB0E9B073020F007002067C4E91A7553
:108A0C0002930D9BA9EB000901930C9B4A46009322
:108A1C00394643462046F9F743FF054B66659B688C
:108A2C0003B15B6F4846636705B0BDE8F08300BFD8
:108A3C00D00C0020012310B503748381002304465D
:108A4C00C0E91A3300F08AFC014B9C6010BD00BFDA
:108A5C00D00C00206FF00A01094A9368C3F880100B
:108A6C000849D8674B6843F080534B60002383F36D
:108A7C001188BFF36F8F9368D3F88000704700BFE5
:108A8C00D00C002000ED00E070B590F91020037CB4
:108A9C00002A2FDBD9062DD11A4C63F07F03224616
:108AAC00037452F8183FE169934207D1C0E90021E1
:108ABC000860E0610FE09942F8D01B68002BF5D0FC
:108ACC0093F90E6090F90E50AE42F4DD5968C0E98E
:108ADC00003108605860A569954200D005B9E56879
:108AEC00A3681A7CD20606D1DA897F2A03D9AA692F
:108AFC000AB9636170BDAB4202D0284600F0ACFAF3
:108B0C006561F7E7D00C002038B590F910200146CC
:108B1C00002A037C04DA03F07F03037405F0C8F821
:108B2C000D4D2A4652F8184FAB68944200D004B948
:108B3C00EC688B4207D01A7CD20604D1DA897F2AE2
:108B4C0001D9A2692AB1A34202D0204600F084FACE
:108B5C0023466B6138BD00BFD00C0020B3F1FF3F42
:108B6C0008BFB2F1FF3F03D00249183000F0F2BA4F
:108B7C00704700BF73DD0000034648B9EFF3058270
:108B8C0032B9064A51699268914201D0FFF762BF2F
:108B9C0083F31188BFF36F8F704700BFD00C002098
:108BAC0038B5184CA168E0690B68814214BF1A46AD
:108BBC00002249680B605960A368E1692AB9124A1E
:108BCC00C3E900210B60E3610AE092F90E5093F9BE
:108BDC000E00854212DD5168C3E900210B60536021
:108BEC00A569094B9D4200D005B9E568A3689D4273
:108BFC0002D0284600F030FA656138BD8A42DED0DA
:108C0C001268DBE7D00C0020E80C0020F8B5DDE999
:108C1C0006670D4B0C46986811460C4A1060EFF332
:108C2C001182202282F31288BFF36F8F9D68284631
:108C3C0005F050F8284632463B46FFF78FFF20469A
:108C4C00BDE8F840FFF706BFD00C0020F00C002068
:108C5C00F8B50446EFF31187202383F31288BFF392
:108C6C006F8F037C49B203F01F02002A0CBF012650
:108C7C00002635D103F07F032A4D037405F018F854
:108C8C002A46037C817363F07F03037452F8183F08
:108C9C00E869934207D1C4E900200460EC610DE05F
:108CAC009842F8D01B68002BF5D093F90EC08C4578
:108CBC00F6DD5968C4E900310C605C60AC69944223
:108CCC0000D004B9EC68AB689C4202D0204600F09E
:108CDC00C3F96C6187F31188BFF36F8F3046F8BD11
:108CEC009B071CD5856804F0E3FF81732B689D42BC
:108CFC0009D16B68C4E900531C606C60EAE76A68D0
:108D0C009A42F6D01B68002BF3D093F90E208A42BE
:108D1C00F5DD5A68C4E9003214605C60DAE78173EF
:108D2C00D8E700BFD00C0020EFF31181202383F390
:108D3C001288BFF36F8F054B9A68D37B013BD373BB
:108D4C0081F31188BFF36F8F704700BFD00C0020E8
:108D5C0070B5EFF31186202383F31288BFF36F8F66
:108D6C000F4DAB68DA7B0132DA732A4652F8184F92
:108D7C00944200D004B9EC681A7CD20604D1DA898A
:108D8C007F2A01D9A2692AB19C4202D0204600F068
:108D9C0063F923466B613046BDE87040FFF7ECBECB
:108DAC00D00C0020024B03F11802C3E906227047D5
:108DBC00D00C002070B5EFF31186202383F31288BA
:108DCC00BFF36F8F1A4CA168E0690B68814214BF26
:108DDC001A46002249680B605960A368E1692AB9F8
:108DEC00144AC3E900210B60E3610AE092F90E50CA
:108DFC0093F90E00854216DD5168C3E900210B6022
:108E0C005360A5690B4B9D4200D005B9E568A3687A
:108E1C009D4202D0284600F01FF965613046BDE83E
:108E2C007040FFF717BE8A42DAD01268D7E700BF4E
:108E3C00D00C0020E80C0020F8B550EA01030646DF
:108E4C000C4603D1FFF7B6FF0020F8BDEFF31187F6
:108E5C00202383F31288BFF36F8F124D124BA86837
:108E6C001860FFF751FEA868234632460F491830A8
:108E7C0000F070F9AA680446137C384643F00403EA
:108E8C001374FFF7E7FDAB68D3E90A23B3F1004F86
:108E9C0008BF002AD8D105F042F8201A20EAE07069
:108EAC00D3E700BFD00C0020F00C002073DD0000D5
:108EBC00014B9868704700BFD00C00202DE9F84397
:108ECC0004468789EFF31186202383F31288BFF3BE
:108EDC006F8F037C190705D586F31188BFF36F8F4D
:108EEC00BDE8F883D90943F008026FD10274A36876
:108EFC0013B1204604F0E4FE04F1180004F0DAFF8C
:108F0C00A56D04F15808A84511D04FF0000975B1B2
:108F1C00284604F0D5FE05F1180004F0CBFF2846D6
:108F2C00C5F88090FFF7B0FDA56DA845EFD1DFF82F
:108F3C00BC80D8F808309C4250D1EFF30589B9F1C8
:108F4C00000918BF4FF00109D8F81850284A95426B
:108F5C0000D00DB9D8F80C50AB4202D0284600F026
:108F6C007BF82046C8F8145001F06DFEB9F1000FE3
:108F7C0002D02048FFF75EFDD8F808309C4230D173
:108F8C00EFF305836BBBA289D20711D586F3118849
:108F9C00BFF36F8F83F31188BFF36F8F04231846D1
:108FAC0002DFEFF31186202383F31288BFF36F8F58
:108FBC003046FFF74FFDFB0792D5002383F3118852
:108FCC00BFF36F8F0423184602DF89E703F07F039A
:108FDC0043F00803037404F06BFE88E74FF00009BC
:108FEC00B2E786F31188BFF36F8FE4E7D00C002053
:108FFC00E80C002028060020027C034612F01F0219
:10900C0010D10A4988420DD00949086868B1D9893C
:10901C007F2909D893F90E20064B1B689A42B8BFDA
:10902C00002070470020704710467047180500203C
:10903C00C8030020F40C00200122044BC01A044B7E
:10904C00C0105843034B1A54704700BFB0060020A1
:10905C00ABAAAAAAC330002070B50C4B0C4D1E7CD9
:10906C00FFF7CAFF182303FB06550446284604F0F5
:10907C0021FF0022074B9A553CB1621E2846BDE8E1
:10908C0070400549D31700F065B870BDD00C0020B6
:10909C00B0060020C33000204590000038B5EFF337
:1090AC001185202383F31288BFF36F8F0F4B104A67
:1090BC009C681068A04206D1FFF7CEFF85F311889B
:1090CC00BFF36F8F38BD00211B7C1160094AD35C44
:1090DC00002BF3D02046FFF78FFF0028EED0237C27
:1090EC00DB0601D1FFF75CFD2046E5E7D00C002044
:1090FC00F00C0020C3300020024B1868984208BFC7
:10910C0000207047CC030020034B1B680BB9FCF705
:10911C00C1BE0020704700BFF80C002030B570B104
:10912C000B4B5B6898420AD0036843B1D3E9042126
:10913C00D0E90445121941EB0501C3E90421D0E93A
:10914C00003213605A600023C0E9003330BD00BF09
:10915C00CC030020B3F1FF3F08BFB2F1FF3F2DE974
:10916C00F84F0446994615461F467AD08160EFF3B6
:10917C001188202383F31288BFF36F8FB9F1000F8E
:10918C00DFF8E4A020DBFFF7BFFFDAE900270135A9
:10919C0049F100092D1849EBE07306464FF001091F
:1091AC00C4E90453AD1843EB0707FFF7A5FF0346CB
:1091BC00DFF8B8E0DEF804A0EBB9C4E900EACAF8BD
:1091CC000040CEF8044028E06FF00103DAE9001209
:1091DC005B1A4FF0FF3161EB02025B1B62EB090281
:1091EC00012B72F10001BCBF012300224FF00009DA
:1091FC00C0E90432D9E7D3E9041CD4E904208A423B
:10920C0070EB0C0B24DA891A5A686CEB0000C3E97A
:10921C000410C4E9003214605C60FFF76DFF8442F7
:10922C000ED1134B1B685BB9B9F1000F02D1FFF7DC
:10923C006BFF0646304604F026FE0021FCF73EFE8E
:10924C0088F31188BFF36F8F28463946BDE8F88F35
:10925C00521A60EB0C005345C4E90420ADD01B68D6
:10926C00AAE700252F46EFE7C8060020CC03002014
:10927C00F80C00202DE9F047DFF8A8900246C9F859
:10928C0000000D46FFF738FF00260027DFF8988016
:10929C004FEAE27ED8E9001350B1D0E9044CA24267
:1092AC007EEB0C0A1ADAA41A6CEB0E06C0E9044623
:1092BC000024521843EB0E032046C8E90023C9F8DA
:1092CC00004004F0E0FD2146FCF7F8FD85F3118821
:1092DC00BFF36F8FBDE8F047FFF7E0BE611843EBBB
:1092EC00E473C0E90467C8E90013FFF717FF012214
:1092FC004FF00043C0E9042385F31188BFF36F8F4F
:10930C0083689847EFF31185202383F31288BFF30A
:10931C006F8FD9F80020121BC9F80020FFF7ECFE64
:10932C00B6E700BFF80C0020C806002010B5EFF31C
:10933C001184202383F31288BFF36F8FFFF7E4FEB1
:10934C000346054AD2E90001181841EBE37184F396
:10935C001188BFF36F8F10BDC8060020014B436707
:10936C00704700BF7404002038B5064C064DAC4263
:10937C0001D3002038BD2046D4E9011204F0D6FDFB
:10938C001434F4E7740400208804002038B50C4C25
:10939C000C4804F002FE65780A4804F004FE0A4802
:1093AC0004F0FBFD022D08D12478E31F5C425C41E4
:1093BC00054804F0F8FD204638BD0024F8E700BF4E
:1093CC00FC0C0020D4030020EC03002010B51B4C37
:1093DC001B4804F0E2FD2378590744BF03F0FB035C
:1093EC0023709A0705D500F0B1F8237823F0020317
:1093FC002370134804F0D7FD124804F0CEFD6378B7
:10940C0013B1114804F0C7FD002304210E4863700A
:10941C0000F0B6F80B4804F0C6FD094804F0BDFD99
:10942C002378DB0705D504F0B3FD237823F0010383
:10943C0023700348BDE8104004F0B5BDFC0C0020BF
:10944C00EC030020D4030020000D002070B5FFF7C2
:10945C009DFF10B10024204670BD344804F09DFDE2
:10946C00044620B16FF08F04FFF7B0FFF3E7304DE7
:10947C002B789E0706D400F061F804462B7843F055
:10948C0002032B70294804F08EFD10B1002CE9D09A
:10949C00EAE7002CE8D1254804F07FFD04460028BB
:1094AC00E0D12B78D80706D404F070FD04462B7855
:1094BC0043F001032B701D4804F075FD0028E5D125
:1094CC00002CD1D1194804F068FD0028CAD11748E6
:1094DC002E7804F068FD0028C4D1164804F05DFD18
:1094EC0004460028BED16B783BB9F10705D512486C
:1094FC0004F04FFD022304466B700E4804F053FD3C
:10950C000028C3D1002CAFD1084804F046FD002838
:10951C00A8D12B7805485A075CBF43F004032B7085
:10952C0004F041FD002895D09CE700BFEC0300201F
:10953C00FC0C0020D4030020000D00200122024B63
:10954C00002083F8C0227047040D00202DE9F04163
:10955C000A4C002526464FF0010803272046C4F884
:10956C0020802777013504F0F4FC102D04F12C0435
:10957C00F4D1002386F8C032BDE8F081040D002040
:10958C0010B50A46044619B1024B00211B689847D6
:10959C0010BD00BF24F6000010B50C4C206804F080
:1095AC007EFE0B4A1368591C11604BB9094A4820BE
:1095BC00D2F8003443F00703C2F80034F9F708F985
:1095CC002068BDE8104004F070BE00BF0804002005
:1095DC00C80F00200080045038B5164D286804F0E0
:1095EC005EFE154B1C68013C1C60ECB94820F9F779
:1095FC00FDF80722114BC3F80823D3F8002422F0FE
:10960C000702C3F80024C3F80041D3F80021C3F8C3
:10961C000441D3F804214FF48072C3F80841D3F805
:10962C000831074BC3F888212868BDE8384004F09E
:10963C003CBE00BF08040020C80F0020008004506E
:10964C0000E100E070B5104D104E2B68B34219D0FC
:10965C00FFF7A2FF00F08CFA00F0C8FA38B104F062
:10966C00A4FC0446FFF7B8FF3CB92E6005E000F0FF
:10967C00D1F9044618B1FFF7AFFF204670BD04F0D6
:10968C004FFDEEE70024F8E7040400201173650099
:10969C000022074BC3F81021C3F80C21C3F800219A
:1096AC00C3F80421C3F80821C3F81421704700BF84
:1096BC000050045008B5FFF7EBFF01230360104B7B
:1096CC000A6832B9D3F80C211AB9D3F80821002A48
:1096DC00F6D00B687BB90B4B99420ED0A3F5847373
:1096EC00D3F80831002B14BF6FF002004FF0FF309D
:1096FC00FFF7CEFF08BD0020FAE74FF0FF30F7E789
:10970C00005004500851045038B505460C4691B130
:10971C000021012004F059F808480949C0F8005507
:10972C00C0F80445FFF7C6FF00210446084604F0C4
:10973C004CF8204638BD6FF00104FAE70050045095
:10974C0000510450034B0449C3F800050348FFF7CC
:10975C00B1BF00BF005004500451045004500450D9
:10976C0010B504460021012004F02FF8064B0749E0
:10977C00C3F800450648FFF79DFF00210446084644
:10978C0004F023F8204610BD00500450085104503A
:10979C000850045038B50C4659B1074D0749C5F867
:1097AC0000050748FFF786FF10B9D5F80835236088
:1097BC0038BD6FF00100FBE700500450105104500D
:1097CC000C5004502DE9F04F89B01C4607460D464D
:1097DC00164604F082FC0346002840F0F8807A69B3
:1097EC000090C2F3013161F305138DF8003013F0D2
:1097FC00300308D1B868800710D06FF08608404657
:10980C0009B0BDE8F08F102B08D1BDF8023023F45D
:10981C00F87343F4A873ADF8023053E0D2B2F82ACF
:10982C002ED100224FF0010B904610469446D7F8EB
:10983C0008E0DFF8D09159F804AB1EEA0A0F08D003
:10984C000BFA0CF242EA080202F07F08012240EA0D
:10985C000A000CF1010CBCF1070FECD12AB19DF8F8
:10986C00032068F347028DF803203EEA000007D17D
:10987C007A88FF2A0FD006D8802A35D0C02A35D056
:10988C006FF08508BBE7B2F5807F31D0B2F5C07FB1
:10989C00F6D1062200E003229DF8020062F30610C6
:1098AC008DF8020013B91EF0030FA6D13B79022BE1
:1098BC002BD01FD8012BA0D1BDF8022063F3C81206
:1098CC00ADF80220012938D0032923D0002994D1E6
:1098DC003B88B3F5105FD3D1182C03D0202C01D0CA
:1098EC00102C8AD1484F2CE00122D5E70222D3E775
:1098FC000422D1E7032B02D0FF2B7FF47EAF022290
:10990C00BDF8023062F3C81385E7BDF8023043F4AA
:10991C00C07380E7202C05D006D8102C02D0182C50
:10992C007FF46BAF394F0CE024F02003412B01D0B6
:10993C00302CF5E70136013CF4E7302C7FF45DAFB9
:10994C00334F4FF000080F344FEA141905EB0800A1
:10995C0004F0A1FB002852D008F10108C145F5D153
:10996C001F2C2ED11C22002101A804F04CFD4FF01D
:10997C00000B4FF0FF3A07EB0B124FEA0B1306925A
:10998C00BBF1000F26D1009A0792BDF80220334498
:10999C00C2F3C11205920DF1040C03F1100E6246D4
:1099AC0018685968083303C273459446F7D101A966
:1099BC0005EB0B00FFF7A8FE804670B104F08DFBA1
:1099CC0005E04946284604F070FB0028CAD06FF029
:1099DC00920814E7CDF81CA0D7E71C2101A80BF1C5
:1099EC00010B04F084FCD945C5D11F2C3FF407AF03
:1099FC00BA20FFF7B5FE00283FF401AFE7E76FF0A0
:109A0C008A08FCE628F60000400081510000002086
:109A1C001084045010B590B01C22002101A804F051
:109A2C00F2FCF82004F037FB00B3202200200DEBF1
:109A3C00020100F08DF90446F0B94FF48071104A20
:109A4C00104B01A8CDE901230F4BCDE903130F4BAC
:109A5C00F821069320230DEB0302FFF7B3FE202120
:109A6C0004460DEB010004F042FC05E0F92004F083
:109A7C0012FB0028D9D10446204610B010BD00BFFF
:109A8C0000240001014B4E800010C004F800FF7F41
:109A9C0010B50446FFF780FD104B186804F0FFFB6F
:109AAC000CB101232370BFF35F8F4FF0A343002051
:109ABC00D861BFF35F8FBFF35F8F4FF0FF321A6334
:109ACC00BFF35F8FBFF35F8F3422DA61BFF35F8F19
:109ADC000122034BC3F8042310BD00BF0C0400206B
:109AEC000080045010B5044608B1037843B1FFF769
:109AFC0073FD044B186804F0D8FB0CB100232370E1
:109B0C0010BD00BF0C04002038B5164CD4F8005121
:109B1C00C5B1BFF35F8F4FF0A343996ABFF35F8F5B
:109B2C00BFF35F8F4FF0FF321A63BFF35F8F0023D9
:109B3C00C4F80031D4F800310B4B1868BDE838403C
:109B4C0004F0C6BBD4F8083153B100F069F804F046
:109B5C00FEFAC4F80851D4F808310121034BECE7A4
:109B6C0038BD00BF008004501404002010040020F5
:109B7C0008B5074B186804F09AFB064B186804F0FC
:109B8C0096FBBDE80840002248201146F8F750BE6D
:109B9C00140400201004002038B5094B1C7864B163
:109BAC00084B4FF0FF311D68284604F082FB4FF044
:109BBC00FF310446284604F089FB204638BD00BF1F
:109BCC00C23000201404002010B5064CE36C3BB9E5
:109BDC00214651F84C3B986904F0BDFA0123E3642B
:109BEC00014810BDCC0F00201810002010B50A4BF6
:109BFC000A4C236003F5C04363602461FFF7E4FF64
:109C0C00236D0020B3F5007FCCBF4FF480634FF47D
:109C1C000073A36010BD00BF00208051CC0F00204A
:109C2C0000487047CC0F002000212DE9F043064678
:109C3C0095B00846FFF72CFF0DF12705044625F0DB
:109C4C001F0520B115B0BDE8F04304F0AEB94FF0DC
:109C5C001009DFF88080012210211F4804F011FA4E
:109C6C001D4A2B19009320211023CDF80490A2F14A
:109C7C00200000F00DF9074650B10020FFF732FF2D
:109C8C00384604F092F90746384615B0BDE8F08323
:109C9C00D8E90C321034013342F10002302CC8E9FF
:109CAC000C32D8D1FFF71EFF26B12246314628468A
:109CBC0004F0DAF92E46074C0FCE0FC496E80F00CD
:109CCC00203584E80F0095E80F00103484E80F006D
:109CDC00DAE700BFD0060020F0060020F0B5194DE1
:109CEC00194FAB6B8DB0BB4229D0184E306804F0C5
:109CFC00D6FA402300221946284604F0EDFA30210A
:109D0C00684604F04EFA044678B96846FFF78CFFB3
:109D1C00044690B9302302461946684604F0DCFA32
:109D2C0001220023C5E90C23AF63306804F0BDFAAF
:109D3C00204604F03AF90DB0F0BD0E24F5E70020F2
:109D4C00F9E700BFD0060020B4A5B4A51804002084
:109D5C002DE9F04F99B00DF1570902F10F0A0446A5
:109D6C008846154629F01F094FEA1A1A32B1002904
:109D7C0000F08580B2F5803F00F28180414F424E69
:109D8C00386804F08CFAD6E90C32134308D120461B
:109D9C00FFF7A4FF044618B1386804F086FA5AE0BD
:109DAC00D6E90C231AEB020243F10003B3F5803F12
:109DBC0014D3302102A804F0F4F9F8B902A8FFF783
:109DCC0033FF04460028E7D130230246194602A887
:109DDC0004F082FA00220023C6E90C230021084675
:109DEC00FFF756FE044660B910249DB92846FFF7CC
:109DFC0079FE2846FFF718FF0446CDE76FF0920472
:109E0C00CAE7386804F051FA204619B0BDE8F04FA3
:109E1C0004F0CBB8102D4FF001024FF010011B488D
:109E2C00AB4628BF4FF0100B04F02BF9174A102348
:109E3C002021CDE90094A2F1200000F029F88246FF
:109E4C0068B10020FFF74EFE386804F02EFA504639
:109E5C0004F0ABF80446204619B0BDE8F08F5A4622
:109E6C004046494604F0C2FAD6E90C32013342F1BD
:109E7C000002C6E90C32A5EB0B05D844B5E76FF030
:109E8C008604E8E718040020D0060020F006002025
:109E9C0037B54FF480740194214C41F00051A1610D
:109EAC0040F6110143F00053A3622123E16104F158
:109EBC002001616101212262E362069A194B01AD16
:109ECC001A60079A256042F000521125C3E901126D
:109EDC002022DFF854C02061C4E902C504F110054A
:109EEC0065606162DA60BFF35F8F4FF0A34214606C
:109EFC00BFF35F8FBFF35F8F1361BFF35F8FBFF350
:109F0C005F8F03235363BFF35F8FBFF35F8F936345
:109F1C00BFF35F8F04F092F9431CFBD003B030BD4C
:109F2C00481000203810002004000020BFF35F8F81
:109F3C00094A1368BFF35F8F43F48071BFF35F8FDF
:109F4C001160BFF35F8F23F48073BFF35F8F1360D7
:109F5C00BFF35F8F704700BF0010805108B5FFF74B
:109F6C00E5FFBFF35F8F064A1368BFF35F8F43F0C3
:109F7C000103BFF35F8F1360BFF35F8F08BD00BF9A
:109F8C000010805170B50026C0E9006605460C46ED
:109F9C00FFF702FB01232B70FFF7C8FFBFF35F8FA6
:109FAC00204BDB68BFF35F8F9B08013BACB322688F
:109FBC0042B19A4205D9FFF70FFB6FF03F002E70AC
:109FCC0070BD1346D4E90115E068002908BF4FF4B1
:109FDC000071002808BFF1202469BFF35F8F114A7C
:109FEC009360BFF35F8FBFF35F8F1564BFF35F8F19
:109FFC00BFF35F8F5064BFF35F8FBFF35F8F51630D
:10A00C00BFF35F8F44F4802444F00104BFF35F8FEF
:10A01C001460BFF35F8F0020D2E74FF40071F12082
:10A02C002546DAE70010805170B503780D461446CA
:10A03C00002B52D0BFF35F8F2C4A136BBFF35F8F93
:10A04C0003F00E010A294BD013F00C0F02D14FF084
:10A05C00FF3070BD4368D3B9BFF35F8F5368BFF354
:10A06C005F8F032BF3D9224B2249BFF35F8FD2F8BA
:10A07C008060BFF35F8FBFF35F8F43F8046BBFF358
:10A08C005F8F8B42F1D1FFF769FF01234360BFF370
:10A09C005F8F164B9A68BFF35F8F0132B4EB021FD0
:10A0AC0021D8BFF35F8F5A68BFF35F8FB4EB820F79
:10A0BC00CDD884B1BFF35F8FD3F88020BFF35F8F0F
:10A0CC00291D05F8012BA9424FEA122204F1FF3495
:10A0DC00EFD0002CF5D10020BBE76FF02000B8E7E3
:10A0EC006FF05100B5E76FF03F00B2E70010805100
:10A0FC00101080512010805173B50446EFF3118677
:10A10C00202383F31288BFF36F8F8368594003EACF
:10A11C0002050A4053400022009309496B46019204
:10A12C0003F07DFEDDE9003223EA020304F10C00AA
:10A13C003146A36003F027FE284602B070BD00BF75
:10A14C0099E300000CB430B58BB004460D462022C8
:10A15C00002102A804F057F90223002D06948DF873
:10A16C000A300C4B039312DB01D06B1E1C440FAA5C
:10A17C000E9902A80794019200F00EF815B1069BF7
:10A18C0000221A700BB0BDE8304002B070470024BA
:10A19C00EDE700BF6BE500002DE9F04F43688BB095
:10A1AC0080469246009383789C0740F1F980002505
:10A1BC000878002800F0F68025280AD04B1C019363
:10A1CC0001354146009B98470028C0F2E380019975
:10A1DC00EEE74E788B1C252E0193F1D000270A2236
:10A1EC00B9463C461F2C22D8A6F12003102B20D8B0
:10A1FC00DFE803F0141F1F1A1F1F1F0B1F1F1F1256
:10A20C001F171F1F090044F00104019B13F8016B79
:10A21C000193002EE6D13AE044F0020444F0040429
:10A22C00F3E744F00804F0E744F01004EDE77F2C6A
:10A23C0024D8A6F13003092B08D860064EBF02FBC8
:10A24C00073744F0200402FB0939DEE72A2E0DD132
:10A25C0061065AF8043B53D4002BA7BF44F02004EA
:10A26C009946C3F1000944F02804CEE72E2E05D1FF
:10A27C00630600F1978044F04004C6E76C2E2ED0A4
:10A28C0028D8682E32D06A2E37D04C2E35D0002FDD
:10A29C0046F02003B8BF24F04004A3F16502BCBF14
:10A2AC000027A4B2022A01D9612B2BD10AF1070A8B
:10A2BC0007279D4E2AF0070A0AF1080A210760D5E4
:10A2CC0006EB070B34465C455DD1AE1BA9EB0709C9
:10A2DC00A21959E1742E98D07A2E96D0D7E726067B
:10A2EC0048BF44F4007444F080048EE7E00548BF96
:10A2FC0044F4007444F4807487E744F4207484E7D5
:10A30C001F4682E7A6F16302122A00F2D880DFE82A
:10A31C0012F013004D00D600D600D600D6004D002A
:10A32C00D600D600D600D600D600E800D100D60064
:10A33C00D6001A00D600A0005AF8043B012704AE40
:10A34C008DF81030BAE75AF8046B784B002E08BF22
:10A35C001E4614F0400F304614BF39464FF0FF3103
:10A36C0004F09BF80746A9E741462020009B98473C
:10A37C0000280FDB013CA742F6D34D44A1462D1B10
:10A38C009EE74C46F7E7414614F8010B009B9847B3
:10A39C00002898DA98F8023043F0040388F8023069
:10A3AC004FF0FF3528460BB0BDE8F08F220630D5B4
:10A3BC00A3052AD50AF1070A2AF007039A46596819
:10A3CC005AF8080B24F0100B00291FFA8BFB2FDA1C
:10A3DC0040424BF4806B61EB410104AC0A232246F2
:10A3EC0004F067F81BF0400FA0EB040200F08E8025
:10A3FC002BF001049742A4B240F38F80002E40F062
:10A40C008E802BF01104A4B21DE05AF8040BC11776
:10A41C00D8E7E0055AF8041B01D40846F7E7A20573
:10A42C0047BF48B241F3C01108B241F3C031C9E78C
:10A43C0050EA0103D1D16306CFD5002FCDD124F042
:10A44C0011043A46A4B23B4640F206410C4262D19A
:10A45C0024E024F010040A23A4B214F0800243D0A8
:10A46C0014F4007117BF0AF1070A5AF8040B2AF00A
:10A47C00070292461CBF51685AF8080B50EA0102B9
:10A48C003ED124F0160B62061FFA8BFB3CD5002F35
:10A49C003AD124F017043A463B46A4B221075AD4C9
:10A4AC00E10705D5994572DDA9EB03039F184B46CF
:10A4BC009B464AE044F0100410237826CDE7782B15
:10A4CC0004D1C6F1780343F01003C6E741462520BA
:10A4DC00009B98470028FFF65DAF02354146304699
:10A4EC0070E608230026B8E714F480715AF8040BC0
:10A4FC00C4D014F400711ABFC0B2114680B2BDE7CB
:10A50C0024F006041FFA84FB04AC68E713465C468F
:10A51C00E10699D52EB90133C0E71346F8E73B465F
:10A52C00F6E70233BAE700BF411601003A16010004
:10A53C00CDE9023241462020009B98470028FFF6C7
:10A54C0029AF0BF1010BDDE90232D945F0DCEB1A36
:10A55C0003EB0B055B46E10627D541463020CDE9E0
:10A56C000232009B98470028FFF614AFDDE9023257
:10A57C007EB901352F44791B8A4229DB144604AE7F
:10A58C0094BB2A44A9EB03091546914440E01746B5
:10A59C008EE7023541463046CDE90232009B9847A2
:10A5AC000028DDE90232E5DAF4E640F206410C421D
:10A5BC00E0D014F0020F05F10105414614BF2B2029
:10A5CC00202014F4806FCDE9023218BF2D20E5E76E
:10A5DC00CDE902324146009B3020013598470028D6
:10A5EC00DDE90232C7DAD5E6013C4146CDE902325B
:10A5FC00305D009B98470028DDE90232C0DAC9E6DD
:10A60C0041462020009B013598470028FFF6C2AE3A
:10A61C00A9EB0503002BF3DCD9E500BF704738B577
:10A62C0003F081FC4FF47A74A0FB040547F6122268
:10A63C00002304FB0151F5F71BFF38BD00EBC100F3
:10A64C00408840087047F8B50346FFF7F7FFB0FAAB
:10A65C0080F0C0F11F0003EB800CDCF81060CA0026
:10A66C00171D0C4606328DB256B9012101FA00F0C5
:10A67C00D9680143D960CCF81040DD539D52F8BD28
:10A68C00F1000431585AD85303EBC0009E52C580D8
:10A69C005D52F4E7043A2DE9F843CC1D114424F043
:10A6AC00070421F00706A6EB04084FEAD807B7FA0F
:10A6BC0087F24FF00009C2F12405AD000735C2F155
:10A6CC002002ED0804604946A760C4F80C90920083
:10A6DC0004F1100003F097FEAAB2530043F00103FB
:10A6EC0063807B1B9BB204EBC5015800A4F800905F
:10A6FC00488024F83520A6F8029024F8083004EBA2
:10A70C00C7035A88294642F001025A802046BDE808
:10A71C00F843FFF798BF2DE9F04706460D4617465C
:10A72C0098462BB34FF0000A98F8004093F801902C
:10A73C00DB78A40004EB430498F802301C44444436
:10A74C00CA4509D339463046AC46D8F8042008F13E
:10A75C000803BDE8F047604714F8013B0AF1010A11
:10A76C00204648F82340F5F7AFFE01300444E7E7F4
:10A77C006FF01500BDE8F087002070470FB407B5E7
:10A78C0004A951F8040B019100F0E5F803B05DF851
:10A79C0004EB04B07047038B13F0070306D1036876
:10A7AC00002B18BF032008BF00207047022B05D1D7
:10A7BC00408BB0FA80F0400980007047012B04D127
:10A7CC000368002B18BF0520EDE70020704710B57B
:10A7DC000C4600B111B96FF0150010BD081D00F04A
:10A7EC0087F80028F9D1A368032BF6D9F3E72DE9F4
:10A7FC00F0410D4607461946281D90461E4600F0AE
:10A80C0088F8044638B13346424629463846A446B1
:10A81C00BDE8F0416047BDE8F08110B4EFF3118260
:10A82C00202484F31288BFF36F8F416110BC012187
:10A83C00F6F78EBE38B50C46054658B151B10B68CB
:10A84C0043B14B6833B11C22002103F0DCFD002026
:10A85C002C6138BD6FF01500FBE7F8B504460E46C9
:10A86C00FFF7B5FF051E3BDBEFF31182202383F3CB
:10A87C001288BFF36F8F4FF6FF71638B278B8B4260
:10A88C0007F007072ED0062F2FD8DFE807F0182E79
:10A89C00082E180418006FF08505002303E001331F
:10A8AC0063830225012382F31188BFF36F8FBBB141
:10A8BC0000233A4631462046FFF799FF10E000236B
:10A8CC003360636823B9C4E9006627B13D46E4E709
:10A8DC001E606660F9E702212046F6F739FE3D4618
:10A8EC002846F8BD6FF00A05D7E76FF00405D4E7EA
:10A8FC00034658B1426802F00302012A03D0032A2E
:10A90C0004D1026812B10020986070476FF01500F6
:10A91C0070474268034602F00302032A4FF000021C
:10A92C00816014BF104600685A6070477047002061
:10A93C00704701F0F3BA0346D3E8EF0F421CC3E8AB
:10A94C00E12F0029F8D17047002108B50846F6F729
:10A95C00F3FE002008BD1FB50023CDE902011A4605
:10A96C0019461846CDE90033F6F7EEFF05B05DF851
:10A97C0004FB7047002070474368DA71012243687A
:10A98C00196043685A71FFF7F4BF70B50E4615464F
:10A99C001946044618B9BDE87040F6F797BF33B1B5
:10A9AC00C2F34A231030120D184403F01FFDC4E902
:10A9BC0000562046BDE87040F6F79CBF7FB50BAB48
:10A9CC00059303930A9B0222029300231846CDE9B8
:10A9DC000033F6F7B9FF07B05DF804FBF8B506468F
:10A9EC000D4614461F4604B9F8BD214628463A4682
:10A9FC00B047241A0544F6E707B5D1E900328DF8C3
:10AA0C000700012152680DF107009847002003B0A0
:10AA1C005DF804FB0A2838B504460D4602D10D201A
:10AA2C00FFF7EAFF29462046FFF7E6FF002038BD76
:10AA3C002DE9F043054689B008460E8891F8009040
:10AA4C000C46D1F808801746F6F7D6FF011EC6F360
:10AA5C008216C9F3C2091FDB4846F6F767FF0346A7
:10AA6C00214651F8102B6088C2F34A22002A01EBD0
:10AA7C00020408BF00210022C0F30B10CDE905072A
:10AA8C00CDE9031428464146CDE900220296F6F79B
:10AA9C00DFFF09B0BDE8F0830023E1E74368002045
:10AAAC001B685B681961704743681B681A685268B9
:10AABC005360704770B543680C461D686B68186925
:10AACC00F6F7A8FE214603460F222868BDE8704021
:10AADC001847C3691BB11B7900200B7070476FF0CE
:10AAEC0057007047C3693BB1DB682BB1DB69187940
:10AAFC00B0FA80F0400970470120704770B5C56905
:10AB0C0004460E460DB103232B712046FFF7EAFFD6
:10AB1C00A8B103212046B047002802DA10F1860FB5
:10AB2C000ED1012125B920463346BDE870401847A7
:10AB3C0020462971B047002802DB00232B7100202E
:10AB4C0070BD7FB50BAB059303930A9B0293002357
:10AB5C001846CDE90033F6F7F7FE07B05DF804FBB5
:10AB6C0010B5F7F74BF930B1C36823B15B6813B17B
:10AB7C00BDE8104018476FF0150010BD2DE9F041ED
:10AB8C000D4616461F46F7F739F950B1C36843B165
:10AB9C009C6834B13B4632462946A446BDE8F04198
:10ABAC0060476FF01500BDE8F0812DE9F0410D46CE
:10ABBC0016461F46F7F722F950B1C36843B1DC685B
:10ABCC0034B13B4632462946A446BDE8F0416047C5
:10ABDC006FF01500BDE8F08103F015BC03F006BC66
:10ABEC007FB50BAB059303930A9B012202930023C1
:10ABFC001846CDE90033F6F7A7FE07B05DF804FB65
:10AC0C0001460068F7F7F2B908B5F7F751FABDE855
:10AC1C000840F7F787BE7FB50BAB059303930A9BF0
:10AC2C000122029300231846CDE90033F6F78CFE7F
:10AC3C0007B05DF804FB00210120F7F7D7B9836E4C
:10AC4C0083F30B8870476FF08500704761B662B66E
:10AC5C0080F31188BFF36F8F704772B6002383F3B4
:10AC6C001188BFF36F8FBFF34F8F30BF62B6BFF346
:10AC7C006F8F704772B6002383F31188BFF36F8F09
:10AC8C00BFF34F8F20BF80F31188BFF36F8F62B675
:10AC9C00704740E800F313F4803FD8B208BF6FF060
:10ACAC00150070477FB50BAB059303930A9B0122EC
:10ACBC00029300231846CDE90033F6F745FE07B0A2
:10ACCC005DF804FB30B50C684B6885B00A894D897A
:10ACDC000094013B24F01F04234402F01F0242EABB
:10ACEC00451223F01F0369468DF808200393F7F7EC
:10ACFC00CDFE05B030BD08B5D1E904319847002030
:10AD0C0008BD08B5F8F7E4F8002008BD7FB50BAB1B
:10AD1C00059303930A9B029300231846CDE9003355
:10AD2C00F6F712FE07B05DF804FB0368586970472C
:10AD3C00084670B5C6B069460130154602F055F8A4
:10AD4C00044668B928469DF808300DF11601C3F386
:10AD5C00001300F8013BF5F7AFFB009BC5F804317D
:10AD6C00204646B0BDE87040F8F73CBE08B5481C1C
:10AD7C0002F05EF9BDE80840F8F734BE08B5481C8F
:10AD8C0002F0FAF8BDE80840F8F72CBE30B5541CB8
:10AD9C00C7B00D462046694602F027F840B9204658
:10ADAC0002F0EAF820B147B0BDE83040F8F71ABE1F
:10ADBC002146681C02F0D4F9F5E770B5C6B00C4614
:10ADCC000068694601F0DEFF054670B90DF1160109
:10ADDC00601CF5F771FB63783BB19DF80830C3F349
:10ADEC0000132370009BC4F80431284646B0BDE81C
:10ADFC007040F8F7F7BD08B5006801F0B4FEBDE887
:10AE0C000840F8F7EFBD012A08B505D0022A12D088
:10AE1C002AB16FF0150008BD03685B69194400295D
:10AE2C00F7DB0068C3688B42F3D301F0E2FEBDE8A8
:10AE3C000840F8F7D7BD0368DB68EFE7F7B50446C1
:10AE4C0000680E46C76801F0D4FE20B103B0BDE81F
:10AE5C00F040F8F7C7BDB7423D46206802DD02F06E
:10AE6C004DF8F3E73946466901F0C3FE0028EDD1F1
:10AE7C008DF80300B54201DB0020E7E701222068D2
:10AE8C0001AB0DF1030101F0B1FD0028DED101355C
:10AE9C00F0E773B5037A04469B060D46164609D4B3
:10AEAC0032462946206801AB01F0A0FD40B901985B
:10AEBC0002B070BD0068C16801F09BFE0028EFD0A5
:10AECC0002B0BDE87040F8F78DBD07B5006801AB66
:10AEDC0001F0F0FC20B103B05DF804EBF8F782BD93
:10AEEC00019803B05DF804FB7FB50BAB059303939E
:10AEFC000A9B0122029300231846CDE90033F6F792
:10AF0C0023FD07B05DF804FB002313B5C06814469D
:10AF1C0001A96A460130019301F091FF68B9019BC8
:10AF2C00009AE3604FF40073236053895B02636003
:10AF3C009369023BA36002B010BD6FF00400FAE706
:10AF4C0083689B6803B118476FF057007047FDF793
:10AF5C0051BC7FB50BAB059303930A9B0293002363
:10AF6C001846CDE90033F6F7EFFC07B05DF804FBAB
:10AF7C0083685B680BB1002218476FF0570070476D
:10AF8C000023102200B58BB0CDE90133CDE90723A6
:10AF9C00C82301A90993FFF7EBFF0BB05DF804FB85
:10AFAC0010B547F6122C20EAE074002140F2E7308D
:10AFBC004FF47A720023E4FB0C01F5F759FABDE863
:10AFCC00104002F0E3BE08B530B18368DB6823B1F2
:10AFDC009847431E5842584108BD6FF05700F8E798
:10AFEC0083685B6803B118476FF05700704783683C
:10AFFC009B6803B118476FF05700704783685B6913
:10B00C0003B118476FF0570070477FB50BAB059332
:10B01C0003930A9B029300231846CDE90033F6F7FD
:10B02C0093FC07B05DF804FBF0B5102691B0044614
:10B03C000F4615460021324601A803F0E4F900231F
:10B04C000122CDE90D630893C823039204F18C020D
:10B05C00CDE9052354F8880B01AA07A90F9307978C
:10B06C000296FFF7BDFFAB1954F8042F12BA43F840
:10B07C00042D9D42F8D111B0F0BDFDF7BBBB0023F0
:10B08C000D2210B58AB0CDE9012390F84B3004465F
:10B09C001BB9B0F85E301B04029331230022CDE9BA
:10B0AC000732C823206801A90993FFF799FFC0B99B
:10B0BC0094F84B20039B62B113F4407F13D113F42B
:10B0CC00604F13D113F4E05F18BF6FF004000AB0A7
:10B0DC0010BD03F4F853B3F5106F18BF6FF00F00E9
:10B0EC00F5E70120F3E76FF00C00F0E76FF01500C7
:10B0FC00EDE71FB590F84B3004467BB300236A464E
:10B10C0009210193FFF790FFDDE90232920F0199BB
:10B11C0004D0012A1AD0002004B010BD40F6FC72F5
:10B12C00C3F3034002EA830343EA9173C1F3C231D0
:10B13C0001330231092803FA01F301D083405B0A81
:10B14C0023664FF40073A4F86430E4E71B0403F4A3
:10B15C007C1343EA114301339B02F1E76FF0850046
:10B16C00DAE708B590F84B300A4623B10A21FFF70D
:10B17C005BFF002008BD6FF08500FBE783685B6810
:10B18C0003B118476FF05700704783689B6803B191
:10B19C0018476FF0570070473A2310B58AB0CDE9C5
:10B1AC000131402300220793C823044601A90068FB
:10B1BC00CDE90823FFF7E2FF28B9049B002B08BF59
:10B1CC006FF08500E3640AB010BD7FB50BAB05933F
:10B1DC0003930A9B029300231846CDE90033F6F73C
:10B1EC00B3FB07B05DF804FBF9F7DAB8F8F7C2BEA9
:10B1FC00F8F758BFF9F72CB80A448A4200D17047C7
:10B20C0011F8013B40BA80B25840C0F303134340DD
:10B21C00180380B24340580100F4FF505840ECE74B
:10B22C000A44914200D1704711F8013B5840C309C0
:10B23C0083EA1013584040B2030183EA4003D8B2AA
:10B24C00EFE703691869FFF7D5BF00690069FFF7DD
:10B25C00CFBF00690069FFF7C9BF10B503691C694E
:10B26C005B681868FFF7AFFE28B194F8CC00023881
:10B27C0018BF012010BD0220FCE738B503695D68DA
:10B28C001C692868FFF79FFE50B121462868F8F723
:10B29C009DFD18B1012384F8CC3038BD0223FAE7A8
:10B2AC000220FAE7062910B406D0006907290069C4
:10B2BC0005D010BCFFF798BF10BCFFF7DEBF002213
:10B2CC0080F8CC20F5E70C220369C9B202FB0133EC
:10B2DC00186C00F00700704770B50346C9B20069DE
:10B2EC00EFF31186202484F31288BFF36F8F0C25A3
:10B2FC0005FB0104246C14F0C00401D0A24211D14E
:10B30C00012205FB01000264002086F31188BFF3C3
:10B31C006F8F30B90C225B6802FB01335B68984776
:10B32C00002070BD4FF0FF30EFE78022FFF7D4BF55
:10B33C00F8B5069F05460469C9B2EFF3118C2020BD
:10B34C0080F31288BFF36F8F0C2606FB0146306C1E
:10B35C0000F0070EBEF1010F10D1376400268CF3FC
:10B36C001188BFF36F8F3EB90C2041430C44C4E9E4
:10B37C000E236B685B5898473046F8BD00F0C00050
:10B38C0087420CBF6FF077064FF0FF36E7E713B537
:10B39C0080240094FFF7CCFF02B010BD10B41C2425
:10B3AC000069CBB204FB0300002110BC104710460F
:10B3BC00FDF770BA01F0D1BFFCF7D8B84368002094
:10B3CC005B68DB680B607047436802EA01005B68EE
:10B3DC0021EA020158600020996070474368002000
:10B3EC005B6859607047436800205B6899607047E0
:10B3FC0043685B681A6821EA02001140586000201B
:10B40C009960704730B50369586800B300248842CE
:10B41C0019D108688CB99C685860A14200D1986019
:10B42C00002008602AB15A680A609A68596002B90B
:10B43C00996000200FE02846E9E720609868814277
:10B44C0008BF9C60ECE705680446002DF3D1002A88
:10B45C00E9D16FF0150030BD00207047FCF7EEBA53
:10B46C007FB50BAB059303930A9B01220293002338
:10B47C001846CDE90033F6F767FA07B05DF804FB20
:10B48C0030B543681360057A446804EBC504A342E5
:10B49C0002D36FF0010030BD5C7908338C42F1D1DE
:10B4AC000020F8E748B11F302CBF012100214009D2
:10B4BC0040EAC160490902F069BC704710B50469E3
:10B4CC00204602F0DAFB0023636110BDF8B58768F3
:10B4DC0006467C689CB1436893F82630DB071DD484
:10B4EC0005694FF0FF334FF0FF322846FDF710F996
:10B4FC006B69002B05DC00242846FDF77BF9204600
:10B50C00F8BD013B6B61002BF5D17B683046984749
:10B51C00041EBEBF6B6901336B61EDE70024EEE7DF
:10B52C00F0B4D0E901631B693BB177688F4208DB4B
:10B53C003568954205DCF0BC18476FF05700F0BC3D
:10B54C0070476FF01500FAE7F0B4D0E901631B6A9D
:10B55C003BB137698F4208DBF568954205DCF0BCDE
:10B56C0018476FF05700F0BC70476FF01500FAE702
:10B57C0070B4D0E90162956A03460C46A5B196F801
:10B58C00242012B92B4670BC1847306A024410F8BC
:10B59C00011BA14202D121461846F3E79042F6D195
:10B5AC006FF0850070BC70476FF05700FAE72DE91B
:10B5BC00F3410E46D0E9014794F825108046FF2947
:10B5CC0005690FD194F8261001F00C01082914D04C
:10B5DC00D8F8083000391B6B18BF01214BB96FF03C
:10B5EC00570003E0FFF7C4FF0028EBDA02B0BDE818
:10B5FC00F081404698470028F8DBA268B2F1004F72
:10B60C0005D011464046FFF78BFF0028EEDB626940
:10B61C00B2F1004F05D011464046FFF795FF0028C8
:10B62C00E4DB2368B3F1004F14D0D8F808305B6921
:10B63C00002BD4D0404601A998470028D6DB2268BD
:10B64C00019B9A421CDD11464046FFF769FF00281A
:10B65C0005DACBE76FF0004362689A42E5D19EB9F8
:10B66C0094F826309B0716D040463B689847002834
:10B67C00BCDBA069FFF716FF6B6901336B610AE055
:10B68C0062689342EBDDDEE76B6901336B6194F822
:10B69C002630DA0601D40020A8E74046FFF716FF53
:10B6AC00A4E7012303FA01F103691B68194218BFCF
:10B6BC0082F0010212B18368DB68184783681B694A
:10B6CC00FBE708B54368986A38B1012293F82C104F
:10B6DC00FFF7E7FF00EAE07008BD6FF08500FBE7BD
:10B6EC0043681B68B3F1004F14BF00206FF00100DA
:10B6FC00B0FA80F0400970470346084631B95B68E0
:10B70C001B68B3F1004F01D0136070476FF0150048
:10B71C00704743681B68B3F1004F1ABF00200B60E1
:10B72C006FF0010070474368986A20B1002293F8CB
:10B73C002C10FFF7B6BF6FF08500704700207047E4
:10B74C0003460A4619790123006803FA01F10369DB
:10B75C001B68194218BF82F0010212B18368DB68C2
:10B76C00184783681B69FBE710B484682468A446F7
:10B77C0010BC60471FB5CDE90023012300220393C1
:10B78C0002ABCDF808D0FFF7EFFF05B05DF804FB76
:10B79C0007B5016940680123496800680DF107028B
:10B7AC00FFF7E8FF38B99DF80700FF3818BF0120F4
:10B7BC0003B05DF804FB6FF00400F9E737B543689C
:10B7CC00D86888B11C7C0569836801A95B689847B7
:10B7DC0040B92B68019858400123A3401840003809
:10B7EC0018BF012003B030BD0120FBE77FB50BABC8
:10B7FC00059303930A9B029300231846CDE900336B
:10B80C00F6F7A2F807B05DF804FB2DE9F7430D46F7
:10B81C004668114607694FF47A7047F612220023E6
:10B82C00A1FB0001F4F724FE47F6122E044600217A
:10B83C0040F2E7304FF47A720023E4FB0E01F4F788
:10B84C0017FE80468946002D04DC6FF0730003B0B0
:10B85C00BDE8F0830123796830680DF10702FFF72A
:10B86C0089FF0028F3D19DF80730FF2BEFD040461D
:10B87C00494602F08BFA2D1BE5E701232DE9F04F29
:10B88C00002A85B003930D460CBF152309230469C8
:10B89C0046681522FF21804604F140000193009078
:10B8AC00CDF808D002F0AFFD2B68002003F03F0369
:10B8BC0043F0400384F841306B681A0C190E84F87D
:10B8CC004320C3F3072284F8421084F8442084F800
:10B8DC00453004F141010522FFF7A2FC40F00100C4
:10B8EC0084F8460002AB61681A463068FFF73CFFEB
:10B8FC00044678BBD8F81060019F06F1400BD8F8CD
:10B90C0004905F4406F148029742134626D993F9F6
:10B91C00001001320029F7DB13F8012BAA606AB181
:10B92C0012F0600F40F08580500700F18580110700
:10B93C0000F1858012F0120F40F08480A96901F0AB
:10B94C00F002302A66D02CD8102A03D0202A50D0EE
:10B95C006FF08504204605B0BDE8F08FDCD12F6A6E
:10B96C00002F06DC96F84030FF2B0FD16FF07304DC
:10B97C00F0E701235A467168D9F80000FFF7FAFE88
:10B98C00002862DB96F84030FF2B03D05B4606F1B3
:10B99C004107C1E740F23910002102F0F7F90A3FE4
:10B9AC00DEE7602A36D022D801F0E0014029CFD161
:10B9BC004FF00408002206F1410A1202BB42EA6071
:10B9CC000AD101235A467168D9F800005746FFF78F
:10B9DC00D1FE002839D15B4613F8012BE96808F138
:10B9EC00FF380A4318F0FF08EA60E6D1B2E7702A84
:10B9FC00DDE7BB421A4604D212780133002AF8D094
:10BA0C00A8E7A7D14FF47A7240F6B8314046FFF759
:10BA1C00FCFE9FE7BB4208D101235A467168D9F856
:10BA2C000000FFF7A7FE80B95B461B781B02AB60DA
:10BA3C0090E76FF00D048DE76FF015048AE76FF057
:10BA4C00890487E76FF0040484E7044682E74368BF
:10BA5C001B68D3F83031704743681B68D3F88004F7
:10BA6C00C3F88004704742681368D3F84C0150B196
:10BA7C000020926A12780A70C3F84C01D3F84C215A
:10BA8C0001229A6270474FF0FF30704713B501AA3C
:10BA9C000446FFF7F5FC002805DB019B22681979A9
:10BAAC001868F9F7B3FA02B010BD10B504460022BD
:10BABC000121C720F6F7BCFEC720F6F789FE204609
:10BACC00BDE81040F9F74CBE10B504460022012128
:10BADC00C620F6F7ADFEC620F6F77AFE2046BDE886
:10BAEC001040F9F73DBE0129F8B50C4616D1466851
:10BAFC000021F0683568FFF7C9FF0823C5F8003549
:10BB0C00337A4BB9B26AC5F80427C5F80847C5F8AB
:10BB1C004C31D5F84C31AC620020F8BD81BB466885
:10BB2C003468D4F85031B3B10123E362D4F8243132
:10BB3C00002BFBD00023C4F85031D4F85021C4F8AA
:10BB4C002431D4F82421C4F84C31D4F84C21C4F855
:10BB5C001431D4F814314FF47A7543681F68D7F850
:10BB6C00303123B9012001F0AAFB013DF7D10023AC
:10BB7C00C4F80035F0680121BDE8F840FFF786BF36
:10BB8C006FF08500C9E700220121C820F6F750BEEE
:10BB9C0010B50B6813B91846136005E003685C68B0
:10BBAC001CB114600368186810BD083303600B687F
:10BBBC00013B0B60EDE77FB50BAB059303930A9B41
:10BBCC000122029300231846CDE90033F5F7BCFEA1
:10BBDC0007B05DF804FB10B5036804468BB11A7D01
:10BBEC007AB1186901F09DFF0121236898681B7BCD
:10BBFC00994003691B68194283680CBF1B69DB6899
:10BC0C009847A36933B9636004F11000BDE8104094
:10BC1C00FCF740BE10BD08B50069C36D8B4204D162
:10BC2C005C30FFF7D8FF002008BD4FF0FF30FBE77A
:10BC3C00F7B506690746D6F8A820D6F8B0509AB9D9
:10BC4C00C5B12C46D6F8A41031B33ABB1146D6F880
:10BC5C00AC302BB3002D04BF2C4623463846009441
:10BC6C0000F0F1F803B0F0BDA5B195422C4628BF09
:10BC7C001446E7E7F16D8B88DB0401D400F0CFF8B4
:10BC8C000023C6F88C3006F17C0003B0BDE8F04010
:10BC9C00FCF700BE1446D5E70A46D8E72246D6E79D
:10BCAC001C46DBE70069B430FCF7F4BD7FB50BAB89
:10BCBC00059303930A9B0122029300231846CDE9B6
:10BCCC000033F5F741FE07B05DF804FB13B501AA8C
:10BCDC000446FFF7D5FB002805DB019B2268197988
:10BCEC001868F9F793F902B010BD03460A461979A2
:10BCFC000123006803FA01F103691B68194218BF9C
:10BD0C0082F0010212B18368DB68184783681B69F3
:10BD1C00FBE7F0B504690646D4E915128B1A47689F
:10BD2C0085B004D1BB6805B0BDE8F0401847BD8BA9
:10BD3C00E16C9D4228BF1D4621B101F06043B3F177
:10BD4C00005F06D1236D3BB103F06043B3F1005F9C
:10BD5C0002D0082D28BF08250023A36451B111443B
:10BD6C0001F06043B3F1005F04D02A46386902F059
:10BD7C003DFB3969236D43B1A26D134403F060425E
:10BD8C00B2F1005F1CBF7B69A364002914BF2A4673
:10BD9C000022002B08BF0025CDE9012300910022D1
:10BDAC0069462046039501F0D5FD014618B173682C
:10BDBC0030469B68984705B0F0BD70B50C690E46CF
:10BDCC00A16C054639B1A36D206D2A69184402F0A7
:10BDDC000DFB0023A3642969AA68A36D3046914228
:10BDEC002CBF5B189B18A365BDE87040FFF791BF93
:10BDFC000847072210B503690C461B68C3F80025D9
:10BE0C000B7D5BB1012104F10800FFF76EFF237D70
:10BE1C0023B12069BDE8104001F083BE10BD38B5D8
:10BE2C0003690C461D680B7D4BB1086901F079FE66
:10BE3C00237D23B1002104F10800FFF756FF0023F6
:10BE4C00C5F8003538BD10B40469C4E91313019B5F
:10BE5C0093422CBF636562650023A36510BCFFF79A
:10BE6C0058BF006901F01DBE012938B511D014D896
:10BE7C000469456894F828302BB12046FCF73EFA4B
:10BE8C00002384F8283001216868BDE83840FFF7AA
:10BE9C001DBF436800215868F7E7023901298CBFA0
:10BEAC006FF015006FF0850038BD2DE9F84304469E
:10BEBC000025012743681B6898476368DE7FDC68B0
:10BECC00B54202D30020BDE8F88320682179E388CD
:10BEDC00D0F810E0DA0754BF43F4B01383F4D01356
:10BEEC00DEF800C023F4801207FA01F8DB07D0F863
:10BEFC0008904CBF48EA0C032CEA0803CEF800303B
:10BF0C00D9F80030984708340028DCD10135D7E740
:10BF1C0008B50220F8F7F0FD002008BD08B5FBF7C6
:10BF2C009FFE08BD08B5FDF791FA48B1002383F3D5
:10BF3C001188BFF36F8F0423184602DF6FF00400E3
:10BF4C0008BD006870470B0A017043700B0C090E9A
:10BF5C008370C170704783690239023B8B4283BF87
:10BF6C004389006B01FB030000207047034600F17E
:10BF7C000B010020C20142EA500213F8010B50FAE7
:10BF8C0082F28B42D0B2F5D1704738B50D460446DB
:10BF9C0018B9092000232B6038BD0368002BF8D09A
:10BFAC001A78002AF5D08188DA889142F1D1587834
:10BFBC00FBF7E6F810F00100EBD12368EBE738B59E
:10BFCC0003790446C3B100F13405026A0123294602
:10BFDC004078FBF7E9F888B9D4E90721A36A207106
:10BFEC00CB1A934208D2E378022B05D10A440123E1
:10BFFC0029466078FBF7D8F8002038BD0120FCE713
:10C00C002DE9F0470027D0F800908F75836906461C
:10C01C000C46002B00F08180C36A01335CD10023F5
:10C02C001A46F069815C013220290DD0052908BF20
:10C03C00E521092A05D10B2B9FBF2E25E01845724F
:10C04C000133E018417201330B2AEAD10021E218C6
:10C05C005172A27D002A50D1002B44D0082004F14B
:10C06C0008035A78591C002A59D11B1B083B3DE088
:10C07C00B8F1000F05D100F520539BB2B3F5006F5A
:10C08C0013D340F2B51140EA0840FBF7C9F8FF287A
:10C09C00C5F1FF0A18D9BAF1010F20D96319020AA8
:10C0AC009A75D875022300201D4480460237D9F8B2
:10C0BC000C30D85B0028DBD1B8F1000F18BF00257D
:10C0CC0000232544AB75AAE748B1BAF1000F08D09C
:10C0DC00631998750123E6E7B8463D46E7E7002566
:10C0EC00EAE75546E8E73F23A375012300222344E2
:10C0FC009A75F3691B7B03B96372F369DB7A03F0FE
:10C10C003F032372F0691C30FFF71BFF2060F369BB
:10C11C00DB8AE380F3691B8BA380BDE8F0872E2AB2
:10C12C0013460AD0413A192A04D8F269127B1042FC
:10C13C0000D020334B730B4693E71020FAE7F8B589
:10C14C000446FFF73CFF0546002846D16779012FCE
:10C15C003BD123786071032B37D104F134060146AF
:10C16C004FF40072304602F04EF9522341227221F4
:10C17C0084F8343084F83530612384F8372084F81F
:10C18C00363084F81B3284F8181284F8191284F8AB
:10C19C001A22616904F50770FFF7D5FE216904F5D1
:10C1AC000870FFF7D0FE552384F83232AA23626A56
:10C1BC0084F8333201323B463146607884F8305291
:10C1CC0084F831522262FAF7EFFF002260781146B0
:10C1DC00FAF7F4FF003818BF0120F8BDC2F30723AB
:10C1EC008A76CB760378032B01BF120C0A75120AE0
:10C1FC004A75704738B5036A04468B420D460FD01A
:10C20C00FFF7DDFE58B901232A46607804F13401AA
:10C21C00FAF7C0FF10B101204FF0FF35256238BD91
:10C22C000020FCE701292DE9F84305460C4616468B
:10C23C006ED983698B426BD90378022B3FD0032BC9
:10C24C004FD0012B64D101EB5107816A01EB5721CF
:10C25C00FFF7D0FF10B10120BDE8F88314F0010402
:10C26C0005F1340807F10109C7F3080718BF18F8DE
:10C27C000720F3B21EBF02F00F0242EA0313DBB237
:10C28C0008F807300123A96A28462B7101EB5921C4
:10C29C00FFF7B0FF0028DED1C9F308023CB1C6F3AA
:10C2AC00071608F80260012300202B71D4E718F858
:10C2BC000230C6F3032623F00F031E43F1E7816A15
:10C2CC0001EB1421FFF796FF0028C4D1640005F19F
:10C2DC00340304F4FF741E551A19C6F3072656705E
:10C2EC00E1E7816A01EBD411FFF784FF0028B2D19A
:10C2FC00A40005F1340304F4FE7423441846FFF73C
:10C30C0020FE0146184666F31B01FFF71CFECAE728
:10C31C000220A1E7F8B505460E46FFF750FE04468D
:10C32C00A0B931462846FFF716FE05F1340706463C
:10C33C0028624FF400722146384602F064F86B898B
:10C34C009C4205D36B891C1B18BF01242046F8BDE9
:10C35C000123394668783219FAF726FF0028F1D103
:10C36C000134ECE703284B8B04BF8A8A43EA02436F
:10C37C00184670470129F8B506460C464ED9836914
:10C38C0099424BD20378022B29D0032B34D0012BAA
:10C39C0044D101EB5105816A01EB5521FFF72AFFCE
:10C3AC0010B14FF0FF30F8BDB16A6F1CC5F3080532
:10C3BC003544304601EB572195F83450FFF71AFFFE
:10C3CC000028EED1C7F30807374497F8343045EA14
:10C3DC000320E3074CBF0009C0F30B00E3E7816ABD
:10C3EC0001EB1421FFF706FF0028DAD1640004F4F6
:10C3FC00FF743444A08ED6E7816A01EBD411FFF7A9
:10C40C00F9FE0028CDD1A40006F1340004F4FE742A
:10C41C002044FFF796FD20F07040C4E70120C2E7EE
:10C42C00F8B50C46012C0646114605682BD9AB69AC
:10C43C00A34228D92AB14FF0FF322846FFF7F2FE6B
:10C44C0038B921463068FFF795FF2746044608B9EE
:10C45C000020F8BD012816D0431C16D00022394606
:10C46C002846FFF7DFFE0028F3D1D5E90532911EEF
:10C47C008B4205D201336B616B7943F001036B7115
:10C48C00A242DED8E4E70220E3E70120E1E72DE950
:10C49C00F84381460F46056849B92E69C6B1AB69A8
:10C4AC00B34298BF01266B69A3B9002406E0284665
:10C4BC00FFF760FF0128044603D801242046BDE89D
:10C4CC00F883421C58D0AB698342F7D83E46EAE762
:10C4DC000126E8E7BE4216D1AB69741C9C4228BF0A
:10C4EC000224D9F800002146FFF744FF0128E4D0CC
:10C4FC00431C41D0F0B1D5F81080B8F1010F02D92E
:10C50C00AB69984500D3B0464446AB690134A342AD
:10C51C0003D8B8F1010FC8D002242146D9F8000085
:10C52C00FFF728FF40B10128C7D0013024D0444583
:10C53C00EBD1BAE7002CE6D04FF0FF32214628466B
:10C54C00FFF770FEB0B977B96B692C61002BB5D0D1
:10C55C00AA69023A9342B1D8013B6B616B7943F003
:10C56C0001036B71AAE7224639462846FFF75AFEAB
:10C57C000028E9D00128A0D14FF0FF349EE72DE927
:10C58C00F843076904462037B7F5001F24BF002382
:10C59C00836183698946066873B1C7F30808B8F1EB
:10C5AC00000F39D141690133836141B93389B3EB50
:10C5BC00571F31D80023A3610420BDE8F883738989
:10C5CC00013B13EA572327D13046FFF7D3FE01284E
:10C5DC00054601D80220F0E7421C01D10120ECE70E
:10C5EC00B369834212D8B9F1000FE3D020466169D8
:10C5FC00FFF74DFF0546A8B10128EBD0431CEDD049
:10C60C0001463046FFF786FE0028E7D12946304622
:10C61C006561FFF7A0FCA061343646440020276119
:10C62C00E661CAE70720C8E7B1F5001FF8B5064672
:10C63C000C4601D30220F8BDCA06FBD182680568FE
:10C64C000161BAB92B78022B01D9EB6A9BB92B8902
:10C65C00B3EB541FEED9E86AC6E905200028E9D0EF
:10C66C0000EB54203435C4F308042544B061F56163
:10C67C000020E0E713461A466F897F02BC42114640
:10C68C0003D22846FFF767FCE6E73068FFF772FE37
:10C69C00431C024606D00128CCD9AB698342C9D9C8
:10C6AC00E41BEBE70120C6E72DE9F041C16A044623
:10C6BC004B1C0568066918D1E5274FF00108284680
:10C6CC00A169FFF797FDA0B9E3691F7085F8048095
:10C6DC002369B3420DD201462046FFF750FF0028D4
:10C6EC00EDD0042808BF022003E0FFF79DFF0028CF
:10C6FC00E2D0BDE8F0812DE9F04FADF5117D91460A
:10C70C0004460DF1040A0191002800F0D18002F0DA
:10C71C003F0803AD424629465046F9F7A5FC0746AB
:10C72C00002840F0BD80039D04AE10AB2560304660
:10C73C000199EB603560F9F7D9FE20B996F92B30E9
:10C74C00002BB8BF062019F01C0F00F08E800028BB
:10C75C004BD0042840F0A4803046FAF72BF8002880
:10C76C0040F09E8048F008084FF0000B5A2221211F
:10C77C00F3695A7483F80EB083F80FB01974F36927
:10C78C005A7683F816B083F817B01976F1692878C1
:10C79C00FFF7E8FD2023CB7281465A462846F16903
:10C7AC00FFF71CFDF36983F81CB083F81DB083F808
:10C7BC001EB083F81FB001232B71B9F1000F11D0FB
:10C7CC005A4649463046D5F820A0FFF729FE0028E6
:10C7DC0066D151462846FFF70DFD09F1FF332B6159
:10C7EC0000285DD148F0400809E019F0040F56D13B
:10C7FC00B37913F0110F41D119F0080FB4D12B6A92
:10C80C00F169236261622878FFF7ACFDA0600346F2
:10C81C0001F11C00FFF795FBE060EA8818F0200F8F
:10C82C00A2804FF00002064684F810806274E26128
:10C83C00626115D0A0B16061B5F80A804FEA482852
:10C84C00B0451DD30020A36150BBC6F308023AB11A
:10C85C0019462846FFF77FFB40B300EB5620E061FA
:10C86C0038460DF5117DBDE8F08FC8B9B379D806FF
:10C87C001AD419F0020FC2D0D907C0D507200FE087
:10C88C0019462068FFF776FD01280346A6EB08063B
:10C89C0003D9421CD4D10120D5E70220D3E70820CC
:10C8AC00002307462360DBE70420F9E70220F7E7C3
:10C8BC000927D5E72DE9F04F9A46002385B0894624
:10C8CC00CAF8003003A904461546FFF75EFB0028A2
:10C8DC0040F0868094F81180B8F1000F1FD194F8C5
:10C8EC0010B01BF0010300937DD0E6686369F61A63
:10C8FC00AE4228BF2E4696B16269039FC2F308036D
:10C90C00002B55D17B89013B13EA522B18D152B91C
:10C91C00A06801280CD84FF0020884F8118040461A
:10C92C0005B0BDE8F08FA1692068FFF723FDF0E7A3
:10C93C00431C04D10123DDF800806374EFE7A06190
:10C94C003846A169FFF707FB0028E4D0B6F5007F55
:10C95C000BEB00022BD379890BEB562088424FEA64
:10C96C00562588BFA1EB0B052B46494678780192DA
:10C97C00FAF710FC0028DDD13B7963B1386A019AD3
:10C98C00801AA84207D24FF4007207F1340109EB68
:10C99C00402001F02BFD6D02DAF80030761B2B44A1
:10C9AC00CAF800306369A9442B446361A3E7E261D0
:10C9BC0065693846C5F30805C5F50075B542E169EA
:10C9CC0028BF3546FFF716FC0028B3D16169343710
:10C9DC00C1F308012A464846394401F007FDDBE75C
:10C9EC004FF009089BE74FF0070898E72DE9F04F47
:10C9FC009A46002385B08946CAF8003003A904463C
:10CA0C009046FFF7C2FA002840F0A980677C1FBB54
:10CA1C00237C9A0740F1A580636913EB080F01D3BF
:10CA2C006FEA0308B8F1000F12D06369039EC3F3D9
:10CA3C000802002A77D17589013D15EA53251ED1CC
:10CA4C0073B9A16871B92046FFF721FD014648B9B9
:10CA5C00237C43F040032374384605B0BDE8F08FC7
:10CA6C00A169F0E7012902D102276774F4E74B1C96
:10CA7C0001D10127F9E7A368A16103B9A160326A6A
:10CA8C00E3699A4204D13046FFF799FA0028F0D1B5
:10CA9C003046A169FFF75FFA0028E5D0B8F5007FB2
:10CAAC0005EB000B32D3718905EB582088424FEA15
:10CABC0058235A4688BF4B1B707849460193FAF7A6
:10CACC0073FB05460028D4D1316A019BA1EB0B0105
:10CADC00994209D24FF4007209EB412106F134005E
:10CAEC0001F084FC019B35715D02DAF80030A8EB93
:10CAFC0005082B44CAF800306369A9441D44E36857
:10CB0C006561AB422CBFE360E5608BE76169E3686C
:10CB1C00994206D33046FFF752FA0028A9D1C6F83D
:10CB2C0020B0C4F81CB065693046C5F30805C5F5DE
:10CB3C0000754545E16928BF4546FFF75BFB0028BA
:10CB4C0097D1636906F13400C3F3080318442A46ED
:10CB5C00494601F04BFC4FF001033371C5E709273F
:10CB6C007AE7072778E7F7B501A90646FFF70DFA2C
:10CB7C0070BB347C14F0400427D0019F316A3846D6
:10CB8C00FFF738FB044600BB756AEB7A294643F085
:10CB9C002003EB72B2683068FFF720FBF16805F1F7
:10CBAC001C00FFF7D0F921232B765A236B76012337
:10CBBC00AC75EC75AC74EC7438463B71FFF7BFFA8E
:10CBCC000446337C23F040033374204603B0F0BD9D
:10CBDC000924FAE713B50446FFF7C5FF28B9204628
:10CBEC0001A9FFF7D2F910B9206002B010BD0920DD
:10CBFC00FBE72DE9F7430D4601A90446FFF7C5F9FC
:10CC0C0000287DD1667C002E51D1E368AB4204D262
:10CC1C00227C12F0020F08BF1D460022636962617C
:10CC2C009DB90020E2686369934282BF227CE36075
:10CC3C0042F04002C3F3080388BF2274002B36D0A5
:10CC4C00E369834233D0E06131E0DDF80480B8F869
:10CC5C000A707F027BB1013B6A1EB2FBF7F2B3FB99
:10CC6C00F7F18A4207D37A421340A1696361ED1A46
:10CC7C000029D6D002E0A16889B1A161BD426369E7
:10CC8C0020D863692B446361C5F30803002BC8D01B
:10CC9C004046FFF760F940B100EB5520C2E7204653
:10CCAC00FFF7F5FB0128014605D1022666743046D4
:10CCBC0003B0BDE8F083481C01D10126F6E7A16062
:10CCCC00A161D5E73B446361237CA5EB07099A0777
:10CCDC0006D52046FFF7DBFB054628B90146D0E711
:10CCEC002068FFF747FB05466B1CE6D0012DDCD90D
:10CCFC00D8F81830AB42D8D92946A5614D46BDE7C6
:10CD0C000926D4E770B5ADF5047D044601AE01915A
:10CD1C0068B303AD002229463046F9F7A5F9D8B916
:10CD2C00039D04AB256020460199EB60F9F7DEFB0F
:10CD3C00B8B994F92B30002B07DBA379DB0614D59B
:10CD4C002878E169FFF70EFBA060EB8800212046F4
:10CD5C00A380FFF769FC08B1002323600DF5047D67
:10CD6C0070BD042808BF0520F6E70520F4E709206C
:10CD7C00F4E713B501A90446FFF707F900B92060E1
:10CD8C0002B010BD70B5ADF5027D01AE0C4631465A
:10CD9C000546FFF7FAF8F0B93CB9214628460DF5DF
:10CDAC00027DBDE87040FFF73FBC336802AADA6031
:10CDBC00A0752846F9F77AFA10F0FB0612D1214635
:10CDCC002846FFF71DF931462846FFF7D8FB042803
:10CDDC0006D1304601E0092024B90DF5027D70BD65
:10CDEC000028FAD00023A375F7E7F0B5ADF50F7D59
:10CDFC0001AF02AE01900D46002231463846F9F7DC
:10CE0C0033F90446B0B9029B0EAA30460199DA6098
:10CE1C00F9F76CFB044668B99DF93330002B08DB3D
:10CE2C001DB129463046FFF7EBF820460DF50F7D76
:10CE3C00F0BD0624002DF8D00023AB75F5E72DE9E5
:10CE4C00F04F85B001908846164603A9002201A830
:10CE5C00F9F70AF9054648B9039C3460D4E9053959
:10CE6C00A9F10202934205D8C8F80030284605B053
:10CE7C00BDE8F08F2378012B17D1022706463946DF
:10CE8C002046FFF777FA431C34D0012834D000B980
:10CE9C000136A3690137BB42F1D8C8F80060637949
:10CEAC00666143F001036371E0E707460646A16A39
:10CEBC0004F1340A37B9204601F1010BFFF79AF956
:10CECC00C0B959462378022B0AD1E3199B8E03B9BA
:10CEDC0001360237B9F10109C7F30807EAD1DCE7DB
:10CEEC000AEB0700FFF72DF830F0704308BF01364E
:10CEFC000437EFE70125B9E70225B7E773B501A9B8
:10CF0C000446FFF742F8002832D1657CB5B9237C82
:10CF1C009A072FD56669E3689E420FD28EB92A46CE
:10CF2C002046A168FFF77CFA0546A6606369E360BA
:10CF3C00237C43F04003237405B16574284602B08A
:10CF4C0070BDA1692068FFF715FA431C01460BD090
:10CF5C0001280BD0019B9B698342E7D92046A2692B
:10CF6C00FFF75EFA0546E1E70125DFE70225DDE77D
:10CF7C000925E3E70725E1E72DE9F041ADF51C7D37
:10CF8C0001AF03AD0190022229463846F9F76CF83F
:10CF9C000446A8B9039E04AD1CAB28460199F36066
:10CFAC002E60F9F7A3FA044650B995F82B3013F01C
:10CFBC00A00F3BD195F8068018F0010F05D007247F
:10CFCC0020460DF51C7DBDE8F081E9693078FFF74E
:10CFDC00C9F918F0100F07460BD12846FFF764FB70
:10CFEC0004460028ECD1C7B93046FFF7A8F8044630
:10CFFC00E6E70DF140082146129040461096FFF7E7
:10D00C0013FB04460028DBD14046F9F74FF90446E0
:10D01C000028D4D00428D3D1DFE70246394628466D
:10D02C00FFF7FEF904460028CAD1DDE70624C7E75E
:10D03C002DE9F041ADF5147D01AD03AF0190022255
:10D04C0039462846F9F710F80446804688B93B68FB
:10D05C0008AE14AA30460199DA603360F9F746FA43
:10D06C00044658B996F82B3013F0A00F0CBF0824C7
:10D07C00062420460DF5147DBDE8F0810428F8D176
:10D08C003B68414604A80493FFF701FA05460028C3
:10D09C0062D0012862D0431C06D10124002229460B
:10D0AC0004A8FFF7BDF9E4E701463868FFF732F949
:10D0BC0003460028F1D14FF020323868C0F83520F3
:10D0CC00C0F83920A0F83D2080F84A302E2280F894
:10D0DC004B30212380F8342080F84C3010225A2316
:10D0EC0080F83F2080F84D302A4600F13401FFF7DC
:10D0FC0075F800F154031A4651F8044B994242F862
:10D10C00044BF9D12E234FF0010880F85530B2684A
:10D11C00FFF764F880F804803046F9F74BFB0446BF
:10D12C000028BBD121215A22F3699873D8735A7401
:10D13C001974F3699875D8755A76197638682A4631
:10D14C00F169FFF74BF81022F369DA7280F804806A
:10D15C00FEF7F5FF04468CE707249FE702249DE7C2
:10D16C002DE9F043ADF5257D019001AE684603AC89
:10D17C000091F8F7F3FE022221463046E946F8F713
:10D18C0073FF002840F08480039C24ABE3600023F1
:10D19C000CAD284601992C60AB60F9F7A7F9002873
:10D1AC0076D195F82B3013F0A00F75D1EE69D5F828
:10D1BC000880334604AF06F1200C3A4618685968CB
:10D1CC00083303C263451746F7D1F77A18AEB44655
:10D1DC00AE46BEE80F00ACE80F00BEE80F00ACE8AE
:10D1EC000F009EE80F008CE80F003046D9F80010B5
:10D1FC00F9F77CF940B9B368434503D132692B691F
:10D20C009A4203D0082043E0042841D13046F9F774
:10D21C00D1FA00283CD1F1690DF11D0301F10D0289
:10D22C000DF12D0053F804CB834242F804CBF9D115
:10D23C00188810809B789370FA0658BF47F0200727
:10D24C00CF7201272771CB7ADB061AD5B368434519
:10D25C0017D02078FFF786F801462046FEF77BFEB4
:10D26C000146D8B12046FEF7C5FF88B994F8553071
:10D27C002E2B06D12046B26804F15401FEF7AEFF06
:10D28C0027712846FFF710FA10B92046FEF757FF12
:10D29C000DF5257DBDE8F0830620F9E70220F7E7C0
:10D2AC00012307B505210DF107028DF80730F9F7B9
:10D2BC0085FF03B05DF804FB03460020184700F01F
:10D2CC0030BC024610B5116891B1B1FA81F3C3F1CB
:10D2DC001F000123834021EA0303D2E8EF4F8C4265
:10D2EC0004D1C2E8EC3FBCF1000FF6D1EBD110BD7C
:10D2FC006FF00B00FBE710B50368CB40DB0710D4D5
:10D30C0001238B40026843EA0201D0E8EF4F9442BC
:10D31C0004D1C0E8EC1FBCF1000FF6D1F2D1002013
:10D32C0010BD6FF01500FBE7FAF7B8B810B1012883
:10D33C0002D07047FAF71AB9FAF7C8B918B1012830
:10D34C0003D100F00CB800F008B8704708B5FAF734
:10D35C00F1F9BDE80840FAF749B9FAF7DBB8FAF782
:10D36C007DB9F7B51646DDE90847019001A81D46C1
:10D37C00FAF71AFA019BB6F1000C18BF4FF0010C2A
:10D38C0000EB83000B1E18BF0123002D43EA4C0356
:10D39C000CBF4FF0000C4FF00C0C002C43EA0C03AC
:10D3AC000CBF4FF0000C4FF4706C002F43EA0C03D1
:10D3BC000CBF4FF0000C4FF4403CD0F8802043EAF7
:10D3CC000C0322EA030301B109780EB1367876001A
:10D3DC0019430DB12D78AD0031430CB124782402E2
:10D3EC0029430FB13F783F040C433C43C0F88040C5
:10D3FC0003B0F0BD1FB50DF10F03019300238DF8A1
:10D40C000F101A4619460093FFF7ABFF05B05DF8F5
:10D41C0004FB10B504460846FAF7D6F904EB4004B1
:10D42C00207DC0F3401010BD10B504460846FAF735
:10D43C00CBF904EB4004207DC0F3400010BD10B5C7
:10D44C0004460846FAF7C0F904EB4004A08A400BE6
:10D45C0010BD70B5044608461646FAF7B5F9083003
:10D46C0034F810300D46DA0509D5C3F3432304EB29
:10D47C00C3023146284654F8333052689847A368A3
:10D48C002BB131462846E268BDE87040184770BDA4
:10D49C0010B504460846FAF797F904EB4000838A66
:10D4AC00DA051DD5C3F3432123F4F853838204F129
:10D4BC00120204F1580032F8023F13F4807F03D0BB
:10D4CC00C3F3432399420BD08242F4D1002204EBE4
:10D4DC00C1035A6004F16000BDE81040FFF70BBFB8
:10D4EC0010BDF0B504460020012705468446954240
:10D4FC000AD1D4F8443133B10023C4F84431D4F800
:10D50C00443140F40030F0BDEBB29B0003F5807663
:10D51C009B0807FA03F3194208D054F806E0BEF151
:10D52C00000F03D044F806C0A65918430135DEE7B6
:10D53C0038B504460D46FFF76CFFA8B12046FFF73F
:10D54C0073FF88B92046FFF77AFF012322688340D6
:10D55C00C2F81833236803EB8000D0F8103523F0A1
:10D56C000303C0F8103538BD2846BDE8384000210B
:10D57C00FFF740BF2DE9F0431746044685B0084637
:10D58C00FAF722F9D7F800800E460546B8F1000FDD
:10D59C001ED02046FFF748FF18B12046FFF739FF91
:10D5AC0020BB00230DF10F02CDE900338DF80E30B6
:10D5BC008DF80F30304643460DF10E01FFF7D1FECA
:10D5CC0004EB4502938A23F0020343F00103938298
:10D5DC007B689BB33146204693F80080D3F80490C7
:10D5EC00FFF722FF28B1B9F1000F1FD06FF0150023
:10D5FC0027E004EB4500838A23F4604323F02003E7
:10D60C008382B9F1000F11D0B8F1030FEED87B680B
:10D61C0021685B6893F800C04FEA8C031944B8F199
:10D62C00000F11D1C1F81085C1F8108504EB45022B
:10D63C00938A23F01C0343EA88039382BB684BBB99
:10D64C00002005B0BDE8F083D1F8102522F00302CC
:10D65C00C1F8102522681344D3F8102522F4473260
:10D66C0022F47C72C3F8102541F6F072D3F8101531
:10D67C0002EA061242EA08420A43C3F8102504EBF8
:10D68C004C03A3F86460838A43EA4C3343F02003D1
:10D69C008382CBE73146D3E900782046FFF7F8FECA
:10D6AC00002FCDD063689F4206D004F16000FFF7D5
:10D6BC0008FE002804DAC4E7A3689845F5D10020D9
:10D6CC0004EBC003C3E9017804EB4505AB8AC0B297
:10D6DC0043EA402343F48073AB82B1E7C0E9031201
:10D6EC00704770B504461546FFF793FE48B10846DF
:10D6FC00FAF76AF804EB40040020A38A5B0B2B704A
:10D70C0070BD6FF01500FBE790F87400003818BF7F
:10D71C0001207047FAF78EB82DE9F34104461746FD
:10D72C00FFF777FE0D462668F0B12046FFF77CFE2A
:10D73C008046C8B92046FFF782FE820002F580734E
:10D74C0046F80380F35823681344D3F8102542F0AD
:10D75C000102C3F8102527B1012322688340C2F8C7
:10D76C00143302B0BDE8F081D6F8143328469B037D
:10D77C005CBF4FF40033C6F81433FAF725F804EB0A
:10D78C004004A38AC3F38203042B11D0052B11D0C0
:10D79C0001A80195FAF708F8019BC168D94001F07E
:10D7AC0001010231284602B0BDE8F041FFF722BE6C
:10D7BC000321F7E70221F5E7FFF7BABE08B5FAF740
:10D7CC00FFFBBDE80840FFF7C1BDC9B2FAF730BC9A
:10D7DC0030B50124054690084038844014EA010015
:10D7EC0009D0A85838B10021A950AA5813B11A6809
:10D7FC0022431A60012030BD00232DE9F341044679
:10D80C000D460193904601AB4FF48072FFF7E0FF99
:10D81C004FF4827229462046FFF7DAFF4FF48472E8
:10D82C00074629462046FFF7D3FF064630B1B8F12C
:10D83C00000F1DD017B13E46D4F80C374FF4A6722A
:10D84C002946204601ABFFF7C3FF30B1B8F1000FFA
:10D85C0003D016B90FB1D4F80C374FF4B472294673
:10D86C00204601ABFFF7B4FF019802B0BDE8F08190
:10D87C004646E3E707B5019001A8FAF7E5FB01235B
:10D88C00019A9340436003B05DF804FB07B5019027
:10D89C0001A8FAF7D9FB0123019A9340836003B0E6
:10D8AC005DF804FB70B54B7F04460D467BB101233C
:10D8BC0064264360002202212046FFF79DFF20B919
:10D8CC000120FFF7FCFC013EF4D100236B77002311
:10D8DC00C4F8003570BDF8B51E4690F820300446EB
:10D8EC000D46174693B919B14969FAF7BDFB80B1DA
:10D8FC00C4E901761DB129462046FAF7FBFB00204E
:10D90C00012384F8210084F82030F8BD6FF07700F3
:10D91C00FBE76FF01500F8E770B590F8203005467E
:10D92C000E4673B190F8213003F0FF0463B94969D6
:10D93C00FAF79AFB58B128463146FAF7DBFB20463A
:10D94C0070BD6FF07600FBE76FF00F00F8E76FF03B
:10D95C001500F5E7F0B590F8213005460E46174650
:10D96C0085B0002B40F09A8043682BB112F0140F55
:10D97C0004BF012380F8213005F1100496E80F0054
:10D98C0084E80F00686A431C05D095F822309C0788
:10D99C0017D5FFF76FFF33682C6823B103F0604392
:10D9AC00B3F1005F06D1B36873B103F06043B3F118
:10D9BC00005F09D000236FF00C0085F8213005B012
:10D9CC00F0BDFFF763FFE6E717F0010318BF012373
:10D9DC00C4F84C3717F0020318BF0123C4F81437EE
:10D9EC00D6E900C1D6E902230026C4F83CC7C4F826
:10D9FC004017C4F80427C4F80837C4F80861D4F8F1
:10DA0C0008010720C4F8000595F8220040070BD543
:10DA1C008220C4F8840C686830B1C4F80061D4F872
:10DA2C0000010120C4F8040317F0080612D14FF0CE
:10DA3C00010E6868C4F800E060B9D4F80801002849
:10DA4C00FBD0CDE900C1CDE9022304216A46204672
:10DA5C00FFF7D2FE6B68C3B995F82220510748BF77
:10DA6C00C4F8843C686A421C05D095F822309B07A8
:10DA7C0008D5FFF70BFF1EB92046291DFFF712FF33
:10DA8C0000209CE7FFF7F6FEF5E7042317F0040FE0
:10DA9C0014BFC4F80833C4F80433F1E76FF00F0077
:10DAAC008DE7011D0068FFF7FDBE70B590F82230C0
:10DABC0004460568580710D5D5F80433D9070CD59A
:10DACC00D5F800314BB10023C5F80031D5F8002151
:10DADC00C5F8843C0123C5F808330421284604F119
:10DAEC001002FFF789FED8B1606A421C05D094F889
:10DAFC0022309B0711D5FFF7C9FE94F821301BB1DA
:10DB0C002846211DFFF7CEFE2046002300F80C3FCF
:10DB1C00D4E90131BDE870401847FFF7ABFEECE7E4
:10DB2C0070BD08B1F5F74EBA704710B5436904469D
:10DB3C003BB90020E2684042537843F00103537034
:10DB4C0010BD98470028F4D00028B8BF4042FF28E9
:10DB5C00A8BFFF20E3681870ECE740B1C3685878A1
:10DB6C0010F001001EBF1878B0FA80F04009704721
:10DB7C007FB50BAB059303930A9B01220293002301
:10DB8C001846CDE90033F3F7DFFE07B05DF804FB70
:10DB9C00EFF31183202383F31288BFF36F8FFEE71B
:10DBAC0010B542696AB1836842EA0301890708D15A
:10DBBC000169A2FB011424B95B182CBF01210021BF
:10DBCC0002D36FF0150005E0C1609B1A02698A420E
:10DBDC0001D8002010BDC26801311A604269C360CF
:10DBEC009B1AF3E72DE9F04105460F46EFF3118838
:10DBFC00202383F31288BFF36F8FC668FEB90468C5
:10DC0C00A0421CD0DCB1D4E9003213605A60237CF2
:10DC1C00C4E9006623F002032374A66004F1180023
:10DC2C0000F048F92046C4F88060676100F078F88D
:10DC3C00414605F10800BDE8F04100F0A4B83E6093
:10DC4C00AB69EF60013BAB6188F31188BFF36F8F59
:10DC5C00BDE8F081202408B5EFF3118384F312881A
:10DC6C00BFF36F8FFCF7F9FFF6E790F90E308B429C
:10DC7C0001D0FAF7EDBF0020704703460020C3E93E
:10DC8C000033C3E9020070473AB18A4205D3C0E9B8
:10DC9C000212C0E90000002070476FF015007047B9
:10DCAC00EFF30580003818BF012070470020704743
:10DCBC00D0E9003213605A600023C0E9003370478A
:10DCCC0008B5FFF7F5FF037C23F002030374002370
:10DCDC00836008BD38B504460D46FAF715FF237C62
:10DCEC0043F002032374D5B1A5602B689D4209D182
:10DCFC006B68C4E900531C606C6010E06A689A425F
:10DD0C00F6D01B68002BF3D093F90E1094F90E206B
:10DD1C009142F3DD5A68C4E9003214605C6038BD8E
:10DD2C0010B5EFF31184202383F31288BFF36F8FA8
:10DD3C00FAF7AAFE84F31188BFF36F8F10BD08B5F4
:10DD4C00037C014613F0280F0CD183680BB1FFF74D
:10DD5C00B7FF0B7C084623F004030B74BDE80840A6
:10DD6C00FAF792BE08BD10B5EFF31184202383F3AC
:10DD7C001288BFF36F8F1838FFF7E1FF84F3118817
:10DD8C00BFF36F8F10BD0846FAF7F6BE70B50646A6
:10DD9C000D46FBF751F8B5F1FF3F08BFB6F1FF3F59
:10DDAC0004460CD047F6112000214FF47A7547F643
:10DDBC0012220023E4FB0501F2F75AFB70BD4FF071
:10DDCC00FF30FBE708B5C3171F3043F100034009D0
:10DDDC0040EAC360C117FBF72FF8400108BD38B506
:10DDEC000446EFF31185202383F31288BFF36F8F62
:10DDFC00037C5B070ED5183000F05CF8237C2046C2
:10DE0C0023F004032374FAF73FFE2846BDE838409C
:10DE1C00FAF7B2BE85F31188BFF36F8F38BD2DE9C9
:10DE2C00F04706460F4691469A46EFF31188202399
:10DE3C0083F31288BFF36F8F0068864206D028B137
:10DE4C00736898420CBF0025056868B90024B9F1C5
:10DE5C00000F02D051462046C84788F31188BFF303
:10DE6C006F8F2046BDE8F0875146B847044600281E
:10DE7C00EDD135B17368AB4200D02C6828462546ED
:10DE8C00E3E72C46FAE708B50246FBF735F970B123
:10DE9C00D0E904319B1A61EBE272B3F1004F72F1DD
:10DEAC00000104DA002AACBF1846002008BD6FF050
:10DEBC000040FBE7024638B5EFF31185202383F3CE
:10DECC001288BFF36F8F0368D3B1FBF715F90446C3
:10DEDC001046FBF723F900224FF000438442C0E9BF
:10DEEC00042305D0002085F31188BFF36F8F38BD54
:10DEFC00FBF70AF9FFF7C7FF0021F7F7DFFFF1E7A0
:10DF0C00D0E90413B3F1004F08BF012904D100205C
:10DF1C004FF00041C2E904016FF01500E3E708B5CA
:10DF2C00FBF704FA08BDFBF701BA704710B400F117
:10DF3C000C04C0E9034410BCFCF7ACBB10B5836AFD
:10DF4C0004461BB101212430FBF71AFB0020A06210
:10DF5C0010BD38B50446FFF7F1FF237F012B0FD01E
:10DF6C00023B012B0FD8236A012B14BF6FF09605CF
:10DF7C0000252C220021204600F045FA284638BD09
:10DF8C00236A002BF1E76FF09605F2E7FBF75ABB1B
:10DF9C00704700207047002070474FF0FF324FF061
:10DFAC00FF33FAF7B5BBFAF725BC0A2842DCC31CD1
:10DFBC001FDA10F1400F45D010F13F0F2BDA10F1A2
:10DFCC00410F42D010F1550F42D010F1490F14BF40
:10DFDC006FF086006FF08400704709282DD8DFE8B9
:10DFEC0000F0052C2C2F172C372C2C3A6FF09800A6
:10DFFC00704703300D2820D8DFE800F00A331F22C9
:10E00C001F1F1F1F1F1F071F1F076FF09400704754
:10E01C006FF08500704710F1210F1FD00DDB10F150
:10E02C00200F1ED010F1100F14BF6FF086006FF090
:10E03C009400704764380928CFD96FF08600704778
:10E04C00002070476FF0840070476FF089007047B4
:10E05C006FF0930070476FF08C0070476FF0880082
:10E06C0070476FF09200704710B501380A44914226
:10E07C0000D110BD10F8013F11F8014B6340037043
:10E08C00F5E70144814200D1704711F8013D1A4473
:10E09C000A70120AF6E707B501A9FBF77BFB0038FB
:10E0AC0018BF012003B05DF804FB30B589B00546FC
:10E0BC0018220C4601A8002100F0A5F9012344EA1E
:10E0CC00052401A9BA2007940593FBF71DFB002832
:10E0DC0018BF6FF0920009B030BDF7B5BA2001A996
:10E0EC00FBF758FB044610B1002003B0F0BD019DB6
:10E0FC002F0AEDB2AC4205D1BA20FBF731FB002858
:10E10C00F2D008E0E6193046FBF72AFB30B1304676
:10E11C00FFF7C1FF10B96FF09200E6E70134E9E7B1
:10E12C0008B5F820FFF7B7FF18B9F920FFF7B3FFD0
:10E13C0010B16FF0920008BDF820FBF703FB00282C
:10E14C00F7D1F920FBF7FEFA0028F4D0F1E7022210
:10E15C0003689A607047C0F30B03482B4B6028BFD1
:10E16C00482310F4003F8B6008BF0023CB6010F4F1
:10E17C00803308BFC1E9013300F47003B3F5700FAD
:10E18C0014BF00238B6800284FF0010C4FF00802DD
:10E19C008B60B8BF0023C1E905C2B8BFC1E9053324
:10E1AC007047F7B506460D46202D2F46A8BF2027F1
:10E1BC0000216846FBF7E6FE044670B93A46314644
:10E1CC006846FBF731FF10F1520F044608D0431C90
:10E1DC00F4D0684600F059F834B1204603B0F0BDD5
:10E1EC00684600F052F8E3E7EC1B3E44F5D02546B8
:10E1FC00DAE738B5BFF35F8F4FF0A344E569BFF39F
:10E20C005F8FBFF35F8F10236363BFF35F8F0120BA
:10E21C0000F060F8BFF35F8F00236363BFF35F8F81
:10E22C00BFF35F8FE36BBFF35F8F5B06F8D425B151
:10E23C00BFF35F8FE561BFF35F8F38BD08B5FBF7A8
:10E24C00ABFC30B9BFF35F8F4FF0A343986ABFF3B9
:10E25C005F8FBFF35F8F4FF0A342D36BBFF35F8F22
:10E26C0010F0240F03F0230304D0FFF7C2FF6FF06C
:10E27C001F0008BD4FF0FF30002BFAD1BFF35F8FAA
:10E28C001063BFF35F8F1846F3E710B503780446AD
:10E29C001BB1FBF7A1F900232370002010BD4FF038
:10E2AC00FF324FF0FF33FAF733BAFAF7A3BA00F0A4
:10E2BC008DB807B54FF0FF334FF0FF32CDE9002397
:10E2CC00002200F090F803B05DF804FB00F087B872
:10E2DC0000F081B8FFF776BD10B58B4294BFC4181F
:10E2EC004418A04200D110BD00F8012BF9E700231F
:10E2FC001A4682B001908B4201D102B0704701984E
:10E30C00C2540133F7E72DE9F3470446DDE90A98D7
:10E31C0015460E4659B302F0010AFAF7C9FD074635
:10E32C00EFF31181202383F31288BFF36F8FA807BB
:10E33C0044BF0023A360A36803EA0600BAF1000FF0
:10E34C000CD086420CD16A0744BF8343A36081F38F
:10E35C001188BFF36F8F02B0BDE8F0870028F2D1AF
:10E36C0059EA080305D181F31188BFF36F8F0020A0
:10E37C00F1E7C7E918652246CDE9009804F10C00D5
:10E38C00FAF744FC0028F2D1386EE4E710B50B68BC
:10E39C000446D0E9180212F0010F03EA000301D081
:10E3AC00984211D183B12366520748BF4A6804F1E1
:10E3BC00180044BF1A434A60FFF77CFD0023204637
:10E3CC00C4F88030FFF7BBFC002010BD0023C0E96F
:10E3DC000000836070474FF0FF32FBF78DBE0A469A
:10E3EC000021FBF789BE5200FFF78DBF0A44431E84
:10E3FC00914200D1704710B511F8014B914203F8CE
:10E40C00014FF9D110BD02440346934200D170472D
:10E41C0003F8011BF9E70139024410B5904201D110
:10E42C00002005E0037811F8014FA34201D0181B1E
:10E43C0010BD0130F2E7C9B20346184613F8012BA0
:10E44C0012B18A42F9D17047002918BF00207047D9
:10E45C0010B56AB10139841810F8012B11F8013F7D
:10E46C009A4203D1A04201D0002AF5D1D01A10BD96
:10E47C001046FCE70139034610B532B111F8014FD3
:10E48C00013A03F8014B002CF7D11A4400219342B6
:10E49C0000D110BD03F8011BF9E70246014410B589
:10E4AC008A42134603D01C780132002CF8D1181A7A
:10E4BC0010BDF0B5C3F13707044603F01F03104637
:10E4CC00FFB2082BE6B232D0102B3DD06508A40861
:10E4DC0045EAC17544EA81748A082D1942EB510250
:10E4EC00290941EA02716D1842EB1212290A41EA1C
:10E4FC0002616D1842EB1222290C41EA02416D189F
:10E50C0042EB1242AD1842F10002EC0844EA4274AC
:10E51C00D10804EB8402A6EB4205EDB2092D0CD90F
:10E52C000134A5F10A0541F10001EDB212E0E40855
:10E53C0006F0070544EA4174C908303554EA010273
:10E54C0000F8015BBDD1F0BD240906F00F0544EACB
:10E55C0001740909092D84BFED19EDB2EDE7D1E97C
:10E56C00043293421EBF5A1C0A6118707047000097
:08E57C00681FFF7F0100000091
:10E58400292F000000000000195E000000000000B8
:10E594000000000054E600000000000074E60000E3
:10E5A4009986000000000000759300000000000040
:10E5B4000000000094E6000000000000D4E6000023
:10E5C40000000000B4E600000000000014E70000B2
:10E5D40000000000F4E60000FD4B00000000000015
:10E5E4001DBF00000000000055A90000000000004D
:10E5F400052F0000000000007D4F00000000000017
:10E604000000000094E700000000000074E7000030
:10E614000000000054E700000000000034E70000A0
:10E6240000000000B4E7000031BF0000000000005B
:10E6340000000000D4E7000000000000F4E7000040
:10E64400053A0000000000008D1F000000000000DB
:10E65400C512010000000000D4F000002E040020C8
:10E664000000000049B700000000000000000000A6
:10E67400D31101005CF30000B8F000001E04002078
:10E68400C00B0020654900000000000000000000ED
:10E69400FA11010080F300008CF000002004002037
:10E6A400140C00204D4C0000000000003402002037
:10E6B4000612010094F300008CF0000022040020F4
:10E6C400200C00204D4C00000000000044020020FB
:10E6D40011120100A8F300008CF0000024040020B3
:10E6E4002C0C00204D4C00000000000054020020BF
:10E6F400B6130100A4F4000040F10000320400202D
:10E70400980C0020B7BA000000000000BC020020F2
:10E71400C1130100FCF4000040F1000034040020A7
:10E72400A00C0020D5BA000000000000CC0200209C
:10E734008E120100C8F30000DCF000002604002063
:10E74400380C0020AD510000000000000000000063
:10E7540097120100F8F30000DCF000002804002008
:10E76400500C0020AD51000000000000000000002B
:10E77400A012010028F40000DCF000002A040020AC
:10E78400680C0020AD5100000000000000000000F3
:10E79400A912010058F40000DCF000002C04002051
:10E7A400800C0020AD5100000000000000000000BB
:10E7B4002014010054F50000B0F0000036040020DD
:10E7C400EC0200201959000000000000DC020020C7
:10E7D400A613010088F400001CF10000300400209E
:10E7E400640200200D53000000000000000000003F
:10E7F400C411010030F30000000000001C040020DC
:10E80400C40A0020BD480000000000000000000011
:10E814000000000043AC00000000000043AC000016
:10E824000000000043AC00000000000043AC000006
:10E834000000000043AC00000000000043AC0000F6
:10E844000000000043AC00000000000043AC0000E6
:10E854000000000043AC00000000000043AC0000D6
:10E864000000000043AC00000000000043AC0000C6
:10E874000000000043AC00000000000043AC0000B6
:10E884000000000043AC00000000000043AC0000A6
:10E894000000000043AC00000000000043AC000096
:10E8A4000000000043AC00000000000043AC000086
:10E8B4000000000043AC00000000000043AC000076
:10E8C4000000000043AC00000000000043AC000066
:10E8D4000000000043AC00000000000043AC000056
:10E8E4000000000043AC00000000000043AC000046
:10E8F4000000000043AC00000000000043AC000036
:10E904000000000043AC00000000000043AC000025
:10E914000000000043AC00000000000043AC000015
:10E924000000000043AC00000000000043AC000005
:10E934000000000043AC00000000000043AC0000F5
:10E944000000000043AC00000000000043AC0000E5
:10E954000000000043AC00000000000043AC0000D5
:10E964000000000043AC00000000000043AC0000C5
:10E974000000000043AC00000000000043AC0000B5
:10E984000000000043AC00000000000043AC0000A5
:10E994000000000043AC00000000000043AC000095
:10E9A4000000000043AC00000000000043AC000085
:10E9B4000000000043AC00000000000043AC000075
:10E9C4000000000043AC00000000000043AC000065
:10E9D4000000000043AC00000000000043AC000055
:10E9E4000000000043AC00000000000043AC000045
:10E9F4000000000043AC00000000000043AC000035
:10EA04000000000043AC00000000000043AC000024
:10EA14000000000043AC00000000000043AC000014
:10EA24000000000043AC00000000000043AC000004
:10EA34000000000043AC00000000000043AC0000F4
:10EA44000000000043AC00000000000043AC0000E4
:10EA540000000000159B00000000000043AC000013
:10EA64000000000043AC00000000000043AC0000C4
:10EA74000000000043AC00000000000043AC0000B4
:10EA84000000000043AC00000000000043AC0000A4
:10EA94000000000043AC00000000000043AC000094
:10EAA4000000000043AC00000000000043AC000084
:10EAB4000000000043AC00000000000043AC000074
:10EAC4000000000043AC00000000000043AC000064
:10EAD4000000000043AC00000000000043AC000054
:10EAE4000000000043AC00000000000043AC000044
:10EAF4000000000043AC00000000000043AC000034
:10EB04000000000043AC00000000000043AC000023
:10EB14000000000043AC00000000000043AC000013
:10EB24000000000043AC00000000000043AC000003
:10EB34000000000043AC00000000000043AC0000F3
:10EB44000000000043AC00000000000043AC0000E3
:10EB54000000000043AC00000000000043AC0000D3
:10EB64000000000043AC00000000000043AC0000C3
:10EB74000000000043AC00000000000043AC0000B3
:10EB84000000000043AC00000000000043AC0000A3
:10EB94000000000043AC00000000000043AC000093
:10EBA4000000000043AC00000000000043AC000083
:10EBB4000000000043AC00000000000043AC000073
:10EBC4000000000043AC00000000000043AC000063
:10EBD4000000000043AC00000000000043AC000053
:10EBE4000000000043AC00000000000043AC000043
:10EBF4000000000043AC00000000000043AC000033
:10EC04000000000043AC00000000000043AC000022
:10EC14000000000043AC00000000000043AC000012
:10EC24000000000043AC00000000000043AC000002
:10EC34000000000043AC00000000000043AC0000F2
:10EC44000000000043AC00000000000043AC0000E2
:10EC54000000000043AC00000000000043AC0000D2
:10EC64000000000043AC00000000000043AC0000C2
:10EC74000000000043AC00000000000043AC0000B2
:10EC84000000000043AC00000000000043AC0000A2
:10EC94000000000043AC00000000000043AC000092
:10ECA4000000000043AC00000000000043AC000082
:10ECB4000000000043AC00000000000043AC000072
:10ECC4000000000043AC00000000000043AC000062
:10ECD4000000000043AC00000000000043AC000052
:10ECE4000000000043AC00000000000043AC000042
:10ECF4000000000043AC00000000000043AC000032
:10ED04000000000043AC00000000000043AC000021
:10ED14000000000043AC00000000000043AC000011
:10ED24000000000043AC00000000000043AC000001
:10ED34000000000043AC00000000000043AC0000F1
:10ED44000000000043AC00000000000043AC0000E1
:10ED54000000000043AC00000000000043AC0000D1
:10ED64000000000043AC00000000000043AC0000C1
:10ED74000000000043AC00000000000043AC0000B1
:10ED84000000000043AC00000000000043AC0000A1
:10ED94000000000043AC00000000000043AC000091
:10EDA4000000000043AC00000000000043AC000081
:10EDB4000000000043AC00000000000043AC000071
:10EDC4000000000043AC00000000000043AC000061
:10EDD4000000000043AC00000000000043AC000051
:10EDE4000000000043AC00000000000043AC000041
:10EDF4000000000043AC00000000000043AC000031
:10EE04000000000043AC00000000000043AC000020
:10EE14000000000043AC00000000000043AC000010
:10EE24000000000043AC00000000000043AC000000
:10EE34000000000043AC00000000000043AC0000F0
:10EE440014E700005BBA0000F4E600005BBA0000BF
:10EE5400EC020020B7DA00000000000043AC000020
:10EE64000000000043AC00000000000043AC0000C0
:10EE74000000000043AC00000000000043AC0000B0
:10EE84000000000043AC00000000000043AC0000A0
:10EE94000000000043AC00000000000043AC000090
:10EEA4000000000043AC00000000000043AC000080
:10EEB4000000000043AC00000000000043AC000070
:10EEC4000000000043AC00000000000043AC000060
:10EED4000000000043AC00000000000043AC000050
:10EEE4000000000043AC0000B401002069B400003D
:10EEF4000000000043AC00000000000043AC000030
:10EF04000000000043AC00000000000043AC00001F
:10EF14000000000043AC00000000000043AC00000F
:10EF24000000000043AC00000000000043AC0000FF
:10EF34001D7F0000C5D200000000000043AC0000AB
:10EF44000000000043AC00000000000043AC0000DF
:10EF54000000000043AC00000000000043AC0000CF
:10EF64000000000043AC00000000000043AC0000BF
:10EF74000000000043AC00000000000043AC0000AF
:10EF84000000000043AC00000000000043AC00009F
:10EF94000000000043AC00000000000043AC00008F
:10EFA4000000000043AC00000000000043AC00007F
:10EFB4000000000043AC00000000000043AC00006F
:10EFC4000000000043AC00000000000043AC00005F
:10EFD4000000000043AC00000000000043AC00004F
:10EFE4000000000043AC00000000000043AC00003F
:10EFF4000000000043AC00000000000043AC00002F
:10F004000000000043AC00000000000043AC00001E
:10F014000000000043AC00000000000043AC00000E
:10F024000000000043AC00000000000043AC0000FE
:10F034000000000043AC0000C9D70000C5D20000A6
:10F044000000000043AC00000000000043AC0000DE
:10F054000000000043AC00000000000043AC0000CE
:10F064000000000043AC00000000000043AC0000BE
:10F074000000000043AC00003C01002069B4000023
:08F084000000000043AC000095
:10F08C00A54C0000C9B30000D5B30000E9B30000E3
:10F09C00F3B30000FDB30000794E000011B4000082
:04F0AC000000000060
:08F0B000455A000023BC0000DA
:10F0B800BD49000037B300009BB30000000000000A
:0CF0C800D3B200000000000000000000B7
:08F0D400000000000000000034
:10F0DC00CFB6000033B70000EDB6000005B7000056
:10F0EC00000000001FB7000000000000000000003E
:10F0FC000000000000000000000000000000000004
:10F10C0000000000000000000000000000000000F3
:10F11C0091520000AD53000025560000C9B7000005
:10F12C00000000009DB70000A1520000000000008C
:04F13C0000000000CF
:0CF1400073BA0000E957000065BA000037
:10F14C00C811010003000000680401000300000066
:10F15C00EC11010003000000331601000300000055
:10F16C00E605010003000000EC0D010003000000A7
:10F17C006C12010003000000840401000300000075
:10F18C008804010003000000450501000300000095
:10F19C00630A0100030000003016010003000000A8
:10F1AC0060040100030000005F0501000300000083
:10F1BC00B5120100030000005C0F01000300000009
:10F1CC00AD1301000300000059040100030000000E
:10F1DC00E50A01000300000009150100030000000E
:10F1EC007904010003000000CC13010003000000AF
:10F1FC0098F200001C010020340501000100000001
:10F210000F010000000000000002000000000000DC
:10F2200000A0105000820D500004055000000000A6
:10F230000338FDD870470000000000000000000007
:10F240000338FDD8704700003DAA00000000000010
:10F250000000000000000000000000001405010094
:10F260001C0501000000000000000000000000007C
:10F2700024050100280501002C05010030050100CE
:10F2800088F20000680A00204D1D0000800A00205E
:10F29000AB30002001000000C1AA00000000000007
:10F2A000F91C0000B5AA000000000000A9AA000097
:10F2B00000000000600000200000000006000100C7
:10F2C00002000000C8F2000000000000D60A0100A1
:10F2D00006000000E0CF170000000020DE0A010059
:10F2E00021000000E0FF0320213B0000D7AE00001A
:10F2F0009FAE000013AE000037AD000049AE000025
:10F3000003AE0000F93A0000A93A0000C7AD0000C2
:10F31000853A0000113A0000793B000089AD0000F9
:10F3200099AD000079AD00003DAD000015AF0000C3
:10F33000D4E70000B9FD000087B2000067B200000A
:10F340005FB2000057B200004FB20000B1B200003F
:10F3500021490000F1480000000000006D4A000053
:10F36000ED490000E0110100C5B30000C1B3000089
:10F37000E611010000A0105000820D50000405505D
:10F380007F00000000A010503C01002000000000A1
:10F3900000000000FFFF010000820D50B4010020BA
:10F3A0000000000001000000FF07000000040550FD
:10F3B00000000000000000000200000000A010504B
:10F3C00000820D500004055000000080FFFFFF7F09
:10F3D0000000008000000080FFFFFF7F0000008031
:10F3E0000000000000000000F716010000FF0A0006
:10F3F000B4E600000F00000000000080FFFFFF7F68
:10F400000000008000000080FFFFFF7F0000008000
:10F410000000000000000000F716010000FF0A00D5
:10F42000D4E600000300000000000080FFFFFF7F23
:10F430000000008000000080FFFFFF7F00000080D0
:10F440000000000000000000F716010000FF0A00A5
:10F45000D4E600000500010000000080FFFFFF7FF0
:10F460000000008000000080FFFFFF7F00000080A0
:10F470008813000000000000F716010000FF0A00DA
:10F4800094E6000001000000B4E700000000000066
:10F4900000000000000000000000000000127A00E0
:10F4A0000100000000700C5000000000000000008F
:10F4B000D0F4000000C201000000D60100000000EE
:10F4C0000000004000100000AE300020AD300020F1
:10F4D00000700C50DCF4000002000000F4F40000A6
:10F4E00002000000ECF4000002010000488000006F
:10F4F00047800001480000004706000100600C50F2
:10F50000000000000000000028F5000000C201001B
:10F510000000D601000000000000004000100000C4
:10F52000B0300020AF30002000600C5034F50000F7
:10F53000020000004CF500000200000044F500004D
:10F54000020100002980000028800001290000003D
:10F550002806000193BB000078F500004D5900001B
:10F56000ACF50000B9300020B130002000127A0064
:10F57000FFFFFF010100000000800C5084F5000037
:10F5800002000000A0F500000300000094F5000058
:10F590000301000025800004268000052780000666
:10F5A000250000042600000527000006B4E6000040
:10F5B0000400110000A0105000820D5000040550FE
:10F5C0000700000000000000000000000000000034
:10F5D00000A0105000820D500004055008000000EB
:10F5E00002000000040000000100000000A0105014
:10F5F00000820D5000040550E1150100EF150100D7
:10F6000003160100121601001E16010084E5000019
:10F6100094E50000E4E50000ECE500004CE60000A5
:10F6200054E6000013E400000001010000020200A3
:10F63000001400000028000000400000010000004D
:10F640000200000001000400100040000001000260
:10F65000000001000200040008001000200000006B
:10F660007D1D0100632C001E9601A01E5A01001F83
:10F670000806101F0606201F0806301F0806401F38
:10F680000606511F0700591F521F5B1F541F5D1FA5
:10F69000561F5F1F601F0806701F0E00BA1FBB1F9A
:10F6A000C81FC91FCA1FCB1FDA1FDB1FF81FF91F96
:10F6B000EA1FEB1FFA1FFB1F801F0806901F08069A
:10F6C000A01F0806B01F0400B81FB91FB21FBC1F3F
:10F6D000CC1F0100C31FD01F0206E01F0206E51F5A
:10F6E0000100EC1FF31F0100FC1F4E21010032211D
:10F6F00070211002842101008321D0241A05302CAE
:10F700002F04602C0201672C0601752C0201802C4D
:10F710006401002D260841FF1A03000061001A034E
:10F72000E0001703F8000703FF0001007801000163
:10F73000300132010601390110014A012E0179011F
:10F74000060180014D004302810182018201840192
:10F75000840186018701870189018A018B018B0160
:10F760008D018E018F01900191019101930194010E
:10F77000F60196019701980198013D029B019C01B9
:10F780009D0120029F01A001A001A201A201A401EC
:10F79000A401A601A701A701A901AA01AB01AC011F
:10F7A000AC01AE01AF01AF01B101B201B301B301D0
:10F7B000B501B501B701B801B801BA01BB01BC017F
:10F7C000BC01BE01F701C001C101C201C301C401F6
:10F7D000C501C401C701C801C701CA01CB01CA01E3
:10F7E000CD011001DD0101008E01DE011201F301E6
:10F7F0000300F101F401F401F801280122021201D1
:10F800003A020900652C3B023B023D02662C3F0296
:10F8100040024102410246020A01530240008101B6
:10F820008601550289018A0158028F015A0290010E
:10F830005C025D025E025F0293016102620294015A
:10F840006402650266026702970196016A02622CF1
:10F850006C026D026E029C01700271029D017302C6
:10F8600074029F0176027702780279027A027B02A3
:10F870007C02642C7E027F02A60181028202A90121
:10F880008402850286028702AE014402B101B20100
:10F8900045028D028E028F0290029102B7017B0316
:10F8A0000300FD03FE03FF03AC030400860388038B
:10F8B00089038A03B1031103C2030200A303A30354
:10F8C000C4030803CC0303008C038E038F03D80307
:10F8D0001801F2030A00F903F303F403F503F60336
:10F8E000F703F703F903FA03FA0330042003500483
:10F8F0001007600422018A043601C1040E01CF04FE
:10F900000100C004D0044401610526040000C700C2
:10F91000FC00E900E200E400E000E500E700EA00A6
:10F92000EB00E800EF00EE00EC00C400C500C900E9
:10F93000E600C600F400F600F200FB00F900FF004C
:10F94000D600DC00A200A300A500A7209201E100E0
:10F95000ED00F300FA00F100D100AA00BA00BF00E8
:10F960001023AC00BD00BC00A100AB00BB00912582
:10F9700092259325022524256125622556255525A6
:10F980006325512557255D255C255B25102514250C
:10F9900034252C251C2500253C255E255F255A2570
:10F9A000542569256625602550256C256725682521
:10F9B0006425652559255825522553256B256A252B
:10F9C00018250C25882584258C2590258025B103B4
:10F9D000DF009303C003A303C303B500C403A6035E
:10F9E0009803A903B4031E22C603B503292261228A
:10F9F000B1006522642220232123F7004822B000B1
:10FA00001922B7001A227F20B200A025A0002F5390
:10FA1000443A00202020202020204572726F72205E
:10FA20006F70656E696E6720646972202573205B54
:10FA300025645D0A00202020202020204C6973745A
:10FA4000696E67202573203A0A002020202020209C
:10FA50002020205B444952205D2025730A0020208D
:10FA6000202020202020205B46494C455D20257326
:10FA70002028257A75206279746573290A000A2D79
:10FA80002D2D20426F6F742066696C653A20637279
:10FA90006561746520746573747B4E7D2E74787413
:10FAA00020636F6E7461696E696E67202248656CB1
:10FAB0006C6F22202D2D2D0A002F53443A2F746590
:10FAC000737425642E7478740020205B4641494C81
:10FAD0005D206372656174652025730048656C6CF8
:10FAE0006F0020205B204F4B205D2077726F746584
:10FAF000202248656C6C6F2220746F2025732028AB
:10FB00002564206279746573290020205B46414991
:10FB10004C5D2077726F7465202248656C6C6F2293
:10FB200020746F2025732028256420627974657302
:10FB300029000A2D2D2D20352E2044656C65746515
:10FB400020736372617463682066696C6573202B2F
:10FB500020756E6D6F756E742F72656D6F756E7436
:10FB6000202D2D2D0A002F53443A2F736474657392
:10FB7000742E7478740020205B204F4B205D20642D
:10FB8000656C6574652025730020205B4641494CF7
:10FB90005D2064656C657465202573002F53443ABD
:10FBA0002F73646269672E62696E0020205B204FAC
:10FBB0004B205D202573206E6F206C6F6E67657221
:10FBC0002070726573656E740020205B4641494C5D
:10FBD0005D202573206E6F206C6F6E6765722070DC
:10FBE000726573656E740020205B204F4B205D2092
:10FBF000756E6D6F756E740020205B4641494C5DDB
:10FC000020756E6D6F756E740020205B204F4B2049
:10FC10005D2072656D6F756E740020205B464149F2
:10FC20004C5D2072656D6F756E7400205849414FB0
:10FC3000206E524635344C313520202D2D20205356
:10FC4000442063617264206F76657220484152449B
:10FC5000574152452053504920285350494D323284
:10FC6000290A002050696E733A2053434B3D5031AE
:10FC70002E303528443129204D4F53493D50312EE7
:10FC8000303628443229204D49534F3D50312E30D3
:10FC900037284433292043533D50312E30342844F3
:10FCA00030290A0020436F6E736F6C652073746196
:10FCB0007973206F6E20554152543230202D3E20F2
:10FCC000555342202F20434F4D20286E6F20636FE5
:10FCD0006E666C696374290A000A5344206361727A
:10FCE00064206973206E6F7420616E73776572692A
:10FCF0006E6720286E6F207265706C7920746F209B
:10FD0000434D4430292E0A00436865636B20636FBE
:10FD10006E6E656374696F6E733A2053434B3D504A
:10FD2000312E30352F44312C204D4F53493D503129
:10FD30002E30362F44322C204D49534F3D50312E1A
:10FD400030372F44332C2043533D50312E30342F45
:10FD500044302C20706C75732033563320616E64F0
:10FD600020474E442E0A0052652D73656174202F82
:10FD700020706F7765722D6379636C652074686598
:10FD800020636172642E205265747279696E6720F7
:10FD90006576657279203220732E2E2E0A005B77ED
:10FDA000616974202564735D206E6F2063617264E5
:10FDB000207965742E2E2E0A005344000A534420E5
:10FDC00063617264207374617274656420616E7320
:10FDD000776572696E67206166746572207E25643E
:10FDE00020732E0A000A2D2D2D20312E20526177EE
:10FDF000206469736B20616363657373202863619A
:10FE00007264206964656E7469667929202D2D2DD0
:10FE10000A0020205B204F4B205D2053442063616B
:10FE2000726420696E69742028343030206B487AFF
:10FE30002068616E647368616B65206F76657220FF
:10FE4000535049290020205B4641494C5D20726592
:10FE5000616420736563746F7220636F756E7400E4
:10FE600020205B204F4B205D20736563746F7220F0
:10FE7000636F756E74203D2025750020205B464120
:10FE8000494C5D20736563746F7220636F756E7487
:10FE9000203D2025750020205B4641494C5D2072A5
:10FEA00065616420736563746F722073697A65009D
:10FEB00020205B204F4B205D20736563746F7220A0
:10FEC00073697A65203D2025752062797465730019
:10FED00020205B4641494C5D20736563746F72203E
:10FEE00073697A65203D20257520627974657300F9
:10FEF000202020202020203D3E204361726420638A
:10FF0000617061636974793A202575204D4220281B
:10FF10002575204D6942290A000A2D2D2D20322EEB
:10FF2000204D6F756E74204641542066696C657370
:10FF3000797374656D202D2D2D0A0020205B204FD4
:10FF40004B205D2066735F6D6F756E742825732975
:10FF5000202D3E2025640020205B4641494C5D2039
:10FF600066735F6D6F756E7428257329202D3E2092
:10FF70002564000A2A2A2A20436F756C64206E6F5C
:10FF800074206D6F756E7420464154202D2D2069AC
:10FF90007320746865206361726420464154333273
:10FFA0003F202A2A2A0A0020202020202020566FC5
:10FFB0006C756D6520746F74616C203A2025752016
:10FFC0004D420A0020202020202020566F6C756DA5
:10FFD00065206672656520203A202575204D420A0D
:10FFE0000020205B204F4B205D2073746174766687
:10FFF00073207265706F727473206E6F6E2D7A65E8
:020000021000EC
:10000000726F20766F6C756D652073697A6500205C
:10001000205B4641494C5D207374617476667320A1
:100020007265706F727473206E6F6E2D7A65726F69
:1000300020766F6C756D652073697A650020205B92
:100040004641494C5D2066735F73746174766673D4
:10005000202D3E202564000A2D2D2D20332E2053E7
:100060006D616C6C2066696C6520777269746520BF
:100070002F20726561642D6261636B202F2076658D
:1000800072696679202D2D2D0A0020205B204F4BB0
:10009000205D206F70656E20257320666F7220775B
:1000A000726974650020205B4641494C5D206F7089
:1000B000656E20257320666F722077726974650003
:1000C00020205B204F4B205D2077726F74652025C8
:1000D000642062797465730020205B4641494C5D61
:1000E0002077726F746520256420627974657300CF
:1000F00020205B204F4B205D2072656F70656E2065
:10010000257320666F7220726561640020205B4653
:1001100041494C5D2072656F70656E2025732066C5
:100120006F7220726561640020205B204F4B205D60
:100130002072656164206261636B202564206279AE
:100140007465730020205B4641494C5D20726561F7
:1001500064206261636B202564206279746573009A
:1001600020205B204F4B205D20636F6E74656E74A2
:10017000206D61746368657320627974652D666FA4
:10018000722D627974650020205B4641494C5D20E8
:10019000636F6E74656E74206D617463686573203F
:1001A000627974652D666F722D62797465000A2D0F
:1001B0002D2D20342E204C617267652066696C6598
:1001C00020282564204B694229207468726F756766
:1001D00068707574202B20696E7465677269747914
:1001E000202D2D2D0A0020205B4641494C5D2077B3
:1001F00072697465206368756E6B206174206F6628
:100200006673657420257A750020205B204F4B2093
:100210005D2077726F746520257A75206279746528
:100220007320696E20256C6C64206D73203D3E2028
:100230002575204B69422F730020205B4641494CB5
:100240005D2077726F746520257A752062797465F8
:100250007320696E20256C6C64206D73203D3E20F8
:100260002575204B69422F730020205B4641494C85
:100270005D2072656164206368756E6B2061742017
:100280006F666673657420257A750020205B204FA9
:100290004B205D207265616420257A752062797437
:1002A000657320696E20256C6C64206D73203D3E63
:1002B000202575204B69422F730020205B46414961
:1002C0004C5D207265616420257A752062797465C1
:1002D0007320696E20256C6C64206D73203D3E2078
:1002E0002575204B69422F730020205B204F4B2047
:1002F0005D202564204B69422076657269666965D8
:10030000642077697468206E6F2064617461206373
:100310006F7272757074696F6E0020205B46414980
:100320004C5D202564204B694220766572696669C0
:1003300065642077697468206E6F20646174612041
:10034000636F7272757074696F6E000A3D3D3D3D5A
:100350003D3D3D3D3D3D3D3D3D3D3D3D3D3D3D3DCD
:100360003D3D3D3D3D3D3D3D3D3D3D3D3D3D3D3DBD
:100370003D3D3D3D3D3D3D3D3D3D3D3D3D3D3D3DAD
:100380003D3D3D3D0A0020524553554C543A2025F1
:100390006420636865636B73207061737365642C9C
:1003A000202564206661696C65640A00203E3E3E3B
:1003B0003E3E3E3E3E3E3E2020205344204341529E
:1003C0004420544553543A2050415353454420202F
:1003D000203C3C3C3C3C3C3C3C3C3C0A00203E3EFF
:1003E0003E3E3E3E3E3E3E3E202020534420434182
:1003F000524420544553543A204641494C454420E8
:1004000020203C3C3C3C3C3C3C3C3C3C0A005B737C
:1004100074617475735D205344204F4B202D2074FC
:1004200068697320626F6F742077726F7465202221
:1004300048656C6C6F2220746F2025730A005B7313
:1004400074617475735D205344206E6F74206176FF
:1004500061696C61626C650A007364746573740031
:100460006F735F686561700063627072696E746655
:100470005F7061636B616765007379735F67657453
:100480006F7074006C6F67006C6F675F6D676D7481
:10049000004D6573736167652064726F7070656489
:1004A0002062656361757365206974206578636592
:1004B0006564732073697A65206C696D6974617411
:1004C000696F6E2028257529000D0A001B5B306DB1
:1004D00000257320005B2530386C755D20005B259E
:1004E0003032753A253032753A253032752E253046
:1004F00033752C253033755D20003C25733E20007C
:1005000025732F0025733A20002530327820007C97
:10051000002563001B5B313B33316D001B5B313BBE
:1005200033336D006572720077726E00696E66001B
:10053000646267006C6F675F6261636B656E645FC6
:1005400075617274006C6F675F75617274006163CE
:10055000746976650073757370656E6465640070A8
:100560006D5F646576696365004469736B207265CD
:10057000666572656E636520636F756E7420617465
:10058000206D61782076616C7565004469736B201D
:10059000697320616C7265616479206465696E6954
:1005A0007469616C697A656400696E76616C69640E
:1005B000206469736B20696E74657266616365217E
:1005C00021006469736B20696E746572666163658E
:1005D00020616C7265616479207265676973746506
:1005E0007265642121006469736B002A2A2A204203
:1005F0006F6F74696E67206E524620436F6E6E6532
:1006000063742053444B2076332E342E302D3939E9
:1006100035353330353536303762202A2A2A0A00FC
:100620002A2A2A205573696E67205A657068797284
:10063000204F532076342E342E302D6266383031E0
:1006400065346533643139202A2A2A0A0072302F32
:1006500061313A2020307825303878202072312FCF
:1006600061323A2020307825303878202072322FBD
:1006700061333A20203078253038780072332F618A
:10068000343A2020307825303878207231322F6982
:10069000703A2020307825303878207231342F6C31
:1006A000723A2020307825303878002078707372C4
:1006B0003A2020307825303878004661756C7469AE
:1006C0006E6720696E737472756374696F6E2061F2
:1006D00064647265737320287231352F7063293A10
:1006E0002030782530387800556E68616E646C650E
:1006F00064204952516E3A202564002A2A2A2A2A67
:10070000205553414745204641554C54202A2A2A1A
:100710002A2A0020204469766973696F6E20627905
:10072000207A65726F002020556E616C69676E6576
:1007300064206D656D6F727920616363657373000A
:100740002020537461636B206F766572666C6F77DF
:100750002028636F6E746578742061726561206E05
:100760006F742076616C6964290020204E6F2063CD
:100770006F70726F636573736F7220696E737472DA
:10078000756374696F6E73002020496C6C656761D6
:100790006C206C6F6164206F66204558435F524542
:1007A0005455524E20696E746F20504300202049EA
:1007B0006C6C6567616C20757365206F662074686A
:1007C000652045505352002020417474656D70744B
:1007D00020746F206578656375746520756E646537
:1007E00066696E656420696E737472756374696F8F
:1007F0006E002A2A2A2A2A20425553204641554C67
:1008000054202A2A2A2A2A002020537461636B6903
:100810006E67206572726F72002020556E7374616E
:10082000636B696E67206572726F72002020507270
:100830006563697365206461746120627573206506
:1008400072726F72002020424641522041646472ED
:100850006573733A2030782578002020496D7072D6
:1008600065636973652064617461206275732065D6
:1008700072726F72002020496E73747275637469AE
:100880006F6E20627573206572726F720020204651
:100890006C6F6174696E672D706F696E74206C6126
:1008A0007A792073746174652070726573657276ED
:1008B0006174696F6E206572726F72002A2A2A2A2B
:1008C0002A204D5055204641554C54202A2A2A2A88
:1008D0002A002020537461636B696E672065727211
:1008E0006F722028636F6E74657874206172656121
:1008F000206D69676874206265206E6F7420766170
:100900006C6964290020204461746120416363653F
:1009100073732056696F6C6174696F6E0020204D8F
:100920004D46415220416464726573733A203078B9
:100930002578002020496E737472756374696F6E38
:10094000204163636573732056696F6C6174696FCE
:100950006E005265736572766564204578636570D4
:1009600074696F6E20280053707572696F757320FB
:10097000696E746572727570742028495251200036
:10098000535053454C20696E207468726561642031
:100990006D6F646520646F6573206E6F7420696E7F
:1009A00064696361746520505350002A2A2A2A2AF8
:1009B0002048415244204641554C54202A2A2A2A94
:1009C0002A002020427573206661756C74206F6E5A
:1009D00020766563746F72207461626C6520726545
:1009E00061640020204465627567206576656E74D9
:1009F0000020204661756C7420657363616C6174BE
:100A0000696F6E20287365652062656C6F772900B9
:100A1000415243485F4558434550542077697468B4
:100A200020726561736F6E2025780A002A2A2A2AAF
:100A30002A204465627567206D6F6E69746F72203D
:100A4000657863657074696F6E202A2A2A2A2A00E5
:100A50002A2A2A2A2A20257320256429202A2A2A9C
:100A60002A2A006D7075004661696C656420746F98
:100A700020616C6C6F63617465206E6577204D50EA
:100A80005520726567696F6E2025750A0050617286
:100A9000746974696F6E2025753A20636F6865729A
:100AA000656E636520636865636B206661696C656C
:100AB000642E00496E76616C696420756E6465729F
:100AC0006C79696E6720726567696F6E20696E6404
:100AD000657820257500464C4153485F30005352DD
:100AE000414D5F3000736F6300696E76616C6964BD
:100AF0002066696C65206E616D652121006D6F75E2
:100B00006E7420706F696E74206E6F7420666F75DE
:100B10006E6421210066696C652073686F756C6472
:100B2000206265206F70656E656420666F72207745
:100B30007269746520746F207472756E6361746578
:100B400021210066696C65207472756E6361746939
:100B50006F6E206E6F7420737570706F7274656441
:100B600021210066696C65206F70656E2065727268
:100B70006F7220282564290066696C65207472757F
:100B80006E636174696F6E206661696C65642028AC
:100B90002564290066696C6520636C6F7365206548
:100BA00072726F7220282564290066696C65207254
:100BB000656164206572726F722028256429006661
:100BC000696C65207772697465206572726F722036
:100BD000282564290066696C652073796E63206539
:100BE00072726F72202825642900696E76616C69C3
:100BF00064206469726563746F7279206E616D65DB
:100C00002121006469726563746F7279206F706569
:100C10006E206572726F722028256429002E2E00C6
:100C20006469726563746F727920726561642065AE
:100C300072726F722028256429006469726563747A
:100C40006F727920636C6F7365206572726F7220AA
:100C500028256429006661696C656420746F2075BD
:100C60006E6C696E6B2070617468202825642900A1
:100C7000696E76616C69642066696C65206F7220AC
:100C8000646972206E616D652121006661696C6521
:100C900064206765742066696C65206F72206469E2
:100CA0007220737461742028256429006D6F756E3D
:100CB0007420706F696E74206E6F7420696E697431
:100CC00069616C697A656421210066696C652073CD
:100CD000797374656D20616C7265616479206D6FE4
:100CE000756E746564212100696E76616C6964209B
:100CF0006D6F756E7420706F696E742121006D6F59
:100D0000756E7420706F696E7420616C72656164B9
:100D10007920657869737473212100726571756536
:100D2000737465642066696C652073797374656D8E
:100D30002074797065206E6F7420726567697374B2
:100D400065726564212100667320747970652025C1
:100D50006420646F6573206E6F7420737570706F9C
:100D60007274206D6F756E74696E67006D6F756E4D
:100D7000742070617468202573206973206E6F740D
:100D800020756E6D6F756E7461626C6500667320A0
:100D90006D6F756E74206572726F722028256429DC
:100DA000006673206E6F74206D6F756E74656420BD
:100DB000286D70203D3D2025702900667320756EDA
:100DC0006D6F756E74206E6F7420737570706F72B6
:100DD000746564212100667320756E6D6F756E7485
:100DE000206572726F722028256429006673005591
:100DF0006E6D6F756E74206661696C656420282560
:100E0000642900436F756C64206E6F7420706F7777
:100E10006572206F6666206469736B2028256429DB
:100E20000043617264206572726F72206F6E20439E
:100E30004D4430004361726420646F6573206E6FAF
:100E40007420737570706F727420434D44382C2079
:100E5000617373756D696E67206C65676163792076
:100E6000636172640043617264206572726F722004
:100E70006F6E20434D44380064697361626C650095
:100E8000436F756C64206E6F7420257320636172EC
:100E90006420706F776572207669612053444843FF
:100EA00000656E61626C6500436F756C64206E6FE7
:100EB000742073746172742062757320636C6F6345
:100EC0006B00534420686F737420636F6E74726F8D
:100ED0006C6C65722072657475726E656420696EE3
:100EE00076616C69642070726F7065727469657385
:100EF0000054696D656F7574207768696C6520743E
:100F00007279696E6720746F2061637175697265AB
:100F10002063617264206D75746578004661696C48
:100F2000656420746F207265736574205344484370
:100F300020492F4F004661696C656420746F2069F9
:100F40006E69742053442063617264206166746525
:100F50007220492F4F2072657365740073640053CB
:100F6000442061707020636F6D6D616E64206661F6
:100F7000696C6564207769746820523120726573EA
:100F8000706F6E7365206F6620307825580053446B
:100F9000494F20646F6573206E6F74207375707095
:100FA0006F7274204D4D4320636F6D6D616E64737D
:100FB00000436F756C64206E6F74206765742053F6
:100FC000442063617264206D7574657800466169C0
:100FD0006C656420746F20726561642066726F6D49
:100FE0002053444D4D4320256400436172642064C6
:100FF0006964206E6F742072657475726E20746FF0
:101000002072656164792073746174650043617254
:10101000642072656164206661696C6564004F6E6E
:101020006C7920256420626C6F636B73206F66207F
:1010300025642077657265207772697474656E0027
:101040005772697465206661696C656400457261F8
:101050007365206661696C65640043617264206237
:10106000757379207768656E20706F776572696E29
:1010700067206F6666004661696C656420746F2046
:1010800071756572792063617264204F4352004D1F
:101090006178696D756D20534420636C6F636B20BC
:1010A000697320756E6465722032354D487A2C2044
:1010B0007573696E6720636C6F636B206F662025A4
:1010C00064487A004661696C656420746F207261BF
:1010D00069736520627573206672657175656E63EC
:1010E0007920746F2032354D487A00436F756C64F7
:1010F000206E6F742073657420534420626C6F639C
:101100006B6C656E20746F20353132004361726400
:1011100020646964206E6F7420616363657074205D
:101120006E6577207370656564004661696C6564FF
:1011300020746F206368616E676520686F73742028
:10114000627573207370656564004661696C6564DF
:1011500020746F2073776974636820636172642000
:10116000746F204853206D6F6465004661696C653B
:101170006420746F206368616E67652063617264C8
:101180002062757320776964746820746F2034203E
:1011900062697473004853206361726420696E69E8
:1011A00074206661696C65640043617264206E65D9
:1011B000766572206C65667420627573792073742D
:1011C000617465006D6D630063616368655F6E7275
:1011D000667800636C6F636B40313065303030008F
:1011E0006866636C6B006C66636C6B00636C6F634A
:1011F0006B5F636F6E74726F6C006770696F403104
:101200003061303030006770696F406438323030A0
:10121000006770696F403530343030004750494FB7
:1012200020706F7274202573206E6F742072656158
:101230006479006661696C656420746F20636F6E09
:10124000666967757265204750494F20686F67204F
:10125000666F7220706F72742025732070696E2023
:101260002575202865727220256429006770696FD2
:101270005F686F6773004750494F20706F72743A10
:10128000202573206E6F7420726561647900766228
:1012900061742D70777200726673772D70777200AB
:1012A000726673772D63746C0070646D2D696D7553
:1012B0002D70777200726567756C61746F725F660E
:1012C0006978656400726567756C61746F7240312E
:1012D000323030303000436F756C64206E6F742094
:1012E000636F6E66696775726520706F77657220CF
:1012F0006770696F20282564290043617264206447
:101300006574656374204750494F2064657669634E
:1013100065206E6F7420726561647900436F756C2F
:1013200064206E6F7420636F6E66696775726520E6
:10133000636172642D6465746563742070696E3BCB
:1013400020282564290044617461207772697465DE
:10135000206661696C656400426164206461746147
:10136000204352430042616420746F6B656E0050ED
:101370006F776572656420757000436172642053F5
:10138000434C4B20696E69742073657175656E639B
:1013900065206661696C656400506F77657265648D
:1013A00020646F776E007364686340300073646814
:1013B000635F7370690075617274406337303030F9
:1013C000007561727440633630303000756172743C
:1013D0005F6E7266785F75617274650054696D65E1
:1013E0006F75742077616974696E6720666F72200B
:1013F0007472616E7366657220636F6D706C657474
:101400006500557064617465206578636565647313
:101410002063757272656E7420627566666572000F
:101420007370694063383030300048616C662D64F9
:1014300075706C6578206E6F7420737570706F7244
:1014400074656400536C617665206D6F6465206916
:1014500073206E6F7420737570706F727465642082
:101460006F6E202573004C6F6F706261636B206D2F
:101470006F6465206973206E6F7420737570706F70
:101480007274656400576F72642073697A657320A3
:101490006F74686572207468616E203820626974A8
:1014A0007320617265206E6F7420737570706F7237
:1014B000746564004672657175656E636965732055
:1014C0006C6F776572207468616E20313235206BE5
:1014D000487A20617265206E6F7420737570706F2A
:1014E00072746564004661696C656420746F206382
:1014F0006F6E666967757265206E726678206472B9
:10150000697665723A202564007370695F6E726651
:10151000785F7370696D002A3A3C3E7C223F7F0001
:101520002B2C3B3D5B5D00EBFE904D53444F533500
:101530002E30004E4F204E414D4520202020464168
:10154000543332202020004E4F204E414D45202064
:10155000202046415420202020200048616C7469DE
:101560006E672073797374656D00556E6B6E6F775F
:101570006E206572726F7200756E6B6E6F776E00A3
:101580003E3E3E205A455048595220464154414C17
:10159000204552524F522025643A202573206F6E09
:1015A00020435055202564004661756C7420647595
:1015B00072696E6720696E746572727570742068E6
:1015C000616E646C696E670A0043757272656E7451
:1015D000207468726561643A20257020282573297B
:1015E0000043505520657863657074696F6E0055CF
:1015F0006E68616E646C656420696E746572727584
:10160000707400537461636B206F766572666C6FE3
:1016100077004B65726E656C206F6F7073004B6561
:10162000726E656C2070616E6963006D61696E0039
:101630006F730063726163656E00286E756C6C2950
:10164000002A666C6F61742A005849414F206E521F
:101650004635344C31352053442063617264207325
:10166000656C662D746573740D0A53434B3D50329F
:101670002E3031204D4F53493D50322E3032204DC7
:1016800049534F3D50322E30342043533D50312E7C
:1016900030340D0A54686520717569636B2062727D
:1016A0006F776E20666F78206A756D7073206F7625
:1016B000657220746865206C617A7920646F672098
:1016C000303132333435363738390D0A00000101F4
:1016D000030100030100FBFFFBEA00FBFBFBFEFE36
:1016E000FEF3EFF7E2EDEDEDFBFBFBF4E8EA0001C2
:1016F0000405020608090F809A45418E418F8045F6
:1017000045454949498E8F9092924F994F55555969
:10171000999A9B9C9D9E9F41494F55A5A5A6A7A818
:10172000A9AAABACADAEAFB0B1B2B3B4B5B6B7B8B1
:10173000B9BABBBCBDBEBFC0C1C2C3C4C5C6C7C8A1
:10174000C9CACBCCCDCECFD0D1D2D3D4D5D6D7D891
:10175000D9DADBDCDDDEDFE0E1E2E3E4E5E6E7E881
:10176000E9EAEBECEDEEEFF0F1F2F3F4F5F6F7F871
:10177000F9FAFBFCFDFEFF01030507090E10121428
:1017800016181C1E00071823232323232323232397
:081790002323232300010200C2
:1017980000000000670000000000000000000000DA
:1017A8000000000000000000000000000000000031
:1017B8000000000000000000000000000000000021
:1017C8000000000000000000000000000000000011
:1017D8000000000000000000000000000000000001
:1017E80000000000000000000000000000000000F1
:1017F80000000000000000000000000000000000E1
:1018080000000000000000000000000000000000D0
:1018180000000000000000000000000000000000C0
:101828000000000000000000000000000EFA0000A8
:101838002008002000000000000000000000000058
:101848000000000085A700003BA9000080F200000E
:1018580000000000240100202401002000000000F6
:101868000FAD0000000000000000000000C0105094
:101878000000000000000000000000000000000060
:101888000000000000000000000000000000000050
:101898000000000000000000000000000000000040
:1018A8000000000000000000000000000000000030
:1018B8000000000000000000000000000000000020
:1018C8000000000000000000000000000000000010
:1018D8000000000000000000000000000000000000
:1018E8000001000000A00D500000000000000000F2
:1018F80000000000000000000000000000000000E0
:1019080000000000000000000000000000000000CF
:1019180000000000000000000000000000000000BF
:1019280000000000000000000000000000000000AF
:10193800000000000000000000000000000000009F
:10194800000000000000000000000000000000008F
:101958000000000000000000000000002C02002031
:101968002C020020000000000000000065B4000008
:1019780000000000000000000000000065B4000046
:1019880000000000000000000000000065B4000036
:1019980000000000000000000000000000127A00B3
:1019A80000310000B4E6000004001100000000004F
:1019B800010000000000000000000000000000001E
:1019C800000000000000000000000000000000000F
:1019D80000000000000000000000000000000000FF
:1019E80000000000000000000000000000000000EF
:1019F80000000000F3BA0000000000000000000032
:101A080000000000F3BA0000000000000001000020
:101A18000000000075BE00000000000000800C50AF
:101A280000000000000000000000000000000000AE
:101A3800000000000000000000000000000000009E
:101A4800000000000000000000000000000000008E
:101A5800000000000000000000000000000000007E
:101A6800000000000000000000000000000000006E
:101A7800000000000000000000000000000000005E
:101A88000000000000000000580300205803002058
:101A98000000000001000000680300206803002027
:101AA800000000000100000000000000000000002D
:101AB800000000000000000000000000000000001E
:101AC800000000000000000000000000000000000E
:101AD80000000000000000000000000000000000FE
:101AE800CD5D000000000000FF0000000090D00362
:101AF800FF0000000F00000071020000CC0300206E
:101B0800CC030020D4030020D403002000000000F0
:101B1800000000000E00000000000000EC030020A0
:101B2800EC03002000000000000000000E00000090
:101B38000000000067742000880400209C04002036
:0C1B4800E4040020D8040020B0040020B9
:101B54000000000000000000000000000000000081
:0C1B640000000000000000000000000075
:041B70000000000071
:101B74003C0400203C040020B416012000000000B6
:101B840004000000300000000000000058040020A1
:101B94005804002014160120000000000400000076
:081BA400280000000000000011
:101BAC0000000000C8D500204C40000000000000E0
:041BBC000000000025
:101BC00088040020880400200000000000000000BD
:101BD0000E0000009C0400209C0400200000000077
:101BE000000000000E000000B0040020B00400203F
:101BF00000000000000000000E000000C4040020EF
:101C0000C404002000000000000000000E000000DE
:101C1000D8040020D804002000000000E4040020C4
:081C2000E404002000000000B4
:041C280015E015E0CE
:04000003000026E9EA
:00000001FF
